Patient,Class,Cell_type,Cell_subtype,dataset,ELAVL4__mean,GBP2__mean,GBP5__mean,CHI3L1__mean,NID1__mean,CD8A__mean,CD8B__mean,FAP__mean,COL3A1__mean,FN1__mean,FBLN2__mean,GAP43__mean,CP__mean,UCHL1__mean,CXCL1__mean,CXCL2__mean,CXCL9__mean,CXCL10__mean,SPP1__mean,SLC1A3__mean,IER3__mean,VNN1__mean,SOD2__mean,IL6__mean,STEAP4__mean,TIMP1__mean,PLP1__mean,IL13RA2__mean,CEBPD__mean,LCN2__mean,IFITM1__mean,SAA2__mean,SAA1__mean,FTH1__mean,CXCL12__mean,PRF1__mean,CD163__mean,IFNG__mean,GZMB__mean,LGALS3__mean,ARG2__mean,MT2A__mean,NDRG4__mean,HP__mean,TUBB3__mean,CD68__mean,NOS2__mean,CCL2__mean,CCL7__mean,CCL11__mean,CSF3__mean,COL1A1__mean,SLPI__mean,ELAVL3__mean,APOE__mean,SOX10__mean,S100B__mean,ELAVL4__pct_detected,GBP2__pct_detected,GBP5__pct_detected,CHI3L1__pct_detected,NID1__pct_detected,CD8A__pct_detected,CD8B__pct_detected,FAP__pct_detected,COL3A1__pct_detected,FN1__pct_detected,FBLN2__pct_detected,GAP43__pct_detected,CP__pct_detected,UCHL1__pct_detected,CXCL1__pct_detected,CXCL2__pct_detected,CXCL9__pct_detected,CXCL10__pct_detected,SPP1__pct_detected,SLC1A3__pct_detected,IER3__pct_detected,VNN1__pct_detected,SOD2__pct_detected,IL6__pct_detected,STEAP4__pct_detected,TIMP1__pct_detected,PLP1__pct_detected,IL13RA2__pct_detected,CEBPD__pct_detected,LCN2__pct_detected,IFITM1__pct_detected,SAA2__pct_detected,SAA1__pct_detected,FTH1__pct_detected,CXCL12__pct_detected,PRF1__pct_detected,CD163__pct_detected,IFNG__pct_detected,GZMB__pct_detected,LGALS3__pct_detected,ARG2__pct_detected,MT2A__pct_detected,NDRG4__pct_detected,HP__pct_detected,TUBB3__pct_detected,CD68__pct_detected,NOS2__pct_detected,CCL2__pct_detected,CCL7__pct_detected,CCL11__pct_detected,CSF3__pct_detected,COL1A1__pct_detected,SLPI__pct_detected,ELAVL3__pct_detected,APOE__pct_detected,SOX10__pct_detected,S100B__pct_detected,n_cells
KUL01,Border,B cells,CD19+CD20+ B,GSE144735,0.0,0.0,0.0,0.0,0.0,0.0,0.0,0.0,0.0,0.0,0.0,0.0,0.0,0.0,0.0,0.0,0.0,0.0,0.0,0.0,0.0,0.0,0.0,0.0,0.0,0.862691823125545,0.0,0.0,0.0,0.0,0.0,0.0,0.0,2.9890808623558867,0.0,0.0,0.0,0.0,0.0,0.0,0.0,1.1044456041598627,0.0,0.0,0.0,0.0,0.0,0.0,0.0,0.0,0.0,0.0,0.5063738869310825,0.0,0.59807171722878,0.0,0.0,0.0,0.0,0.0,0.0,0.0,0.0,0.0,0.0,0.0,0.0,0.0,0.0,0.0,0.0,0.0,0.0,0.0,0.0,0.0,0.0,0.0,0.0,0.0,0.0,0.0,0.5,0.0,0.0,0.0,0.0,0.0,0.0,0.0,1.0,0.0,0.0,0.0,0.0,0.0,0.0,0.0,1.0,0.0,0.0,0.0,0.0,0.0,0.0,0.0,0.0,0.0,0.0,0.5,0.0,0.5,0.0,0.0,2
KUL01,Border,B cells,IgG+ Plasma,GSE144735,0.0,0.0,0.0,0.0,0.0,0.0,0.0,0.0,0.0,0.0,0.0,0.0,0.0,0.0,0.0,0.0,0.0,0.0,0.8281665172862833,0.0,0.0,0.0,0.30278408500964243,0.0,0.0,1.2707205054280761,0.0,0.0,0.0,0.0,0.0,0.0,0.0,2.281903227753916,0.0,0.0,0.30278408500964243,0.0,0.30278408500964243,1.2707205054280761,0.0,1.4170950143632066,0.0,0.0,0.0,0.0,0.0,0.0,0.0,0.0,0.0,0.640926265404759,0.0,0.0,0.3381421803951166,0.0,0.0,0.0,0.0,0.0,0.0,0.0,0.0,0.0,0.0,0.0,0.0,0.0,0.0,0.0,0.0,0.0,0.0,0.0,0.0,1.0,0.0,0.0,0.0,0.5,0.0,0.0,1.0,0.0,0.0,0.0,0.0,0.0,0.0,0.0,1.0,0.0,0.0,0.5,0.0,0.5,1.0,0.0,1.0,0.0,0.0,0.0,0.0,0.0,0.0,0.0,0.0,0.0,1.0,0.0,0.0,0.5,0.0,0.0,2
KUL01,Border,B cells,Unknown,GSE144735,0.0,0.0,0.0,0.0,0.0,0.0,0.0,0.0,0.0,0.14784186173366134,0.0,0.0,0.0,0.0,0.15561800481241908,0.0,0.0,0.0,0.0,0.0,0.0,0.0,0.0,0.0,0.0,0.0,0.0,0.0,0.0,0.3034598665460804,0.0,0.0,0.0,3.873698983832074,0.0,0.0,0.0,0.0,3.793646549847857,0.9856360793051357,0.0,0.44369017878137135,0.0,0.0,0.0,1.117082221275007,0.0,0.0,0.0,0.0,0.0,0.0,0.0,0.0,0.31104884752571904,0.0,0.0,0.0,0.0,0.0,0.0,0.0,0.0,0.0,0.0,0.0,0.16666666666666666,0.0,0.0,0.0,0.0,0.16666666666666666,0.0,0.0,0.0,0.0,0.0,0.0,0.0,0.0,0.0,0.0,0.0,0.0,0.0,0.0,0.3333333333333333,0.0,0.0,0.0,1.0,0.0,0.0,0.0,0.0,1.0,0.8333333333333334,0.0,0.3333333333333333,0.0,0.0,0.0,0.8333333333333334,0.0,0.0,0.0,0.0,0.0,0.0,0.0,0.0,0.3333333333333333,0.0,0.0,6
KUL01,Border,B cells,Unspecified Plasma,GSE144735,0.0,0.0,0.0,0.0,0.0,0.0,0.0,0.0,0.0,0.0,0.0,0.0,0.0,0.0,0.0,0.0,0.0,0.0,0.0,0.0,0.0,0.0,0.0,0.0,0.0,0.0,0.0,0.0,0.0,0.0,0.0,0.0,0.0,3.155804391824426,0.0,0.0,0.0,0.0,0.0,0.0,0.0,0.0,0.0,0.0,0.0,0.0,0.0,0.0,0.0,0.0,0.0,0.0,0.0,0.0,0.0,0.0,0.0,0.0,0.0,0.0,0.0,0.0,0.0,0.0,0.0,0.0,0.0,0.0,0.0,0.0,0.0,0.0,0.0,0.0,0.0,0.0,0.0,0.0,0.0,0.0,0.0,0.0,0.0,0.0,0.0,0.0,0.0,0.0,0.0,0.0,1.0,0.0,0.0,0.0,0.0,0.0,0.0,0.0,0.0,0.0,0.0,0.0,0.0,0.0,0.0,0.0,0.0,0.0,0.0,0.0,0.0,0.0,0.0,0.0,1
KUL01,Border,Epithelial cells,Epithelial cells,GSE144735,0.0,0.15267304736688386,0.004006357744834011,0.014784198923442746,0.004796559098282992,0.005453736847326761,0.0046008284772486386,0.021186642235378184,0.09994156604173018,0.08337690974376362,0.005521158694713238,0.0,0.0002405515345406379,0.00047955289820668715,0.26301441030563166,0.13115226439448271,0.003480895742115384,0.01893055188897148,0.20303650430871212,0.0019490688742611053,0.34763473289086055,0.03610451603504955,0.5037883405825239,0.005657896701998171,0.0185195552279642,2.0377463874539337,0.0,0.0027797648319306343,0.09322618721846683,1.808211869687197,0.24677793670560574,0.06844199390663863,0.10429967337391197,3.7642436165822573,0.008101526425725036,0.0038632141249095964,0.005763550264965028,0.0026016552820528316,0.02054107283943021,2.9809497124461632,0.015693520088091845,0.5916117450573634,0.003426376690967678,0.0005315710515964306,0.005101372732598942,0.2456343790582465,0.00728900869832886,0.05349381604787844,0.0029127400852144492,0.0031335017286682207,0.0018420948468876454,0.13774415665903547,1.847239672568955,0.0009479249531518681,0.2044855971731892,0.0,0.0037825775129970846,0.0,0.25499092558983666,0.0054446460980036296,0.02722323049001815,0.009981851179673321,0.011796733212341199,0.009981851179673321,0.045372050816696916,0.1823956442831216,0.12613430127041741,0.008166969147005444,0.0,0.0009074410163339383,0.0009074410163339383,0.29038112522686027,0.17150635208711434,0.008166969147005444,0.020871143375680582,0.323956442831216,0.004537205081669692,0.4382940108892922,0.06261343012704174,0.5871143375680581,0.017241379310344827,0.03357531760435572,0.9246823956442831,0.0,0.003629764065335753,0.18874773139745918,0.8475499092558983,0.34754990925589835,0.09891107078039928,0.12341197822141561,0.9954627949183303,0.016333938294010888,0.010889292196007259,0.011796733212341199,0.0054446460980036296,0.041742286751361164,0.9773139745916516,0.03539019963702359,0.5653357531760436,0.007259528130671506,0.0018148820326678765,0.010889292196007259,0.3393829401088929,0.016333938294010888,0.09618874773139746,0.003629764065335753,0.008166969147005444,0.003629764065335753,0.24591651542649728,0.8747731397459165,0.0009074410163339383,0.3248638838475499,0.0,0.008166969147005444,1102
KUL01,Border,Mast cells,Mast cells,GSE144735,0.0,0.7876766366352363,0.19508853728003164,0.0,0.0,0.0,0.0,0.0,0.0,0.38636887507180306,0.0,0.0,0.0,0.0,0.0,0.19508853728003164,0.0,0.0,0.19508853728003164,0.0,0.19508853728003164,0.13602901112038998,0.0,0.0,0.0,1.338899450303752,0.0,0.0,0.0,0.0,0.0,0.0,0.0,4.647931689503767,0.0,0.0,0.0,0.0,0.0,2.292709485992924,0.0,1.8466481598112032,0.0,0.0,0.0,0.29993582819472736,0.0,0.0,0.0,0.0,0.0,0.0,0.0,0.0,0.35871543557596214,0.0,0.0,0.0,0.5,0.16666666666666666,0.0,0.0,0.0,0.0,0.0,0.0,0.16666666666666666,0.0,0.0,0.0,0.0,0.0,0.16666666666666666,0.0,0.0,0.16666666666666666,0.0,0.16666666666666666,0.16666666666666666,0.0,0.0,0.0,0.6666666666666666,0.0,0.0,0.0,0.0,0.0,0.0,0.0,1.0,0.0,0.0,0.0,0.0,0.0,1.0,0.0,0.8333333333333334,0.0,0.0,0.0,0.16666666666666666,0.0,0.0,0.0,0.0,0.0,0.0,0.0,0.0,0.16666666666666666,0.0,0.0,6
KUL01,Border,Myeloids,Anti-inflammatory,GSE144735,0.0,0.2628534447530071,0.14164214859450777,0.0,0.022090834850596375,0.0,0.0,0.027439644568757113,0.04974108988974399,0.2847305614314405,0.0,0.0,0.0,0.0,0.28860404700306097,0.6785371990630491,0.23539821897276356,0.21257144438463443,0.6541726095339534,0.48890956809144687,1.1936190167236715,0.07129690374033161,1.8050998105149816,0.03036251053839533,0.0,1.76082349339916,0.0,0.0,1.0099553864071529,0.37653153983508125,0.023789969080885254,0.0,0.024805421199058052,5.191149960624543,0.5282163760674625,0.021744765178533486,1.4645112067755113,0.0,0.05695709363331786,1.597069011904755,0.0,2.7646556394990256,0.0,0.0,0.0,2.0662906342251306,0.0,0.3306052915677798,0.0,0.04313711295157232,0.0,0.20758763811260939,0.23462313234345997,0.0,2.253403946432055,0.0,0.07053429328081201,0.0,0.23684210526315788,0.13157894736842105,0.0,0.02631578947368421,0.0,0.0,0.02631578947368421,0.05263157894736842,0.21052631578947367,0.0,0.0,0.0,0.0,0.21052631578947367,0.4473684210526316,0.13157894736842105,0.10526315789473684,0.34210526315789475,0.39473684210526316,0.7105263157894737,0.07894736842105263,0.8157894736842105,0.02631578947368421,0.0,0.9210526315789473,0.0,0.0,0.6842105263157895,0.34210526315789475,0.02631578947368421,0.0,0.02631578947368421,1.0,0.39473684210526316,0.02631578947368421,0.9473684210526315,0.0,0.02631578947368421,0.8421052631578947,0.0,1.0,0.0,0.0,0.0,0.9473684210526315,0.0,0.21052631578947367,0.0,0.02631578947368421,0.0,0.21052631578947367,0.23684210526315788,0.0,0.6842105263157895,0.0,0.07894736842105263,38
KUL01,Border,Myeloids,Pro-inflammatory,GSE144735,0.0,0.45657231209558824,0.5064621682450938,0.031648490522898004,0.04651815360613438,0.0,0.0,0.0,0.029705226644503775,0.4340852430628147,0.0,0.0,0.0,0.0,0.182989163481698,0.8773073242228148,0.12012191349899864,0.2806150950019009,0.5833533957186854,0.35746836835088963,1.6605381411895357,0.04256007902474146,1.8544858873882906,0.013776424881646168,0.12406398755396343,2.7537181042204537,0.0,0.0,0.8272896755260163,0.19349184592010527,0.1176039457357396,0.010890007452183735,0.0,5.3023907566730015,0.0323193616579351,0.012171440412046543,0.7810141071372704,0.0,0.0,1.6513519927513682,0.0,3.0875281144140216,0.0,0.04910357737095066,0.0,1.8477570298786914,0.0,0.18914929400691022,0.0,0.028985987254688518,0.0,0.13386002552430193,0.33870499829692136,0.0,0.6385345338407306,0.0,0.0688025483905895,0.0,0.3888888888888889,0.4,0.03333333333333333,0.06666666666666667,0.0,0.0,0.0,0.044444444444444446,0.26666666666666666,0.0,0.0,0.0,0.0,0.15555555555555556,0.5111111111111111,0.05555555555555555,0.14444444444444443,0.3,0.3111111111111111,0.8777777777777778,0.044444444444444446,0.9111111111111111,0.011111111111111112,0.1,0.9666666666666667,0.0,0.0,0.6444444444444445,0.2222222222222222,0.13333333333333333,0.011111111111111112,0.0,1.0,0.03333333333333333,0.022222222222222223,0.5666666666666667,0.0,0.0,0.8777777777777778,0.0,0.9333333333333333,0.0,0.044444444444444446,0.0,0.9111111111111111,0.0,0.12222222222222222,0.0,0.022222222222222223,0.0,0.16666666666666666,0.3,0.0,0.3333333333333333,0.0,0.07777777777777778,90
KUL01,Border,Myeloids,Proliferating,GSE144735,0.0,0.3898388372060553,0.2578205832817242,0.13691613202919786,0.057252107204846255,0.0,0.0,0.0,0.2090048134561703,0.21854660681513696,0.0,0.0,0.0,0.02990495973190883,0.48627431799141474,0.794468822645473,0.2564362733542371,0.1786062512142196,0.9798959297228798,0.40471341688097057,1.3963713384127054,0.12417375957703772,1.7039371913459123,0.04129604388297478,0.034559277131944045,1.9047555883684177,0.0,0.0,0.7358860377158862,0.20100986289476352,0.19335673399322467,0.055455548185913243,0.030811032620026078,5.313967973878577,0.35154415187187765,0.0,1.2138490537135698,0.0,0.01794331182155858,2.137763457195785,0.0,2.280636039675854,0.0,0.0,0.0,2.368186775809309,0.0,0.7837978165681341,0.019213919223051185,0.0,0.0,0.05846120196214111,0.2265891582306749,0.0,3.239373644412758,0.0,0.26586946432674274,0.0,0.52,0.32,0.2,0.08,0.0,0.0,0.0,0.28,0.2,0.0,0.0,0.0,0.04,0.32,0.56,0.16,0.12,0.56,0.48,0.92,0.16,0.88,0.08,0.04,0.96,0.0,0.0,0.72,0.28,0.2,0.08,0.04,1.0,0.32,0.0,0.96,0.0,0.04,1.0,0.0,0.92,0.0,0.0,0.0,1.0,0.0,0.44,0.04,0.0,0.0,0.12,0.28,0.0,0.88,0.0,0.16,25
KUL01,Border,Myeloids,SPP1+A,GSE144735,0.0,0.2278679491601456,0.297305915922667,0.0,0.02316356011598554,0.0,0.0,0.0,0.11422264830764815,0.2722021910222596,0.0,0.0,0.0,0.0,1.2719893375417608,1.6872782293188588,0.0,0.016212686804224177,2.435466772992758,0.24414234776053276,2.5665250962667,0.028079271747860696,3.5956656025524083,0.21526000716031923,0.06522848697361334,3.8114323800199745,0.0,0.0,0.4585293047515797,0.278121494285841,0.040878213570218605,0.0,0.02957930267359279,6.673116502143693,0.0,0.0,0.28379582427600963,0.0,0.07369538023933137,1.8032723793825076,0.0,2.605485890806016,0.0,0.0,0.0,1.5888195217709336,0.0,0.5244926771817531,0.0,0.03670067825874209,0.030305664329888213,0.09803624951660926,0.2443389069979556,0.0,0.5040886685929348,0.0,0.0,0.0,0.19444444444444445,0.2222222222222222,0.0,0.027777777777777776,0.0,0.0,0.0,0.1111111111111111,0.16666666666666666,0.0,0.0,0.0,0.0,0.4722222222222222,0.6111111111111112,0.0,0.027777777777777776,0.6111111111111112,0.19444444444444445,0.9722222222222222,0.027777777777777776,0.9722222222222222,0.08333333333333333,0.05555555555555555,1.0,0.0,0.0,0.3333333333333333,0.2777777777777778,0.027777777777777776,0.0,0.027777777777777776,1.0,0.0,0.0,0.2222222222222222,0.0,0.08333333333333333,0.8611111111111112,0.0,0.8055555555555556,0.0,0.0,0.0,0.8333333333333334,0.0,0.3055555555555556,0.0,0.027777777777777776,0.027777777777777776,0.08333333333333333,0.19444444444444445,0.0,0.2777777777777778,0.0,0.0,36
KUL01,Border,Myeloids,SPP1+B,GSE144735,0.006765822453730017,0.1571928417874299,0.12793927798592825,0.2971726294167497,0.015019160305179989,0.0,0.0,0.002664449018190526,0.11249007547759313,0.5394042259988551,0.003020587102848774,0.0,0.010880649229099856,0.005055402418267228,0.5397538425305104,0.5875723747930756,0.11331191218905169,0.030434622951064038,3.4838423169387007,0.3932335758752984,1.1462650262076803,0.061118836689195016,2.0897921307697067,0.037138405125909796,0.0031499172967400743,2.4675543988260977,0.0,0.0,0.590876852528652,0.2208559735746547,0.010414205331756566,0.013018803903681778,0.01063169905335065,6.007190422816461,0.014343002843254966,0.006292436406339632,0.8277258960944132,0.005105070255169263,0.02602650686064065,2.216458815532539,0.018448345243097183,2.564609170214602,0.0,0.026991041731792887,0.01009245876136979,2.3052141428781594,0.0,1.6243605795680252,0.23715811366402234,0.010894507478616275,0.0,0.12312962454888447,0.2456387604765311,0.0,3.3002631754218212,0.0,0.03341584577854966,0.006802721088435374,0.19047619047619047,0.16326530612244897,0.2585034013605442,0.02040816326530612,0.0,0.0,0.006802721088435374,0.14965986394557823,0.3469387755102041,0.006802721088435374,0.0,0.013605442176870748,0.006802721088435374,0.36054421768707484,0.4421768707482993,0.09523809523809523,0.034013605442176874,0.8503401360544217,0.4421768707482993,0.7346938775510204,0.07482993197278912,0.8979591836734694,0.04081632653061224,0.006802721088435374,0.9523809523809523,0.0,0.0,0.5578231292517006,0.2857142857142857,0.02040816326530612,0.02040816326530612,0.02040816326530612,1.0,0.013605442176870748,0.006802721088435374,0.6530612244897959,0.006802721088435374,0.027210884353741496,0.9523809523809523,0.027210884353741496,0.9115646258503401,0.0,0.034013605442176874,0.013605442176870748,0.9319727891156463,0.0,0.6258503401360545,0.1836734693877551,0.013605442176870748,0.0,0.1564625850340136,0.2925170068027211,0.0,0.8707482993197279,0.0,0.04081632653061224,147
KUL01,Border,Myeloids,Unknown,GSE144735,0.0,0.0,0.0,0.6164074436896438,0.0,0.0,0.0,0.0,0.0,0.0,0.0,0.0,0.0,0.0,0.30839509668467685,0.0,0.0,0.20751543484482762,3.5731632185879407,0.0,0.1705108895392306,0.21708680300846542,1.8888722364659378,0.0,0.0,1.0874425438845243,0.0,0.0,0.38494978086718157,0.1705108895392306,0.0,0.0,0.0,6.032236944990405,0.0,0.0,0.20007164140860076,0.0,0.0,1.4417166169185887,0.0,1.9309130445679061,0.0,0.0,0.0,2.1488536873298396,0.0,0.5785975100329565,0.0,0.0,0.0,0.21708680300846542,0.0,0.0,4.135419368867126,0.0,0.0,0.0,0.0,0.0,0.2727272727272727,0.0,0.0,0.0,0.0,0.0,0.0,0.0,0.0,0.0,0.0,0.09090909090909091,0.0,0.0,0.09090909090909091,0.6363636363636364,0.0,0.09090909090909091,0.09090909090909091,0.7272727272727273,0.0,0.0,0.45454545454545453,0.0,0.0,0.18181818181818182,0.09090909090909091,0.0,0.0,0.0,1.0,0.0,0.0,0.09090909090909091,0.0,0.0,0.5454545454545454,0.0,0.7272727272727273,0.0,0.0,0.0,0.8181818181818182,0.0,0.18181818181818182,0.0,0.0,0.0,0.09090909090909091,0.0,0.0,0.8181818181818182,0.0,0.0,11
KUL01,Border,Myeloids,cDC,GSE144735,0.0,0.0,0.6133457213597575,0.0,0.0,0.0,0.0,0.0,0.3953556939646196,0.0,0.0,0.0,0.0,0.0,0.42928932224610883,0.0,0.0,0.0,2.1757791946069576,0.0,1.6403448240750578,0.0,0.42928932224610883,0.0,0.0,3.298102207041792,0.0,0.0,1.270154915149897,0.6133457213597575,0.0,0.0,0.0,5.902300051253995,0.0,0.0,0.0,0.0,0.0,1.791643482999726,0.0,3.0216816350649847,0.0,0.0,0.0,1.9983210338119353,0.0,0.0,0.0,0.0,0.0,0.0,0.3953556939646196,0.0,1.3404437010231776,0.0,0.0,0.0,0.0,0.5,0.0,0.0,0.0,0.0,0.0,0.5,0.0,0.0,0.0,0.0,0.0,0.5,0.0,0.0,0.0,1.0,0.0,1.0,0.0,0.5,0.0,0.0,1.0,0.0,0.0,1.0,0.5,0.0,0.0,0.0,1.0,0.0,0.0,0.0,0.0,0.0,1.0,0.0,1.0,0.0,0.0,0.0,1.0,0.0,0.0,0.0,0.0,0.0,0.0,0.5,0.0,0.5,0.0,0.0,2
KUL01,Border,Stromal cells,Enteric glial cells,GSE144735,0.0,1.3900247510827153,0.0,0.0,0.0,0.0,0.0,0.0,0.4298353649511159,0.5796565380490726,0.0,0.44402484458126146,0.0,0.0,0.2534663712123589,0.0,0.0,0.0,1.2420213023683924,0.0,0.6974912157936204,0.0,0.7294131241575146,0.0,0.0,1.8797936309846364,1.8802920162935421,0.0,0.5692887783130608,0.6974912157936204,0.0,0.0,0.0,4.471452490297377,0.5701148580867494,0.0,0.0,0.0,0.0,1.7786657215318618,0.0,3.7482922711350355,0.0,0.0,0.0,0.0,0.0,3.7897042504636005,0.0,0.0,0.0,0.806546493139509,0.0,0.0,0.6887384408696896,0.0,3.070604385191568,0.0,0.75,0.0,0.0,0.0,0.0,0.0,0.0,0.25,0.25,0.0,0.25,0.0,0.0,0.25,0.0,0.0,0.0,0.5,0.0,0.5,0.0,0.25,0.0,0.0,0.75,0.75,0.0,0.25,0.5,0.0,0.0,0.0,1.0,0.25,0.0,0.0,0.0,0.0,0.75,0.0,1.0,0.0,0.0,0.0,0.0,0.0,1.0,0.0,0.0,0.0,0.5,0.0,0.0,0.25,0.0,1.0,4
KUL01,Border,Stromal cells,Lymphatic ECs,GSE144735,0.0,0.29303607337649695,0.0,0.0,0.18719921189151897,0.0,0.0,0.0,0.29029489561159055,1.0324146886022523,0.0,0.0,0.0,0.0,0.14403818848145297,0.0,0.0,0.0,0.10309568372007157,0.0,0.0,0.0,0.29303607337649695,0.0,0.0,2.8901460527838747,0.0,0.0,0.4220408780275197,0.17587643949992957,0.0,0.0,0.0,3.3845955578744977,0.10309568372007157,0.0,0.0,0.0,0.0,2.0243830913176883,0.0,1.0819176341991394,0.0,0.0,0.18719921189151897,0.0,0.10309568372007157,0.3537642558844555,0.3671622575914462,0.0,0.0,0.14403818848145297,0.4343330840930435,0.0,0.10309568372007157,0.0,0.0,0.0,0.25,0.0,0.0,0.25,0.0,0.0,0.0,0.5,0.75,0.0,0.0,0.0,0.0,0.25,0.0,0.0,0.0,0.25,0.0,0.0,0.0,0.25,0.0,0.0,1.0,0.0,0.0,0.5,0.25,0.0,0.0,0.0,1.0,0.25,0.0,0.0,0.0,0.0,1.0,0.0,1.0,0.0,0.0,0.25,0.0,0.25,0.25,0.25,0.0,0.0,0.25,0.75,0.0,0.25,0.0,0.0,4
KUL01,Border,Stromal cells,Myofibroblasts,GSE144735,0.0,0.2632520892720881,0.017591090160511965,0.3834579750261353,0.21315097177186088,0.0,0.0,0.8320448620194691,3.6306765486640553,2.980061338948803,0.579070674455619,0.0,0.0,0.0847656907025601,0.22445275730102343,0.10202818399246245,0.028889195537601182,0.0,0.12548474408775082,0.07642532433837997,0.41701486618084055,0.021270255529678265,1.2348457354137448,0.10723475930729937,0.0,3.5582452727395872,0.0,0.0,0.3568794623223453,0.47227179712589346,0.23926137350240392,0.0,0.007971942138066238,4.29599295043368,0.2826701424523764,0.0,0.0,0.01045450289027457,0.06641370731429048,1.6301116868867427,0.0,2.5850512958734058,0.010766255720234532,0.0,0.0,0.20314707088483613,0.0,0.42654578017592165,0.01045450289027457,0.28984807298412557,0.0,4.211702943640093,0.3295364549178446,0.0,0.6168846873000899,0.0,0.0,0.0,0.3902439024390244,0.04878048780487805,0.24390243902439024,0.34146341463414637,0.0,0.0,0.6341463414634146,0.9024390243902439,0.8292682926829268,0.5609756097560976,0.0,0.0,0.0975609756097561,0.14634146341463414,0.0975609756097561,0.024390243902439025,0.0,0.24390243902439024,0.0975609756097561,0.43902439024390244,0.04878048780487805,0.6585365853658537,0.04878048780487805,0.0,0.926829268292683,0.0,0.0,0.36585365853658536,0.4634146341463415,0.36585365853658536,0.0,0.024390243902439025,1.0,0.2926829268292683,0.0,0.0,0.024390243902439025,0.07317073170731707,0.8780487804878049,0.0,0.8536585365853658,0.024390243902439025,0.0,0.0,0.24390243902439024,0.0,0.2926829268292683,0.024390243902439025,0.24390243902439024,0.0,0.926829268292683,0.36585365853658536,0.0,0.4878048780487805,0.0,0.0,41
KUL01,Border,Stromal cells,Pericytes,GSE144735,0.0,0.30559587849892805,0.0,0.03718861989032147,0.7066949567192117,0.0,0.0,0.13164347320206798,2.269836814391184,1.4826810093048814,0.011625663676808728,0.0,0.0,0.02038197860437651,0.23449652038493515,0.10960154908706134,0.055702714981395444,0.0,0.10468484073672306,0.0,0.3017228152171268,0.0,0.6516598028765693,0.044582733590651194,1.250764593995782,3.4508040526871624,0.0,0.0,0.7790089664201815,0.1916862427553771,0.8563919895771522,0.0,0.0,3.406490340338015,0.1810597981142295,0.08229607274397552,0.0,0.0,0.03718861989032147,1.2036724303784128,0.0,3.349323529595156,0.0,0.0,0.0,0.14283426577991118,0.0,0.3822570406565787,0.0,0.0,0.04636144754371441,2.2168921727716415,0.2661767340019984,0.0,0.48183060433206115,0.0,0.0,0.0,0.2857142857142857,0.0,0.03571428571428571,0.5714285714285714,0.0,0.0,0.10714285714285714,0.8571428571428571,0.5714285714285714,0.03571428571428571,0.0,0.0,0.03571428571428571,0.14285714285714285,0.10714285714285714,0.03571428571428571,0.0,0.14285714285714285,0.0,0.2857142857142857,0.0,0.5,0.03571428571428571,0.6428571428571429,1.0,0.0,0.0,0.5714285714285714,0.25,0.6785714285714286,0.0,0.0,0.9285714285714286,0.17857142857142858,0.07142857142857142,0.0,0.0,0.03571428571428571,0.75,0.0,0.9285714285714286,0.0,0.0,0.0,0.17857142857142858,0.0,0.32142857142857145,0.0,0.0,0.03571428571428571,0.8571428571428571,0.25,0.0,0.32142857142857145,0.0,0.0,28
KUL01,Border,Stromal cells,Smooth muscle cells,GSE144735,0.0,0.7236775708173767,0.03583415929695743,0.0,0.38817972247860166,0.0,0.0,0.04869587453053022,1.573044259191981,1.7985996641145092,0.5885068399810179,0.0,0.04567138056845495,0.0,0.07350246364046988,0.053420579143431665,0.0,0.0,0.08931910999858633,0.0,0.354609404684855,0.0,0.22037259508981968,0.0,0.3205748465112126,2.717299980883696,0.0,0.0,0.8677745056038704,0.21808377588846087,0.6936291271071315,0.0,0.0,3.730416090473982,0.6344690401023895,0.020337153085134955,0.06480021199573183,0.0,0.03606941456663857,1.5291126982007215,0.023479111572900745,3.6732416841578672,0.023981875781888727,0.0,0.0,0.102688245809634,0.0,0.6327287253495409,0.0,0.0,0.0,1.4983422571307574,0.1858472322526289,0.0,0.36406571756545486,0.0,0.0,0.0,0.5625,0.03125,0.0,0.34375,0.0,0.0,0.03125,0.8125,0.84375,0.4375,0.0,0.03125,0.0,0.09375,0.0625,0.0,0.0,0.09375,0.0,0.28125,0.0,0.1875,0.0,0.15625,1.0,0.0,0.0,0.65625,0.21875,0.53125,0.0,0.0,1.0,0.5,0.03125,0.0625,0.0,0.03125,0.9375,0.03125,1.0,0.03125,0.0,0.0,0.125,0.0,0.5,0.0,0.0,0.0,0.78125,0.1875,0.0,0.40625,0.0,0.0,32
KUL01,Border,Stromal cells,Stalk-like ECs,GSE144735,0.0,0.5093501955837046,0.04330912678824296,0.0,0.22766989127038068,0.0,0.0,0.14428629985534794,0.16510724264474005,1.1141901260144447,0.4571130140566714,0.0,0.0,0.0,0.012586490302894065,0.329325384400194,0.06346297728957066,0.0,0.2436266204143688,0.0,0.7520152719295798,0.0,0.43481258284470625,0.2577867700754997,0.0,1.8796331814107259,0.0,0.0,0.21989386772374678,0.3071782828221707,0.8568928226592621,0.0,0.018465172467698642,2.9627299088911876,0.1650238135451014,0.0,0.022216497268929384,0.010013986967529748,0.0,1.5590206164471394,0.05062568655514491,1.703928459413994,0.0,0.0,0.0,0.17467260825531386,0.0,0.3165610863690764,0.0,0.0,0.022296718336945374,0.2511314401492652,0.28473770562844114,0.0,0.13263756431227852,0.0,0.0,0.0,0.5714285714285714,0.05714285714285714,0.0,0.2571428571428571,0.0,0.0,0.17142857142857143,0.2,0.6857142857142857,0.37142857142857144,0.0,0.0,0.0,0.02857142857142857,0.2,0.05714285714285714,0.0,0.2571428571428571,0.0,0.5714285714285714,0.0,0.34285714285714286,0.22857142857142856,0.0,0.9428571428571428,0.0,0.0,0.22857142857142856,0.2857142857142857,0.6571428571428571,0.0,0.02857142857142857,1.0,0.2,0.0,0.02857142857142857,0.02857142857142857,0.0,0.8571428571428571,0.05714285714285714,0.8,0.0,0.0,0.0,0.22857142857142856,0.0,0.2,0.0,0.0,0.02857142857142857,0.22857142857142856,0.2857142857142857,0.0,0.17142857142857143,0.0,0.0,35
KUL01,Border,Stromal cells,Stromal 1,GSE144735,0.0,0.16101151488647444,0.12692250429139446,2.1486371343435082,0.24689945468518967,0.0,0.0,0.5467084298024104,2.9706141476740777,1.5884093802243624,0.2055003295005023,0.046077216466827706,0.057475697806401,0.13946110573065534,2.0649024295539498,0.3732558939137554,0.0,0.3934060522556856,0.19305346582289054,0.07273903773258926,2.9356806443070433,0.03216193676867832,2.8123083117757597,1.5300280621612437,0.0,3.7338670703140866,0.0,0.605946011425558,0.5492304815620324,0.20727147109315455,0.5592299986184202,0.0,0.024032914888686252,5.550694073145346,0.026550455039566982,0.0,0.0,0.0,0.024032914888686252,1.6853453498880555,0.06534073496919106,4.491848609092335,0.0,0.0,0.0,0.37000750088552475,0.0,0.892778456034908,0.02130363074195803,0.4089254621841798,0.42177643133557297,2.6655115229575044,0.192307944390291,0.0,1.3842554412261268,0.0,0.0,0.0,0.2857142857142857,0.07142857142857142,0.7857142857142857,0.42857142857142855,0.0,0.0,0.7857142857142857,0.9285714285714286,0.9285714285714286,0.2857142857142857,0.14285714285714285,0.14285714285714285,0.2857142857142857,0.7857142857142857,0.2857142857142857,0.0,0.07142857142857142,0.42857142857142855,0.14285714285714285,1.0,0.07142857142857142,1.0,0.5,0.0,1.0,0.0,0.35714285714285715,0.5714285714285714,0.5714285714285714,0.6428571428571429,0.0,0.07142857142857142,1.0,0.07142857142857142,0.0,0.0,0.0,0.07142857142857142,1.0,0.14285714285714285,1.0,0.0,0.0,0.0,0.6428571428571429,0.0,0.5,0.07142857142857142,0.14285714285714285,0.21428571428571427,0.8571428571428571,0.5,0.0,0.9285714285714286,0.0,0.0,14
KUL01,Border,Stromal cells,Stromal 3,GSE144735,0.0,0.429709006067195,0.012917865909879972,0.7835725218859985,0.4168474524972186,0.0,0.009278560002252918,0.36412875959352453,3.5547905083921494,1.1311100261700993,0.7898903325287773,0.012646903728412767,0.22845079372039512,0.18910885978859962,0.2241025127710934,0.1567037921484738,0.0,0.007373973572159046,0.3155318888998635,0.025637798764953146,0.8210749006323617,0.009278560002252918,1.5157068260742015,0.20904008810676245,0.0,3.611676721917975,0.017736588706799915,0.012646903728412767,0.7764912760357338,0.23168769185037671,0.3456708219682941,0.0,0.0,4.42270088088402,1.3025958591886089,0.009619520723445324,0.029488217148272877,0.0,0.014663842300041975,2.3147099929287647,0.009573722802602673,2.3275666867108855,0.007893183330502679,0.10225203810684179,0.007445725908979064,0.34443391227704545,0.0,1.0506316086320537,0.0,1.7684545899118793,0.0,3.7381940117550205,0.5719404091154258,0.0,1.2857559349022354,0.0,0.013208825521189661,0.0,0.6486486486486487,0.02702702702702703,0.5405405405405406,0.6216216216216216,0.0,0.02702702702702703,0.5405405405405406,0.972972972972973,0.8918918918918919,0.7297297297297297,0.02702702702702703,0.40540540540540543,0.32432432432432434,0.2972972972972973,0.16216216216216217,0.0,0.02702702702702703,0.5405405405405406,0.05405405405405406,0.7567567567567568,0.02702702702702703,0.9459459459459459,0.32432432432432434,0.0,1.0,0.02702702702702703,0.02702702702702703,0.8648648648648649,0.43243243243243246,0.5405405405405406,0.0,0.0,1.0,0.9459459459459459,0.02702702702702703,0.05405405405405406,0.0,0.02702702702702703,1.0,0.02702702702702703,1.0,0.02702702702702703,0.02702702702702703,0.02702702702702703,0.4864864864864865,0.0,0.8108108108108109,0.0,0.8648648648648649,0.0,0.972972972972973,0.7027027027027027,0.0,0.8108108108108109,0.0,0.02702702702702703,37
KUL01,Border,Stromal cells,Tip-like ECs,GSE144735,0.0,0.29248332520262804,0.019662032645498845,0.0,0.5845153548319088,0.0,0.006892225619762492,0.2844370963595439,0.1205110946744167,1.0245258699657769,0.06696464557185214,0.0,0.011653988936168461,0.006604365006317527,0.13501818517586037,0.39477868251752196,0.01760617960098095,0.006892225619762492,0.2864833188701648,0.0,0.259859239772914,0.010417781547954707,0.42252963629731743,0.11895634137169153,0.0,1.7022648597487677,0.0,0.0,0.12942036676880536,0.2569212078292828,0.5269178001151172,0.0,0.018145079576886058,2.8287062515193355,0.5257759510025779,0.016243582429582886,0.0,0.030910233929617423,0.0,1.052787794846452,0.016784186930358578,1.5806555572475807,0.01739852043148888,0.0,0.010011174260736822,0.048967940157047724,0.0214954032266215,0.5126601367891975,0.0,0.0,0.049760401813582045,0.18921329465783407,0.18508996262021804,0.0,0.19034506881958255,0.0,0.012630949461824864,0.0,0.3424657534246575,0.0136986301369863,0.0,0.4520547945205479,0.0,0.0136986301369863,0.3013698630136986,0.136986301369863,0.6575342465753424,0.0410958904109589,0.0,0.0136986301369863,0.0136986301369863,0.0958904109589041,0.2054794520547945,0.0136986301369863,0.0136986301369863,0.2602739726027397,0.0,0.2191780821917808,0.0136986301369863,0.3972602739726027,0.1232876712328767,0.0,0.8356164383561644,0.0,0.0,0.1232876712328767,0.3013698630136986,0.4520547945205479,0.0,0.0410958904109589,0.9863013698630136,0.3287671232876712,0.0136986301369863,0.0,0.0273972602739726,0.0,0.6575342465753424,0.0136986301369863,0.7397260273972602,0.0273972602739726,0.0,0.0136986301369863,0.0410958904109589,0.0410958904109589,0.2602739726027397,0.0,0.0,0.0410958904109589,0.1917808219178082,0.2328767123287671,0.0,0.2191780821917808,0.0,0.0136986301369863,73
KUL01,Border,T cells,CD4+ T cells,GSE144735,0.0,0.16716971225957972,0.3632487824387979,0.0,0.0,0.2933197009946391,0.4053408699252978,0.0,0.0845427806775754,0.13622760667364703,0.0,0.0,0.0,0.0,0.0,0.1450951433758623,0.0,0.0,0.3051630744668406,0.0,0.0973224076200556,0.0,0.0,0.0,0.07144014865246186,1.083083110592904,0.0,0.0,0.13622760667364703,0.13502492994161788,0.3219196184849884,0.0,0.0,3.357569269251196,0.0,0.0845427806775754,0.0,0.0,0.6212779872296256,1.015864468067021,0.0,0.6983313937719833,0.0,0.0,0.0,0.0,0.0,0.0845427806775754,0.0,0.0,0.0,0.19779553945254796,0.16093102101633683,0.0,0.0,0.0,0.0,0.0,0.125,0.1875,0.0,0.0,0.125,0.1875,0.0,0.0625,0.0625,0.0,0.0,0.0,0.0,0.0,0.0625,0.0,0.0,0.1875,0.0,0.0625,0.0,0.0,0.0,0.0625,0.5625,0.0,0.0,0.0625,0.0625,0.1875,0.0,0.0,1.0,0.0,0.0625,0.0,0.0,0.1875,0.5,0.0,0.3125,0.0,0.0,0.0,0.0,0.0,0.0625,0.0,0.0,0.0,0.125,0.125,0.0,0.0,0.0,0.0,16
KUL01,Border,T cells,CD8+ T cells,GSE144735,0.0,0.8486903438359026,0.0,0.0,0.0,1.287035574092222,0.9782201223242307,0.0,0.0,0.30875620338826676,0.0,0.0,0.0,0.0,0.0,0.0,0.0,0.0,0.0,0.0,0.14030247893791,0.0,0.0,0.0,0.0,0.4683253569199498,0.0,0.0,0.0,0.0,0.14732987305729145,0.0,0.0,2.8229110327845075,0.0,0.6664527241291903,0.0,0.2978591670508168,0.20836822440941444,0.4743792079156807,0.0,1.2965545023505287,0.0,0.0,0.0,0.0,0.0,0.3505000452303163,0.0,0.0,0.0,0.0,0.0,0.0,0.1459959496156626,0.0,0.0,0.0,0.5,0.0,0.0,0.0,0.6,0.4,0.0,0.0,0.2,0.0,0.0,0.0,0.0,0.0,0.0,0.0,0.0,0.0,0.0,0.1,0.0,0.0,0.0,0.0,0.3,0.0,0.0,0.0,0.0,0.1,0.0,0.0,1.0,0.0,0.4,0.0,0.2,0.1,0.3,0.0,0.6,0.0,0.0,0.0,0.0,0.0,0.2,0.0,0.0,0.0,0.0,0.0,0.0,0.1,0.0,0.0,10
KUL01,Border,T cells,NK cells,GSE144735,0.0,0.6403083856060299,0.31131087920348777,0.0,0.0,0.5248585057094677,0.029071637031067396,0.0,0.07832493123210262,0.07198721280422594,0.0,0.0,0.0,0.0,0.060976330512477354,0.0,0.03412236508106075,0.0,0.11168118313258524,0.0,0.2811539048717062,0.0,0.2306803463206976,0.0,0.025579159144647878,0.6729966070199701,0.028305593693678063,0.0,0.29651543658029633,0.2028462818465094,0.6235379114965447,0.0,0.025187770007068705,3.0922553100441665,0.0,1.6692438084424677,0.0,0.12908124043181915,2.2777785971950975,1.0622473356596907,0.0,1.133872932832269,0.0,0.0,0.0,0.053948109139354196,0.0,0.028225305745027036,0.0,0.0,0.0,0.17385006306877368,0.19641138552234097,0.0,0.1861248891428613,0.0,0.030715347886916284,0.0,0.3541666666666667,0.20833333333333334,0.0,0.0,0.3333333333333333,0.020833333333333332,0.0,0.0625,0.041666666666666664,0.0,0.0,0.0,0.0,0.041666666666666664,0.0,0.020833333333333332,0.0,0.08333333333333333,0.0,0.16666666666666666,0.0,0.16666666666666666,0.0,0.020833333333333332,0.3958333333333333,0.020833333333333332,0.0,0.20833333333333334,0.14583333333333334,0.4166666666666667,0.0,0.020833333333333332,1.0,0.0,0.75,0.0,0.0625,0.8125,0.6458333333333334,0.0,0.5833333333333334,0.0,0.0,0.0,0.041666666666666664,0.0,0.020833333333333332,0.0,0.0,0.0,0.125,0.14583333333333334,0.0,0.14583333333333334,0.0,0.020833333333333332,48
KUL01,Border,T cells,Regulatory T cells,GSE144735,0.0,0.7930807588358482,0.408613267699464,0.006077807713781861,0.0,0.016739114093118086,0.05736247411649496,0.0,0.09513947833660871,0.0436681673851852,0.006093160553476946,0.0,0.0,0.0,0.09259675515820694,0.029938505682220062,0.0,0.0,0.22164889076804767,0.0,0.10892916646744742,0.0,0.19196703934722414,0.0,0.0,0.9430230962088745,0.0,0.0,0.02912928021837408,0.12118745416324499,0.3666295850045788,0.0,0.005908859558429565,3.5042754742974482,0.0,0.43388821470111577,0.0,0.01871626934250968,0.16746826157621972,0.9047265638168658,0.0,1.3656633958458608,0.0,0.0,0.0,0.07084566791905411,0.0,0.044595596723835534,0.0,0.0,0.01381869640549377,0.12100785048963653,0.17416190820452626,0.0,0.13329390781580844,0.0,0.0,0.0,0.4748603351955307,0.2849162011173184,0.00558659217877095,0.0,0.0111731843575419,0.027932960893854747,0.0,0.07262569832402235,0.0335195530726257,0.00558659217877095,0.0,0.0,0.0,0.07262569832402235,0.0223463687150838,0.0,0.0,0.1564245810055866,0.0,0.07262569832402235,0.0,0.13966480446927373,0.0,0.0,0.5418994413407822,0.0,0.0,0.0223463687150838,0.0893854748603352,0.24581005586592178,0.0,0.00558659217877095,0.994413407821229,0.0,0.27932960893854747,0.0,0.0111731843575419,0.061452513966480445,0.5307262569832403,0.0,0.6871508379888268,0.0,0.0,0.0,0.055865921787709494,0.0,0.0335195530726257,0.0,0.0,0.0111731843575419,0.09497206703910614,0.1340782122905028,0.0,0.09497206703910614,0.0,0.0,179
KUL01,Border,T cells,T follicular helper cells,GSE144735,0.0,0.3117252957194419,0.38737944754351183,0.0,0.0,0.0,0.0,0.0,0.3117252957194419,0.0,0.0,0.0,0.0,0.0,0.0,0.0,0.0,0.0,0.0,0.0,0.0,0.0,0.38737944754351183,0.0,0.0,0.6991047432629538,0.0,0.0,0.0,0.3117252957194419,0.0,0.0,0.0,3.1867752121329445,0.0,0.0,0.0,0.38737944754351183,0.8843890321611751,0.8023628550162915,0.0,1.5699392718312715,0.0,0.0,0.0,0.0,0.0,0.0,0.0,0.0,0.0,0.3404748308243437,0.0,0.0,0.3117252957194419,0.0,0.0,0.0,0.25,0.25,0.0,0.0,0.0,0.0,0.0,0.25,0.0,0.0,0.0,0.0,0.0,0.0,0.0,0.0,0.0,0.0,0.0,0.0,0.0,0.25,0.0,0.0,0.5,0.0,0.0,0.0,0.25,0.0,0.0,0.0,1.0,0.0,0.0,0.0,0.25,0.25,0.5,0.0,0.75,0.0,0.0,0.0,0.0,0.0,0.0,0.0,0.0,0.0,0.25,0.0,0.0,0.25,0.0,0.0,4
KUL01,Border,T cells,Unknown,GSE144735,0.0,0.45557139631178706,0.28526257066839467,0.030119306369598194,0.01003465958860754,1.1432571013375452,0.8526343234074866,0.00998863040549227,0.1293975599651166,0.03141253152093394,0.0,0.0,0.0,0.0,0.020091856104516637,0.02060362592376921,0.0,0.00873410192242256,0.17125794570051006,0.0,0.1399201676425903,0.0,0.24740154024021188,0.008025468585634837,0.0,0.5887564422862264,0.0,0.0,0.0670173733008494,0.11471494494482087,0.33528298221977254,0.0,0.02543905040114148,3.087098389441086,0.011206064230616932,0.8494087930406751,0.011154717886492563,0.4638281035422069,1.806092038406987,1.1920651555624715,0.008592212598393451,1.5379321073564476,0.0,0.0,0.0,0.0187537057047691,0.0,0.040470858549058714,0.008042905952351697,0.010972421489733328,0.0,0.11145677451263214,0.273580722371374,0.0,0.17631888061164594,0.0,0.011017829563608939,0.0,0.27941176470588236,0.18382352941176472,0.022058823529411766,0.007352941176470588,0.47058823529411764,0.4338235294117647,0.007352941176470588,0.08823529411764706,0.022058823529411766,0.0,0.0,0.0,0.0,0.014705882352941176,0.014705882352941176,0.0,0.007352941176470588,0.11764705882352941,0.0,0.09558823529411764,0.0,0.16911764705882354,0.007352941176470588,0.0,0.3602941176470588,0.0,0.0,0.04411764705882353,0.07352941176470588,0.22058823529411764,0.0,0.014705882352941176,1.0,0.007352941176470588,0.4411764705882353,0.007352941176470588,0.25,0.6397058823529411,0.6323529411764706,0.007352941176470588,0.7058823529411765,0.0,0.0,0.0,0.014705882352941176,0.0,0.029411764705882353,0.007352941176470588,0.007352941176470588,0.0,0.07352941176470588,0.19117647058823528,0.0,0.11764705882352941,0.0,0.007352941176470588,136
KUL01,Normal,B cells,CD19+CD20+ B,GSE144735,0.0,0.7597101017282883,0.0,0.0,0.0,0.0,0.0,0.0,0.0,0.0,0.0,0.0,0.0,0.0,0.0,0.0,0.0,0.0,0.0,0.0,0.0,0.0,0.0,0.0,0.0,0.0,0.0,0.0,0.0,0.0,0.0,0.0,0.0,2.9550406270037506,0.0,0.0,0.0,0.0,0.0,0.7597101017282883,0.0,0.0,0.0,0.0,0.0,0.0,0.0,0.0,0.0,0.0,0.0,0.0,0.0,0.0,0.0,0.0,0.0,0.0,1.0,0.0,0.0,0.0,0.0,0.0,0.0,0.0,0.0,0.0,0.0,0.0,0.0,0.0,0.0,0.0,0.0,0.0,0.0,0.0,0.0,0.0,0.0,0.0,0.0,0.0,0.0,0.0,0.0,0.0,0.0,0.0,1.0,0.0,0.0,0.0,0.0,0.0,1.0,0.0,0.0,0.0,0.0,0.0,0.0,0.0,0.0,0.0,0.0,0.0,0.0,0.0,0.0,0.0,0.0,0.0,1
KUL01,Normal,B cells,IgA+ Plasma,GSE144735,0.0,0.032111692141007425,0.011182887639101911,0.0,0.0030080245763502407,0.005717221971342255,0.0008369841946500444,0.0,0.09272888666918985,0.032985618002991594,0.02804364061835175,0.0,0.0,0.051814127751168663,0.007839120781995241,0.006227615389620194,0.0011188272259151423,0.0011128351396374621,0.006460065487533519,0.0010126503062113312,0.05713491900175939,0.0014515769886660511,0.0835450326568205,0.004366090151393368,0.0,1.0923232678414192,0.0,0.0,0.024171704624827435,0.0013829848007118172,0.029039806646786893,0.0,0.0,1.8620344347404372,0.02395940122142459,0.0026512883838630615,0.0009395256016536959,0.0,0.004040980531240067,0.3512068484750308,0.0014515769886660511,0.507626221119378,0.0,0.0069659971490497906,0.0,0.028326135672918282,0.0,0.014962308418627876,0.0,0.01628682670448218,0.0,0.04191938587571806,0.04495240285481483,0.0,0.06857247630345926,0.0,0.011371346618594446,0.0,0.0626865671641791,0.023880597014925373,0.0,0.008955223880597015,0.014925373134328358,0.0029850746268656717,0.0,0.21194029850746268,0.07462686567164178,0.06567164179104477,0.0,0.0,0.09850746268656717,0.014925373134328358,0.01791044776119403,0.0029850746268656717,0.0029850746268656717,0.011940298507462687,0.0029850746268656717,0.11940298507462686,0.0029850746268656717,0.19701492537313434,0.011940298507462687,0.0,0.9134328358208955,0.0,0.0,0.05970149253731343,0.0029850746268656717,0.06865671641791045,0.0,0.0,0.9970149253731343,0.0626865671641791,0.005970149253731343,0.0029850746268656717,0.0,0.008955223880597015,0.6179104477611941,0.0029850746268656717,0.7164179104477612,0.0,0.014925373134328358,0.0,0.0626865671641791,0.0,0.03582089552238806,0.0,0.041791044776119404,0.0,0.1044776119402985,0.11641791044776119,0.0,0.14328358208955225,0.0,0.026865671641791045,335
KUL01,Normal,B cells,IgG+ Plasma,GSE144735,0.0,0.0,0.0,0.0,0.0,0.0,0.0,0.0,0.5580399960411697,0.317451241802841,0.0,0.0,0.0,0.0,0.0,0.0,0.0,0.0,0.0,0.0,0.0,0.0,0.5580399960411697,0.0,0.0,1.1761082506971225,0.0,0.0,0.0,0.0,0.0,0.0,0.0,2.6962491020298653,0.9140839272905829,0.0,0.0,0.0,0.0,0.0,0.0,0.7518248747711523,0.0,0.0,0.0,0.317451241802841,0.0,0.0,0.0,0.0,0.0,1.0536537432655178,0.317451241802841,0.0,2.0444878188172995,0.0,0.0,0.0,0.0,0.0,0.0,0.0,0.0,0.0,0.0,1.0,1.0,0.0,0.0,0.0,0.0,0.0,0.0,0.0,0.0,0.0,0.0,0.0,0.0,1.0,0.0,0.0,1.0,0.0,0.0,0.0,0.0,0.0,0.0,0.0,1.0,1.0,0.0,0.0,0.0,0.0,0.0,0.0,1.0,0.0,0.0,0.0,1.0,0.0,0.0,0.0,0.0,0.0,1.0,1.0,0.0,1.0,0.0,0.0,1
KUL01,Normal,B cells,Unspecified Plasma,GSE144735,0.0,0.0,0.0,0.05173209227936848,0.0,0.0,0.0,0.0,0.18338217593667466,0.06627332320672237,0.0,0.0,0.0,0.0,0.0,0.0,0.0,0.0,0.0,0.0,0.0,0.0,0.0,0.0,0.0,0.5747254679183688,0.0,0.0,0.0,0.0,0.0,0.0,0.0,1.587585846014555,0.0766598505539608,0.0,0.0,0.0,0.0,0.17348547852783305,0.0,0.32658583590324,0.0,0.0,0.0,0.0,0.0,0.05173209227936848,0.0,0.0,0.0,0.034002006228104,0.0,0.0,0.06439031957021078,0.0,0.0,0.0,0.0,0.0,0.04,0.0,0.0,0.0,0.0,0.12,0.04,0.0,0.0,0.0,0.0,0.0,0.0,0.0,0.0,0.0,0.0,0.0,0.0,0.0,0.0,0.0,0.32,0.0,0.0,0.0,0.0,0.0,0.0,0.0,0.76,0.04,0.0,0.0,0.0,0.0,0.12,0.0,0.2,0.0,0.0,0.0,0.0,0.0,0.04,0.0,0.0,0.0,0.04,0.0,0.0,0.04,0.0,0.0,25
KUL01,Normal,Epithelial cells,BEST4+ Enterocytes,GSE144735,0.0,0.0,0.0,0.0,0.0,0.0,0.0,0.0,0.0,0.0,0.0,0.0,0.0,0.0,0.0,0.0,0.0,0.0,0.0,0.0,0.788544643248152,0.0,1.0297222854926655,0.0,0.0,0.0,0.0,0.0,0.0,0.0,0.0,0.0,0.0,3.733052524573554,0.0,0.0,0.0,0.0,0.0,3.0911951934059623,0.0,2.2408526806558644,0.0,0.0,0.0,0.0,0.0,0.0,0.0,0.0,0.0,0.0,0.0,0.0,0.0,0.0,0.0,0.0,0.0,0.0,0.0,0.0,0.0,0.0,0.0,0.0,0.0,0.0,0.0,0.0,0.0,0.0,0.0,0.0,0.0,0.0,0.0,1.0,0.0,1.0,0.0,0.0,0.0,0.0,0.0,0.0,0.0,0.0,0.0,0.0,1.0,0.0,0.0,0.0,0.0,0.0,1.0,0.0,1.0,0.0,0.0,0.0,0.0,0.0,0.0,0.0,0.0,0.0,0.0,0.0,0.0,0.0,0.0,0.0,1
KUL01,Normal,Epithelial cells,Goblet cells,GSE144735,0.0,0.18112784667314782,0.0,0.0,0.012838802360630156,0.0,0.0,0.0,0.07343189523300223,0.014418344131687681,0.02074890353365672,0.0,0.0,0.0,0.0,0.049133837416060706,0.0,0.0,0.027829209041981266,0.0,0.7235854189671223,0.0,0.15577119430654615,0.0,0.02435730601489401,0.44450763433643675,0.0,0.0,0.03085100238223297,0.2909851169965428,0.0,0.0,0.0,2.7343301063970866,0.02724312211765198,0.0,0.0,0.0,0.0,2.6894520139595524,0.0,2.5174352314012034,0.0,0.0,0.0,0.11094658886510418,0.0,0.0315943664834173,0.0,0.014030827900222191,0.013857017034999398,0.11453853190072039,0.08056589079226775,0.0,0.09676796931944635,0.0,0.024696697417619155,0.0,0.15517241379310345,0.0,0.0,0.017241379310344827,0.0,0.0,0.0,0.10344827586206896,0.034482758620689655,0.017241379310344827,0.0,0.0,0.0,0.0,0.034482758620689655,0.0,0.0,0.017241379310344827,0.0,0.5344827586206896,0.0,0.1896551724137931,0.0,0.034482758620689655,0.39655172413793105,0.0,0.0,0.034482758620689655,0.1724137931034483,0.0,0.0,0.0,0.9827586206896551,0.034482758620689655,0.0,0.0,0.0,0.0,0.9655172413793104,0.0,0.896551724137931,0.0,0.0,0.0,0.08620689655172414,0.0,0.034482758620689655,0.0,0.017241379310344827,0.017241379310344827,0.10344827586206896,0.06896551724137931,0.0,0.13793103448275862,0.0,0.017241379310344827,58
KUL01,Normal,Epithelial cells,Intermediate,GSE144735,0.0,0.049195691348914626,0.0,0.0,0.0,0.0,0.0,0.0,0.08214595094440595,0.0,0.0,0.0,0.0,0.0,0.0505850519152835,0.0,0.0,0.0,0.0,0.0,0.1675041614390636,0.0,0.3385790778738225,0.0,0.0,0.07523223459318625,0.05889879268094066,0.0,0.0,0.38947103469990224,0.08853328498552508,0.0,0.0,4.004956465588141,0.13363939937467337,0.0,0.0,0.0,0.0,2.8392814839796685,0.0,2.0225553193365573,0.0,0.0,0.0,0.0,0.0,0.0,0.0,0.0,0.0,0.0,0.08825883678111322,0.0,0.0,0.0,0.05889879268094066,0.0,0.038461538461538464,0.0,0.0,0.0,0.0,0.0,0.0,0.07692307692307693,0.0,0.0,0.0,0.0,0.0,0.038461538461538464,0.0,0.0,0.0,0.0,0.0,0.11538461538461539,0.0,0.19230769230769232,0.0,0.0,0.07692307692307693,0.038461538461538464,0.0,0.0,0.23076923076923078,0.038461538461538464,0.0,0.0,1.0,0.07692307692307693,0.0,0.0,0.0,0.0,0.9230769230769231,0.0,0.7307692307692307,0.0,0.0,0.0,0.0,0.0,0.0,0.0,0.0,0.0,0.0,0.07692307692307693,0.0,0.0,0.0,0.038461538461538464,26
KUL01,Normal,Epithelial cells,Mature Enterocytes,GSE144735,0.0,0.2667646271255146,0.0,0.0,0.0,0.0,0.0,0.0,0.07834163930631105,0.008995281872801558,0.024300104345956985,0.0,0.0,0.0,0.0,0.0,0.0,0.0,0.0,0.0,0.4742755268637934,0.0,0.37480409017248095,0.0,0.0,0.1165814611872308,0.0,0.0,0.08960221641569055,0.13715554986957273,0.0,0.0,0.0,5.441118484687187,0.0,0.0,0.0,0.0,0.0,3.6543971151220522,0.0459852928671782,3.0559327210534803,0.0,0.07429739394253512,0.0,0.008995281872801558,0.0,0.08234541340379542,0.0,0.0,0.0,0.0,0.37982324637092496,0.0,0.11023091964818833,0.0,0.08593081530223136,0.0,0.24,0.0,0.0,0.0,0.0,0.0,0.0,0.08,0.04,0.04,0.0,0.0,0.0,0.0,0.0,0.0,0.0,0.0,0.0,0.36,0.0,0.28,0.0,0.0,0.12,0.0,0.0,0.08,0.2,0.0,0.0,0.0,1.0,0.0,0.0,0.0,0.0,0.0,1.0,0.04,0.92,0.0,0.08,0.0,0.04,0.0,0.04,0.0,0.0,0.0,0.0,0.32,0.0,0.08,0.0,0.04,25
KUL01,Normal,Epithelial cells,Stem-like/TA,GSE144735,0.0,0.0639860621778868,0.0,0.0,0.0,0.0,0.023569000138481715,0.0,0.018727550059057654,0.04436019556559986,0.0265233070700439,0.0,0.005555013438440555,0.008997391649200374,0.07312523354525396,0.0794059430600608,0.0,0.008516410510699852,0.0,0.0,0.7395292918666736,0.0,0.5095010901202669,0.005119242754566374,0.0,0.2867211354518776,0.014861577860358438,0.0,0.20444225651965378,0.6141556627430813,0.1363967885470509,0.0,0.0,3.6852526946525295,0.04674627144658754,0.01152012265086133,0.014658204030505152,0.0,0.0,2.8794565166492774,0.0,2.0064782405580117,0.0,0.0,0.0,0.11271141990958561,0.04242337384220719,0.04906478074979167,0.0,0.029159945237628323,0.0,0.0437190936464094,0.5001917645986277,0.0,0.11392063305508841,0.0,0.020345502751142483,0.0,0.17777777777777778,0.0,0.0,0.0,0.0,0.08888888888888889,0.0,0.06666666666666667,0.13333333333333333,0.06666666666666667,0.0,0.022222222222222223,0.022222222222222223,0.1111111111111111,0.17777777777777778,0.0,0.022222222222222223,0.0,0.0,0.7777777777777778,0.0,0.7111111111111111,0.022222222222222223,0.0,0.5555555555555556,0.022222222222222223,0.0,0.4444444444444444,0.6888888888888889,0.28888888888888886,0.0,0.0,1.0,0.15555555555555556,0.022222222222222223,0.022222222222222223,0.0,0.0,1.0,0.0,1.0,0.0,0.0,0.0,0.26666666666666666,0.13333333333333333,0.08888888888888889,0.0,0.044444444444444446,0.0,0.13333333333333333,0.6666666666666666,0.0,0.26666666666666666,0.0,0.044444444444444446,45
KUL01,Normal,Epithelial cells,Tuft cells,GSE144735,0.0,0.10167202851656534,0.0,0.0,0.0,0.0,0.0,0.0,0.0,0.0,0.10732840242455013,0.0,0.0,0.0,0.0,0.0,0.0,0.0,0.0,0.0,0.1181758406881305,0.0,0.0,0.0,0.0,0.584772666510905,0.0,0.0,0.14315587337778737,0.0,0.0,0.0,0.0,2.80105481281608,0.21835246837493202,0.0,0.0,0.0,0.0,1.1285218230254397,0.0,0.4250621055862709,0.0,0.10167202851656534,0.0,0.0,0.0,0.0,0.0,0.0,0.0,0.0778378086596731,0.11290992528680899,0.0,0.0,0.0,0.0,0.0,0.058823529411764705,0.0,0.0,0.0,0.0,0.0,0.0,0.0,0.0,0.058823529411764705,0.0,0.0,0.0,0.0,0.0,0.0,0.0,0.0,0.0,0.058823529411764705,0.0,0.0,0.0,0.0,0.29411764705882354,0.0,0.0,0.058823529411764705,0.0,0.0,0.0,0.0,0.9411764705882353,0.11764705882352941,0.0,0.0,0.0,0.0,0.5294117647058824,0.0,0.23529411764705882,0.0,0.058823529411764705,0.0,0.0,0.0,0.0,0.0,0.0,0.0,0.058823529411764705,0.058823529411764705,0.0,0.0,0.0,0.0,17
KUL01,Normal,Mast cells,Mast cells,GSE144735,0.0,0.0,0.0,0.0,0.0,0.0,0.0,0.0,0.0,0.0,0.0,0.0,0.0,0.0,0.0,0.0,0.0,0.0,0.0,0.0,0.09167208967816144,0.0,0.0,0.0,0.0,1.3790361726931852,0.0,0.0,0.0,0.0,0.0,0.0,0.0,5.265391608286814,0.0,0.0,0.0,0.0,0.0,2.7747923891092205,0.0,0.4258525172805399,0.0,0.0,0.0,0.1615429903211477,0.0,0.0,0.0,0.0,0.0,0.16677809544476455,0.0,0.0,0.28615794982805187,0.0,0.0,0.0,0.0,0.0,0.0,0.0,0.0,0.0,0.0,0.0,0.0,0.0,0.0,0.0,0.0,0.0,0.0,0.0,0.0,0.0,0.0,0.07142857142857142,0.0,0.0,0.0,0.0,0.5714285714285714,0.0,0.0,0.0,0.0,0.0,0.0,0.0,1.0,0.0,0.0,0.0,0.0,0.0,0.8571428571428571,0.0,0.21428571428571427,0.0,0.0,0.0,0.07142857142857142,0.0,0.0,0.0,0.0,0.0,0.07142857142857142,0.0,0.0,0.14285714285714285,0.0,0.0,14
KUL01,Normal,Myeloids,Anti-inflammatory,GSE144735,0.005328332436293645,0.11893486368893752,0.09314882578012114,0.0,0.030057413037460953,0.0,0.0,0.0,0.11792793197904647,0.10315148689239978,0.019957190013792914,0.007296485232134378,0.0,0.015544022680427358,0.07942901001284516,0.5049118193599396,0.05998647786529264,0.09802598628261619,0.05332591776576914,0.42068571709180974,1.1131617125820226,0.06850374882454477,0.5548153286442087,0.053366074623370056,0.01035533261345095,1.454029361146625,0.0,0.0,1.0684546251038438,0.01296855195221819,0.007349895807042551,0.0,0.0,4.640304791291995,0.5174253085682056,0.0,1.2502856285762554,0.006316529823002687,0.0,1.3097574052573058,0.007725071965623966,1.3724412926186906,0.0,0.003587420292562865,0.0,1.8329250443560148,0.0,0.2541599688890017,0.0,0.04980342123164194,0.0,0.07046862518596654,0.02199111183827887,0.0,0.7280658116903989,0.0,0.050613423503434625,0.004975124378109453,0.11940298507462686,0.0845771144278607,0.0,0.03980099502487562,0.0,0.0,0.0,0.08955223880597014,0.0845771144278607,0.01990049751243781,0.004975124378109453,0.0,0.009950248756218905,0.04477611940298507,0.23880597014925373,0.03980099502487562,0.04975124378109453,0.024875621890547265,0.32338308457711445,0.5970149253731343,0.05472636815920398,0.39303482587064675,0.03980099502487562,0.009950248756218905,0.7761194029850746,0.0,0.0,0.6666666666666666,0.009950248756218905,0.009950248756218905,0.0,0.0,1.0,0.38308457711442784,0.0,0.7313432835820896,0.004975124378109453,0.0,0.681592039800995,0.004975124378109453,0.6318407960199005,0.0,0.004975124378109453,0.0,0.8855721393034826,0.0,0.14427860696517414,0.0,0.03482587064676617,0.0,0.05970149253731343,0.024875621890547265,0.0,0.30845771144278605,0.0,0.05472636815920398,201
KUL01,Normal,Myeloids,Pro-inflammatory,GSE144735,0.0,0.8622279608247602,0.6349108342377067,0.02464704739548035,0.0961463805218519,0.0,0.0,0.006684221447852448,0.05847317549629083,0.08931869220508533,0.009250710710922965,0.0,0.0,0.0,0.020794760510950284,1.0908017238697891,0.041594795852817015,0.38711003672705924,0.03243139236955001,0.5086364958677828,1.5705708268472476,0.07897841548893748,1.3419104093466803,0.04946764983078776,0.007444014658287484,2.029762562739053,0.0180569272634945,0.0,0.7907792661386669,0.0,0.1306481781675532,0.008143706540269734,0.0,4.9948450796799655,0.06972445620492511,0.0,0.6502528578368987,0.004905683702889568,0.007470005368964819,1.609876779323252,0.007194860247728707,3.543372810232922,0.0,0.028873440761893722,0.0,1.6573996984874215,0.0,0.029249340884488852,0.0,0.01763874012262104,0.011255180388245625,0.06993233673406739,0.07619607648600714,0.008084684934857584,0.05600759720267076,0.004920796131156828,0.01373067344361106,0.0,0.6194690265486725,0.45132743362831856,0.02654867256637168,0.09734513274336283,0.0,0.0,0.008849557522123894,0.07079646017699115,0.07964601769911504,0.008849557522123894,0.0,0.0,0.0,0.017699115044247787,0.4778761061946903,0.017699115044247787,0.19469026548672566,0.02654867256637168,0.4336283185840708,0.8495575221238938,0.061946902654867256,0.7522123893805309,0.04424778761061947,0.008849557522123894,0.9292035398230089,0.008849557522123894,0.0,0.5752212389380531,0.0,0.12389380530973451,0.008849557522123894,0.0,1.0,0.07079646017699115,0.0,0.5486725663716814,0.008849557522123894,0.008849557522123894,0.9026548672566371,0.008849557522123894,0.9734513274336283,0.0,0.02654867256637168,0.0,0.8584070796460177,0.0,0.02654867256637168,0.0,0.017699115044247787,0.008849557522123894,0.07079646017699115,0.07964601769911504,0.008849557522123894,0.061946902654867256,0.008849557522123894,0.008849557522123894,113
KUL01,Normal,Myeloids,SPP1+B,GSE144735,0.0,0.0,0.0,0.0,0.0,0.0,0.0,0.0,0.0,0.0,0.0,0.0,0.0,0.0,0.0,0.0,0.0,0.0,0.0,0.9371888495117716,1.4123494748672234,0.0,0.0,0.0,0.0,0.9371888495117716,0.0,0.0,1.4123494748672234,0.0,0.0,0.0,0.0,3.955891286977974,0.0,0.0,0.0,0.0,0.0,1.4123494748672234,0.0,4.866626250302337,0.0,0.0,0.0,2.333770744628832,0.0,0.0,0.0,0.0,0.0,0.0,0.0,0.0,3.644590016030108,0.0,0.0,0.0,0.0,0.0,0.0,0.0,0.0,0.0,0.0,0.0,0.0,0.0,0.0,0.0,0.0,0.0,0.0,0.0,0.0,0.0,1.0,1.0,0.0,0.0,0.0,0.0,1.0,0.0,0.0,1.0,0.0,0.0,0.0,0.0,1.0,0.0,0.0,0.0,0.0,0.0,1.0,0.0,1.0,0.0,0.0,0.0,1.0,0.0,0.0,0.0,0.0,0.0,0.0,0.0,0.0,1.0,0.0,0.0,1
KUL01,Normal,Myeloids,Unknown,GSE144735,0.0,0.22472688860372755,0.0,0.0,0.0,0.0,0.0,0.0,0.2387571299199819,0.18651665783829796,0.0,0.0,0.0,0.0,0.0,0.19991510161970338,0.06719515535045942,0.0,0.0,0.12756503204325134,0.5591262952069271,0.05337058758696113,0.2161928027741057,0.06259559489455727,0.0,0.8666015362589428,0.0,0.0,0.3155256383924282,0.0,0.06185248048360933,0.0,0.0,5.050790849933932,0.3869837877478252,0.0,0.09410963615547843,0.0,0.0,1.5699173086793536,0.0,1.3871814954601076,0.0,0.0,0.0,1.3083329254210612,0.0,0.09507204926142766,0.0,0.0,0.0,0.2494729694258637,0.09266254870533012,0.0,0.6653684108034875,0.0,0.08857902716023952,0.0,0.16,0.0,0.0,0.0,0.0,0.0,0.0,0.12,0.12,0.0,0.0,0.0,0.0,0.0,0.08,0.04,0.0,0.0,0.08,0.28,0.04,0.12,0.04,0.0,0.44,0.0,0.0,0.16,0.0,0.04,0.0,0.0,1.0,0.2,0.0,0.08,0.0,0.0,0.6,0.0,0.48,0.0,0.0,0.0,0.6,0.0,0.04,0.0,0.0,0.0,0.12,0.04,0.0,0.28,0.0,0.04,25
KUL01,Normal,Myeloids,cDC,GSE144735,0.05899077592476139,0.21784808004741452,0.0,0.0,0.0,0.0,0.0,0.0,0.0,0.05899077592476139,0.07999259045287596,0.0,0.0,0.0,0.0,0.14343064642501546,0.0,0.0,0.0,0.062493245121967626,0.11202623773835232,0.0,0.2677627213481083,0.0,0.0,1.3636699780519488,0.0,0.0,0.0,0.0,0.0,0.0,0.0,3.98955849406735,0.0,0.0,0.0,0.0,0.0,0.986881144909991,0.0,0.7879160021552937,0.0,0.0,0.0,0.8623384633641,0.0,0.0,0.0,0.0,0.0,0.14000636930190397,0.0,0.0,0.0,0.0,1.3219915548932235,0.14285714285714285,0.2857142857142857,0.0,0.0,0.0,0.0,0.0,0.0,0.0,0.14285714285714285,0.14285714285714285,0.0,0.0,0.0,0.0,0.2857142857142857,0.0,0.0,0.0,0.14285714285714285,0.14285714285714285,0.0,0.42857142857142855,0.0,0.0,0.7142857142857143,0.0,0.0,0.0,0.0,0.0,0.0,0.0,1.0,0.0,0.0,0.0,0.0,0.0,0.7142857142857143,0.0,0.42857142857142855,0.0,0.0,0.0,0.5714285714285714,0.0,0.0,0.0,0.0,0.0,0.2857142857142857,0.0,0.0,0.0,0.0,0.5714285714285714,7
KUL01,Normal,Stromal cells,Enteric glial cells,GSE144735,0.0,0.8839255676032117,0.0,0.0,0.2744965418867804,0.030538031864182913,0.0,0.0,0.8004790052849767,0.23440725216328465,0.9980341920005845,0.30261718848254,0.0,0.4247999095644987,0.0,0.0,0.0,0.02108388686724187,2.645180544971905,0.0,0.49572151457343877,0.0,0.2293066196065055,0.0,0.0,1.495623474896544,2.780601710523543,0.04244671945686464,0.25129329745383816,0.0,0.0,0.0,0.0,4.278251784290396,0.22839846939983932,0.023465198339734768,0.0,0.0,0.0,1.778033022444453,0.036036410315247513,3.0685973421663597,0.015337490177401502,0.0,0.0,0.0,0.0,0.8854430837131316,0.0,0.0,0.0,0.8447569418592868,0.042973961977342205,0.0,0.4433027258619318,0.8429681586180917,3.5825028641002596,0.0,0.525,0.0,0.0,0.2,0.025,0.0,0.0,0.425,0.15,0.5,0.2,0.0,0.25,0.0,0.0,0.0,0.025,0.975,0.0,0.3,0.0,0.15,0.0,0.0,0.75,0.95,0.025,0.15,0.0,0.0,0.0,0.0,1.0,0.175,0.025,0.0,0.0,0.0,0.825,0.025,0.95,0.025,0.0,0.0,0.0,0.0,0.375,0.0,0.0,0.0,0.5,0.05,0.0,0.15,0.55,1.0,40
KUL01,Normal,Stromal cells,Lymphatic ECs,GSE144735,0.0,0.02477773841280985,0.0,0.0,0.2886486904674593,0.0,0.0,0.0,0.02477773841280985,0.9059126729743853,0.0,0.0,0.0,0.071164596393847,0.0,0.1037747766083934,0.0,0.0,0.0,0.0,0.04185269566371,0.0,0.09847274049927227,0.0,0.0,1.9851531925277217,0.0,0.0,0.37441660866187004,0.0,0.0,0.0,0.0,3.5209649714700535,0.0,0.0,0.0,0.0,0.0,1.634590082263081,0.15323557134522345,1.4476816302609992,0.05442693677571625,0.0,0.0,0.1649166912979919,0.0,0.13613447076204616,0.0,0.0,0.0,0.0,0.0619220809446834,0.0,0.0,0.0,0.0,0.0,0.05555555555555555,0.0,0.0,0.2222222222222222,0.0,0.0,0.0,0.05555555555555555,0.5,0.0,0.0,0.0,0.05555555555555555,0.0,0.1111111111111111,0.0,0.0,0.0,0.0,0.05555555555555555,0.0,0.1111111111111111,0.0,0.0,0.8888888888888888,0.0,0.0,0.2777777777777778,0.0,0.0,0.0,0.0,1.0,0.0,0.0,0.0,0.0,0.0,0.8333333333333334,0.1111111111111111,0.7222222222222222,0.05555555555555555,0.0,0.0,0.1111111111111111,0.0,0.05555555555555555,0.0,0.0,0.0,0.0,0.05555555555555555,0.0,0.0,0.0,0.0,18
KUL01,Normal,Stromal cells,Myofibroblasts,GSE144735,0.0,0.40705674865590513,0.0,0.1393706749077429,0.0,0.0,0.0,0.014184857522264093,0.6827974009760649,0.5155092821169478,0.13665775467563937,0.0,0.0,0.14694917523219103,0.0,0.0,0.0,0.13665775467563937,0.0,0.0,0.2276706043673482,0.0,0.422556583931784,0.12752371206063723,0.1320932734723318,2.4808103395779604,0.1391130197378445,0.13276431770992694,0.1471788599026199,0.0,0.014184857522264093,0.0,0.0,3.9759659432516288,1.9884187877720754,0.0,0.0,0.0,0.0,2.007133189414728,0.0,0.945926700902785,0.0,0.0,0.0,0.09658187042832467,0.0,0.12752371206063723,0.0,1.271468838914208,0.0,0.8003098930355125,0.22867514390065646,0.0,0.16726156159758226,0.0,0.27998613851356324,0.0,0.23529411764705882,0.0,0.058823529411764705,0.0,0.0,0.0,0.058823529411764705,0.29411764705882354,0.23529411764705882,0.058823529411764705,0.0,0.0,0.11764705882352941,0.0,0.0,0.0,0.058823529411764705,0.0,0.0,0.11764705882352941,0.0,0.23529411764705882,0.058823529411764705,0.058823529411764705,0.7647058823529411,0.058823529411764705,0.058823529411764705,0.11764705882352941,0.0,0.058823529411764705,0.0,0.0,1.0,0.7647058823529411,0.0,0.0,0.0,0.0,0.8823529411764706,0.0,0.35294117647058826,0.0,0.0,0.0,0.058823529411764705,0.0,0.058823529411764705,0.0,0.4117647058823529,0.0,0.29411764705882354,0.11764705882352941,0.0,0.11764705882352941,0.0,0.058823529411764705,17
KUL01,Normal,Stromal cells,Pericytes,GSE144735,0.0,0.3024411067349488,0.0,0.0,0.46435823593704534,0.0,0.0,0.0226551364734214,1.527982980288758,0.3216651357312913,0.2721065661451032,0.0226551364734214,0.0,0.0,0.0,0.0,0.0,0.0,0.0,0.0,0.05436693751868709,0.0,0.369767971319173,0.09407642088326074,1.4935069189201953,2.562103801824655,0.0,0.06637322688766853,0.8677174397841837,0.0,0.5935681380170006,0.0,0.0,3.410501101027332,1.0599183513619694,0.0,0.07346303152592264,0.0,0.0226551364734214,1.4148090564667561,0.040133756613537255,3.2736222212904096,0.0,0.0,0.0,0.07675609310504429,0.0,1.1988714091362607,0.0,0.24646181773924328,0.0,0.6068910889521222,0.07443757380389754,0.0,0.31248073176286184,0.0,0.0,0.0,0.23076923076923078,0.0,0.0,0.38461538461538464,0.0,0.0,0.07692307692307693,0.6153846153846154,0.23076923076923078,0.15384615384615385,0.07692307692307693,0.0,0.0,0.0,0.0,0.0,0.0,0.0,0.0,0.07692307692307693,0.0,0.3076923076923077,0.07692307692307693,0.7692307692307693,1.0,0.0,0.07692307692307693,0.46153846153846156,0.0,0.46153846153846156,0.0,0.0,1.0,0.5384615384615384,0.0,0.07692307692307693,0.0,0.07692307692307693,0.6923076923076923,0.07692307692307693,0.9230769230769231,0.0,0.0,0.0,0.07692307692307693,0.0,0.38461538461538464,0.0,0.07692307692307693,0.0,0.3076923076923077,0.07692307692307693,0.0,0.15384615384615385,0.0,0.0,13
KUL01,Normal,Stromal cells,Smooth muscle cells,GSE144735,0.0,0.5224585316949619,0.0,0.0,0.16551254089280026,0.0178597994715338,0.0,0.0,0.7507466268874663,0.8756516780446706,0.03744474244571667,0.0,0.0,0.10279789301035881,0.0,0.0,0.0,0.0,0.03236832173372124,0.0,0.2709778222733207,0.0,0.3062690218993256,0.07385894847535304,0.025887280337806514,1.5962451039598269,0.0,0.0,0.5478636663813454,0.0,0.07020761060728528,0.0,0.0,3.637709268005342,0.3584785510520475,0.0,0.0,0.0,0.0,1.1305083863455372,0.0,2.3916993921675656,0.0,0.0,0.0,0.02172319346862802,0.0,0.19022318601278584,0.0,0.11139706723832357,0.0,0.6125021080736623,0.0493428933159018,0.0,0.33949527211704167,0.0,0.02589777507176779,0.0,0.38095238095238093,0.0,0.0,0.14285714285714285,0.015873015873015872,0.0,0.0,0.4444444444444444,0.4603174603174603,0.031746031746031744,0.0,0.0,0.06349206349206349,0.0,0.0,0.0,0.0,0.015873015873015872,0.0,0.2222222222222222,0.0,0.2857142857142857,0.06349206349206349,0.015873015873015872,0.8888888888888888,0.0,0.0,0.42857142857142855,0.0,0.047619047619047616,0.0,0.0,1.0,0.25396825396825395,0.0,0.0,0.0,0.0,0.6666666666666666,0.0,0.7936507936507936,0.0,0.0,0.0,0.031746031746031744,0.0,0.09523809523809523,0.0,0.06349206349206349,0.0,0.4444444444444444,0.047619047619047616,0.0,0.15873015873015872,0.0,0.015873015873015872,63
KUL01,Normal,Stromal cells,Stalk-like ECs,GSE144735,0.0,0.8748637924227246,0.0,0.0,0.0,0.0,0.0,0.19923234806941695,0.049151678393879815,0.9669905529556329,0.34387031411708696,0.0,0.0,0.0,0.0,0.21724052954132753,0.0,0.0,0.0,0.0,0.30230951877198253,0.0,0.529947263847003,0.8231698019315455,0.0,1.0636408687828953,0.0,0.17892542586622687,0.11414795265371161,0.027857995498534124,0.9135155787816361,0.0,0.0,3.155868969636336,0.30400503301199483,0.0,0.0,0.0,0.1107873354845439,2.091628949187401,0.0,3.4302560863671516,0.0,0.0,0.0,0.0,0.0,1.1074607855186787,0.0,0.0,1.1342792047938195,0.027857995498534124,0.0,0.0,0.0,0.0,0.0,0.0,0.5454545454545454,0.0,0.0,0.0,0.0,0.0,0.09090909090909091,0.09090909090909091,0.6363636363636364,0.2727272727272727,0.0,0.0,0.0,0.0,0.18181818181818182,0.0,0.0,0.0,0.0,0.2727272727272727,0.0,0.36363636363636365,0.36363636363636365,0.0,0.6363636363636364,0.0,0.09090909090909091,0.09090909090909091,0.09090909090909091,0.5454545454545454,0.0,0.0,1.0,0.2727272727272727,0.0,0.0,0.0,0.09090909090909091,0.9090909090909091,0.0,1.0,0.0,0.0,0.0,0.0,0.0,0.45454545454545453,0.0,0.0,0.45454545454545453,0.09090909090909091,0.0,0.0,0.0,0.0,0.0,11
KUL01,Normal,Stromal cells,Stromal 1,GSE144735,0.0,0.6983021247906241,0.0,0.04956969995378576,1.108845253940295,0.0,0.0,0.0,3.1095540244699995,0.9624156084946395,0.5067424967132161,0.0,0.899534231452987,0.013863569466269193,1.4017056328561228,0.0,0.0,0.07304867054600761,0.0,0.0,0.31385373816536083,0.0,0.3572104160388085,0.0,0.04156043033878766,2.350905466112075,0.0,0.0,0.9703675724602315,0.0,0.6016134443282702,0.0,0.0,3.9492814111111927,1.399789384298024,0.0,0.0,0.0,0.0,1.4925205519146747,0.0,1.444545196448017,0.0,0.04156043033878766,0.0,0.13639096525393343,0.0,1.099178908110068,0.13202368436722947,2.966683255810332,0.0,2.365749621423885,0.21266429080099478,0.0,4.129397177208936,0.0,0.0,0.0,0.5588235294117647,0.0,0.029411764705882353,0.6764705882352942,0.0,0.0,0.0,1.0,0.47058823529411764,0.4117647058823529,0.0,0.5882352941176471,0.029411764705882353,0.5588235294117647,0.0,0.0,0.029411764705882353,0.0,0.0,0.2647058823529412,0.0,0.29411764705882354,0.0,0.029411764705882353,1.0,0.0,0.0,0.7058823529411765,0.0,0.5294117647058824,0.0,0.0,1.0,0.8235294117647058,0.0,0.0,0.0,0.0,0.8823529411764706,0.0,0.7941176470588235,0.0,0.029411764705882353,0.0,0.14705882352941177,0.0,0.6764705882352942,0.11764705882352941,0.8823529411764706,0.0,0.9705882352941176,0.20588235294117646,0.0,0.9705882352941176,0.0,0.0,34
KUL01,Normal,Stromal cells,Stromal 2,GSE144735,0.0,0.6281958303683434,0.14862326567624518,0.0,0.29602443149933794,0.0,0.03263945878780552,0.0,2.7534860800694307,0.36707130604842675,0.07339519954466002,0.0,0.0,0.031185129250129787,0.1127443370323236,0.0,0.0,0.0,0.0,0.0,0.14029627176913517,0.0,0.3076278160269442,0.0,0.04917686728436715,2.306758940850172,0.0,0.0,1.1005153150987612,0.0,0.4744191416592636,0.0,0.0,3.3242481017445678,0.7928996032998424,0.0,0.0,0.0,0.0,1.134952869180784,0.0,1.5617361498152873,0.0,0.0,0.0,0.12057940745256221,0.0,0.12729766338216275,0.0,0.13868824486239428,0.0,1.9845258839584634,0.0,0.0,0.8249219123007727,0.0,0.0,0.0,0.3793103448275862,0.10344827586206896,0.0,0.2413793103448276,0.0,0.034482758620689655,0.0,0.9310344827586207,0.1724137931034483,0.034482758620689655,0.0,0.0,0.034482758620689655,0.034482758620689655,0.0,0.0,0.0,0.0,0.0,0.10344827586206896,0.0,0.20689655172413793,0.0,0.034482758620689655,0.896551724137931,0.0,0.0,0.6551724137931034,0.0,0.3448275862068966,0.0,0.0,1.0,0.4827586206896552,0.0,0.0,0.0,0.0,0.6551724137931034,0.0,0.7586206896551724,0.0,0.0,0.0,0.10344827586206896,0.0,0.06896551724137931,0.0,0.06896551724137931,0.0,0.8275862068965517,0.0,0.0,0.4482758620689655,0.0,0.0,29
KUL01,Normal,Stromal cells,Stromal 3,GSE144735,0.0,0.4383086772036051,0.003898279375155267,0.01922034528302426,0.39269171458962504,0.009843826490545892,0.006475171047544406,0.08280192736102894,1.854839486605735,1.4522799118825869,1.6896637218493917,0.025143141600195675,0.10588148118822785,0.4030690771888086,0.03169137580308767,0.041468983466488134,0.003520834109924438,0.020146186657075238,0.004473384914240601,0.010778212913841338,0.2731365637729072,0.0,0.5683661815147886,0.11415269575858965,0.02345652060315293,3.3875398031772797,0.008320903068180495,0.0047823884881064375,0.8055587648344159,0.013203511149582424,0.2152180520962373,0.0,0.0009630102047875487,4.176067086353195,2.0807708175479367,0.0,0.003904815385901195,0.006267662468437813,0.014449517693557094,2.163236476947742,0.006356666082201583,1.5456462606481585,0.01373782725793195,0.07832973117206891,0.0,0.4054161749029539,0.0,0.46480122029261106,0.0,0.3727064458465527,0.0007217958284877577,2.0774494811561395,1.0072969776033778,0.0,0.635395628535325,0.0,0.007477473340670755,0.0,0.5120772946859904,0.004830917874396135,0.01932367149758454,0.4605475040257649,0.011272141706924315,0.011272141706924315,0.09500805152979067,0.9017713365539453,0.8743961352657005,0.8743961352657005,0.037037037037037035,0.13365539452495975,0.4170692431561997,0.037037037037037035,0.04186795491143317,0.00322061191626409,0.01610305958132045,0.008051529790660225,0.01610305958132045,0.28180354267310787,0.0,0.5426731078904992,0.09822866344605476,0.03542673107890499,1.0,0.01288244766505636,0.00644122383252818,0.7342995169082126,0.017713365539452495,0.2785829307568438,0.0,0.001610305958132045,1.0,0.9452495974235104,0.0,0.004830917874396135,0.008051529790660225,0.017713365539452495,0.9742351046698873,0.011272141706924315,0.8309178743961353,0.02254428341384863,0.0322061191626409,0.0,0.4557165861513688,0.0,0.3333333333333333,0.0,0.21578099838969403,0.001610305958132045,0.9323671497584541,0.5845410628019324,0.0,0.2834138486312399,0.0,0.014492753623188406,621
KUL01,Normal,Stromal cells,Tip-like ECs,GSE144735,0.0,0.601191897734122,0.0,0.0,0.0,0.0,0.0,0.06514977259002268,0.08323006577336926,0.9978904038878849,0.2577373293182519,0.0,0.0,0.0,0.08204075226948246,0.9607179129635292,0.0,0.0,0.0,0.0,0.1849521546743233,0.0,0.6241562705476861,0.20794937542273892,0.0,0.8889455413273353,0.0,0.0,0.19645515502091873,0.0,0.8109742601360409,0.0,0.0,2.953637664472133,1.2417177467929295,0.0,0.0,0.0,0.0,1.7415235585156275,0.0,2.3158797472181787,0.0,0.0,0.0,0.05078584791799563,0.0,0.8898982555434518,0.0,0.0,0.08590388189870254,0.09250090278279674,0.02819258133446647,0.0,0.0,0.0,0.05589568646755559,0.0,0.4,0.0,0.0,0.0,0.0,0.0,0.05,0.075,0.475,0.125,0.0,0.0,0.0,0.025,0.4,0.0,0.0,0.0,0.0,0.15,0.0,0.325,0.125,0.0,0.5,0.0,0.0,0.15,0.0,0.525,0.0,0.0,1.0,0.6,0.0,0.0,0.0,0.0,0.825,0.0,0.75,0.0,0.0,0.0,0.05,0.0,0.3,0.0,0.0,0.05,0.075,0.025,0.0,0.0,0.0,0.025,40
KUL01,Normal,T cells,CD4+ T cells,GSE144735,0.0,0.32035589612630566,0.20415898325360973,0.0,0.0,0.030834383609219862,0.06802700209565857,0.0,0.12980853161689304,0.0,0.0,0.0,0.0,0.0,0.0,0.0,0.0,0.0,0.0,0.0,0.07832033622414805,0.0,0.14517895044712492,0.0,0.0,0.8757377746775852,0.0,0.0,0.0,0.0,0.471605393183795,0.0,0.0,2.754656406183188,0.0,0.08787776050840398,0.037001491267271126,0.04122540941936712,0.0,0.3944765871555653,0.0,0.40307027113476857,0.0,0.0,0.0,0.03594905430929407,0.0,0.0,0.0,0.0,0.0,0.03612526738568601,0.09557242758693787,0.0,0.07228459991624103,0.0,0.0,0.0,0.21875,0.15625,0.0,0.0,0.03125,0.03125,0.0,0.09375,0.0,0.0,0.0,0.0,0.0,0.0,0.0,0.0,0.0,0.0,0.0,0.0625,0.0,0.09375,0.0,0.0,0.5625,0.0,0.0,0.0,0.0,0.34375,0.0,0.0,0.9375,0.0,0.0625,0.03125,0.03125,0.0,0.21875,0.0,0.21875,0.0,0.0,0.0,0.03125,0.0,0.0,0.0,0.0,0.0,0.03125,0.0625,0.0,0.0625,0.0,0.0,32
KUL01,Normal,T cells,CD8+ T cells,GSE144735,0.0,0.31121458323987017,0.2778473605158418,0.0,0.0,1.9161897004044586,1.1849257397056747,0.0,0.03855328052523573,0.01754825427048978,0.0,0.0,0.0,0.0,0.0,0.0,0.02575830800493445,0.0,0.0,0.0,0.05518646046068121,0.0,0.15962401619198055,0.0,0.0,0.43190821449862454,0.0,0.0,0.0,0.0,0.27534298020847403,0.0,0.0,2.665765528732232,0.03348391767811227,1.0209344850391413,0.0,1.014884582825169,1.565718506954346,0.5921071328943026,0.0,0.9196103421280949,0.0,0.0,0.0,0.0,0.0,0.0,0.0,0.0170132850975687,0.0,0.0,0.07005136388455027,0.0,0.04519287097928851,0.0,0.04071734564265167,0.0,0.21739130434782608,0.2028985507246377,0.0,0.0,0.8260869565217391,0.6231884057971014,0.0,0.028985507246376812,0.014492753623188406,0.0,0.0,0.0,0.0,0.0,0.0,0.014492753623188406,0.0,0.0,0.0,0.043478260869565216,0.0,0.11594202898550725,0.0,0.0,0.2753623188405797,0.0,0.0,0.0,0.0,0.17391304347826086,0.0,0.0,0.927536231884058,0.028985507246376812,0.5942028985507246,0.0,0.5072463768115942,0.6811594202898551,0.36231884057971014,0.0,0.5652173913043478,0.0,0.0,0.0,0.0,0.0,0.0,0.0,0.014492753623188406,0.0,0.0,0.043478260869565216,0.0,0.028985507246376812,0.0,0.028985507246376812,69
KUL01,Normal,T cells,NK cells,GSE144735,0.0,0.44126924128354617,0.47003899133750837,0.0,0.0,0.40806567458823917,0.09430194081423386,0.0,0.0,0.07976396809621344,0.0,0.0,0.0,0.04139689251363714,0.0,0.0,0.0,0.0,0.0,0.0,0.48290776959759246,0.0,0.04139689251363714,0.0,0.0,0.3613255271361276,0.0,0.0,0.12506514862377086,0.0,0.5487648560428303,0.0,0.0,2.712334470737979,0.12727710015629035,2.5528367286725873,0.03293109399628306,0.24111363396257254,2.543201611669341,0.2190192096320768,0.0,1.4430303294427136,0.0,0.0,0.0,0.04056895897947188,0.0,0.036065960991309924,0.0,0.0,0.0,0.0,0.0,0.0,0.044422798874085546,0.0,0.0,0.0,0.2857142857142857,0.2857142857142857,0.0,0.0,0.2,0.05714285714285714,0.0,0.0,0.05714285714285714,0.0,0.0,0.0,0.02857142857142857,0.0,0.0,0.0,0.0,0.0,0.0,0.2857142857142857,0.0,0.02857142857142857,0.0,0.0,0.22857142857142856,0.0,0.0,0.08571428571428572,0.0,0.37142857142857144,0.0,0.0,0.9714285714285714,0.08571428571428572,0.9714285714285714,0.02857142857142857,0.17142857142857143,0.8571428571428571,0.14285714285714285,0.0,0.6857142857142857,0.0,0.0,0.0,0.02857142857142857,0.0,0.02857142857142857,0.0,0.0,0.0,0.0,0.0,0.0,0.02857142857142857,0.0,0.0,35
KUL01,Normal,T cells,Regulatory T cells,GSE144735,0.0,0.38710506187743776,0.28469835352932626,0.0,0.0,0.0,0.0,0.0,0.0,0.1908859372160824,0.0,0.0,0.0,0.0,0.0,0.0,0.0,0.0,0.0,0.0,0.0,0.0,0.6414475052074168,0.0,0.0,1.0474027549814615,0.0,0.0,0.0,0.0,0.0,0.0,0.0,3.1199091474237917,0.0,0.0,0.0,0.0,0.0,0.8206923292443925,0.0,0.9117125953270631,0.0,0.0,0.0,0.0,0.0,0.0,0.0,0.0,0.0,0.0,0.0,0.0,0.0,0.0,0.0,0.0,0.2,0.2,0.0,0.0,0.0,0.0,0.0,0.0,0.2,0.0,0.0,0.0,0.0,0.0,0.0,0.0,0.0,0.0,0.0,0.0,0.0,0.2,0.0,0.0,0.6,0.0,0.0,0.0,0.0,0.0,0.0,0.0,1.0,0.0,0.0,0.0,0.0,0.0,0.4,0.0,0.4,0.0,0.0,0.0,0.0,0.0,0.0,0.0,0.0,0.0,0.0,0.0,0.0,0.0,0.0,0.0,5
KUL01,Normal,T cells,T helper 17 cells,GSE144735,0.0,0.4264547504918464,0.2866203337310291,0.0,0.0,0.030717196360727127,0.0,0.0,0.06038574970007189,0.03127689294403049,0.01260905298920827,0.0,0.0,0.0,0.015486150104249837,0.03140193173236784,0.0,0.0,0.0,0.0,0.07765997417356668,0.0,0.16122850923036408,0.0,0.015743268701963426,0.7107113911979042,0.017012134592693236,0.0,0.038279464466950325,0.013822691164998624,0.22244613275612934,0.0,0.0,3.003080945485259,0.0287657990221741,0.1737803021140789,0.011214674005493858,0.14505209787873855,0.03186067782816479,0.9193473254019198,0.0,0.7299875510371014,0.0,0.0,0.0,0.044299742113104834,0.0,0.015948177026189697,0.0,0.014199686943673346,0.0,0.08743853413983567,0.0,0.0,0.043764310077614686,0.0,0.013949521202842742,0.0,0.2857142857142857,0.21428571428571427,0.0,0.0,0.023809523809523808,0.0,0.0,0.047619047619047616,0.023809523809523808,0.011904761904761904,0.0,0.0,0.0,0.011904761904761904,0.023809523809523808,0.0,0.0,0.0,0.0,0.07142857142857142,0.0,0.11904761904761904,0.0,0.011904761904761904,0.47619047619047616,0.011904761904761904,0.0,0.023809523809523808,0.011904761904761904,0.17857142857142858,0.0,0.0,1.0,0.023809523809523808,0.13095238095238096,0.011904761904761904,0.08333333333333333,0.023809523809523808,0.5714285714285714,0.0,0.47619047619047616,0.0,0.0,0.0,0.03571428571428571,0.0,0.011904761904761904,0.0,0.011904761904761904,0.0,0.07142857142857142,0.0,0.0,0.03571428571428571,0.0,0.011904761904761904,84
KUL01,Normal,T cells,gamma delta T cells,GSE144735,0.0,0.5861059500021213,0.34344741923674044,0.0,0.0,0.22942484548500308,0.0,0.0,0.0,0.4030852439073254,0.46753067687492383,0.0,0.0,0.0,0.0,0.0,0.0,0.0,0.0,0.0,0.0,0.0,0.22942484548500308,0.0,0.0,0.9929417964388271,0.0,0.0,0.1580474163660556,0.0,0.32246081526807835,0.0,0.0,2.3032063149381266,0.0,2.3895576939341336,0.0,0.0,2.0899477847344894,0.6424183749922567,0.0,1.1604357627807582,0.0,0.0,0.0,0.18540000287068478,0.0,0.0,0.0,0.0,0.0,0.2376881918744412,0.0,0.0,0.0,0.0,0.0,0.0,0.3333333333333333,0.3333333333333333,0.0,0.0,0.16666666666666666,0.0,0.0,0.0,0.3333333333333333,0.3333333333333333,0.0,0.0,0.0,0.0,0.0,0.0,0.0,0.0,0.0,0.0,0.0,0.16666666666666666,0.0,0.0,0.6666666666666666,0.0,0.0,0.16666666666666666,0.0,0.16666666666666666,0.0,0.0,0.8333333333333334,0.0,1.0,0.0,0.0,0.8333333333333334,0.5,0.0,0.8333333333333334,0.0,0.0,0.0,0.16666666666666666,0.0,0.0,0.0,0.0,0.0,0.16666666666666666,0.0,0.0,0.0,0.0,0.0,6
KUL01,Tumor,B cells,CD19+CD20+ B,GSE144735,0.0,0.0,0.0,0.0,0.0,0.0,0.0,0.0,0.0,0.6091625689450821,0.0,0.0,0.0,0.0,0.0,0.0,0.0,0.0,0.0,0.0,0.0,0.0,0.0,0.0,0.0,0.0,0.0,0.0,0.0,0.0,0.0,0.0,0.0,3.3048581734811417,0.0,0.0,0.0,0.0,0.0,0.0,0.0,0.6091625689450821,0.0,0.0,0.0,0.0,0.0,0.0,0.0,0.0,0.0,0.0,0.0,0.0,0.5801766491566789,0.0,0.0,0.0,0.0,0.0,0.0,0.0,0.0,0.0,0.0,0.0,0.5,0.0,0.0,0.0,0.0,0.0,0.0,0.0,0.0,0.0,0.0,0.0,0.0,0.0,0.0,0.0,0.0,0.0,0.0,0.0,0.0,0.0,0.0,0.0,1.0,0.0,0.0,0.0,0.0,0.0,0.0,0.0,0.5,0.0,0.0,0.0,0.0,0.0,0.0,0.0,0.0,0.0,0.0,0.0,0.0,0.5,0.0,0.0,2
KUL01,Tumor,B cells,IgG+ Plasma,GSE144735,0.0,0.0,0.2645491291964733,0.0,0.0,0.0,0.0,0.04266366597921701,0.2595588906905358,0.04266366597921701,0.0,0.0,0.0,0.0,0.23289527200909718,0.15742239619870815,0.0,0.0,0.42163038682157833,0.0,0.0,0.0,0.07547287581038906,0.04266366597921701,0.0,1.350087668892932,0.0,0.0,0.12863552854073976,0.0,0.12863552854073976,0.0,0.0,2.7538578924073085,0.0,0.0,0.0,0.0,0.8517682855187662,0.23805009514756112,0.0,0.5705148555674425,0.0,0.0,0.0,0.0,0.0,0.15742239619870815,0.12863552854073976,0.0,0.0,1.217638479956187,0.27315651653979717,0.0,0.21138647646612257,0.0,0.0,0.0,0.0,0.2857142857142857,0.0,0.0,0.0,0.0,0.14285714285714285,0.2857142857142857,0.14285714285714285,0.0,0.0,0.0,0.0,0.2857142857142857,0.14285714285714285,0.0,0.0,0.42857142857142855,0.0,0.0,0.0,0.14285714285714285,0.14285714285714285,0.0,0.8571428571428571,0.0,0.0,0.14285714285714285,0.0,0.14285714285714285,0.0,0.0,1.0,0.0,0.0,0.0,0.0,0.42857142857142855,0.2857142857142857,0.0,0.5714285714285714,0.0,0.0,0.0,0.0,0.0,0.14285714285714285,0.14285714285714285,0.0,0.0,0.8571428571428571,0.2857142857142857,0.0,0.2857142857142857,0.0,0.0,7
KUL01,Tumor,B cells,Unknown,GSE144735,0.0,0.2743782890490078,0.0,0.0,0.36373364199948915,0.0,0.0,0.0,0.2743782890490078,0.33095385613321976,0.0,0.0,0.0,0.0,0.2743782890490078,0.0,0.0,0.0,0.0,0.0,0.4228091591878495,0.0,0.0,0.0,0.0,1.1388446995035064,0.0,0.0,0.0,0.0,0.0,0.0,0.0,3.7053483340920095,0.0,0.0,0.0,0.0,4.311520306894663,0.33095385613321976,0.0,0.7865428011873385,0.0,0.0,0.0,0.9589060923279042,0.0,0.0,0.0,0.0,0.0,0.2743782890490078,0.0,0.0,0.0,0.0,0.0,0.0,0.3333333333333333,0.0,0.0,0.3333333333333333,0.0,0.0,0.0,0.3333333333333333,0.3333333333333333,0.0,0.0,0.0,0.0,0.3333333333333333,0.0,0.0,0.0,0.0,0.0,0.3333333333333333,0.0,0.0,0.0,0.0,1.0,0.0,0.0,0.0,0.0,0.0,0.0,0.0,1.0,0.0,0.0,0.0,0.0,1.0,0.3333333333333333,0.0,0.6666666666666666,0.0,0.0,0.0,0.6666666666666666,0.0,0.0,0.0,0.0,0.0,0.3333333333333333,0.0,0.0,0.0,0.0,0.0,3
KUL01,Tumor,B cells,Unspecified Plasma,GSE144735,0.0,0.0,0.0,0.0,0.0,0.0,0.0,0.0,0.0,0.8933759134941957,0.0,0.0,0.0,0.0,0.0,0.0,0.0,0.0,0.24708045375278764,0.0,0.0,0.0,0.0,0.0,0.0,1.5271080737631053,0.0,0.0,0.0,0.45526657520487723,0.0,0.0,0.0,1.1467259574963033,0.0,0.0,0.0,0.0,0.0,0.3874124107080348,0.0,0.45526657520487723,0.0,0.0,0.0,0.0,0.0,0.0,0.0,0.0,0.0,1.006394000541056,0.0,0.0,0.24708045375278764,0.0,0.0,0.0,0.0,0.0,0.0,0.0,0.0,0.0,0.0,0.0,0.3333333333333333,0.0,0.0,0.0,0.0,0.0,0.0,0.0,0.0,0.3333333333333333,0.0,0.0,0.0,0.0,0.0,0.0,1.0,0.0,0.0,0.0,0.3333333333333333,0.0,0.0,0.0,0.6666666666666666,0.0,0.0,0.0,0.0,0.0,0.3333333333333333,0.0,0.3333333333333333,0.0,0.0,0.0,0.0,0.0,0.0,0.0,0.0,0.0,0.6666666666666666,0.0,0.0,0.3333333333333333,0.0,0.0,3
KUL01,Tumor,Epithelial cells,CMS1,GSE144735,0.0,0.11325464151088328,0.0018425062298788764,0.02019032131696936,0.007123639977731708,0.0021250920932708124,0.004749291893090592,0.01994000391476214,0.3042727523337159,0.17471811332331486,0.010710159784429707,0.0,0.0,0.004927061204608129,0.41826917503501126,0.1019030704659209,0.002403963105585737,0.02562003739308314,0.28468880123785806,0.010700614756663573,0.3579883226426332,0.051062153787295034,0.48632745249963505,0.024308054370057623,0.010553886323672898,1.6915794159996937,0.0,0.000996043315886577,0.10146720331287928,1.3131898578748114,0.231330591117725,0.030617884055808082,0.05275318063761624,3.6855192317698604,0.0036795180633745345,0.004814055688989357,0.00883241373299425,0.0,0.02172972543219486,2.8065254921159677,0.01354277559759262,0.8340585921744396,0.005449962997534765,0.0,0.0,0.17486553660968734,0.007667680703039634,0.07415643476961764,0.002233066262500579,0.007719659097511506,0.004242320112524213,0.4601244272069857,1.665906374818468,0.0,0.15913016211147504,0.0013059090424964643,0.0060737075045871804,0.0,0.15734265734265734,0.0034965034965034965,0.04895104895104895,0.013986013986013986,0.006993006993006993,0.013986013986013986,0.04195804195804196,0.3706293706293706,0.26223776223776224,0.01048951048951049,0.0,0.0,0.006993006993006993,0.3776223776223776,0.1258741258741259,0.006993006993006993,0.01048951048951049,0.3076923076923077,0.013986013986013986,0.4090909090909091,0.09090909090909091,0.486013986013986,0.04195804195804196,0.027972027972027972,0.8041958041958042,0.0,0.0034965034965034965,0.16783216783216784,0.7097902097902098,0.25524475524475526,0.055944055944055944,0.06643356643356643,0.9965034965034965,0.006993006993006993,0.01048951048951049,0.006993006993006993,0.0,0.038461538461538464,0.9685314685314685,0.024475524475524476,0.6188811188811189,0.006993006993006993,0.0,0.0,0.23776223776223776,0.017482517482517484,0.1048951048951049,0.006993006993006993,0.013986013986013986,0.006993006993006993,0.486013986013986,0.7972027972027972,0.0,0.23426573426573427,0.0034965034965034965,0.006993006993006993,286
KUL01,Tumor,Epithelial cells,CMS2,GSE144735,0.0,0.0,0.0,0.0,0.0,0.0,0.0,0.0,0.0,0.0,0.0,0.0,0.0,0.0,0.0,0.0,0.0,0.0,0.0,0.0,0.29528981808616145,0.0,0.24642921019708458,0.0,0.0,1.0315198683591364,0.0,0.0,0.0,0.2614678773298101,0.6881549176515038,0.0,0.0,4.086577121266522,0.0,0.0,0.0,0.0,0.0,1.1686668159239384,0.0,1.5864446088157071,0.0,0.0,0.0,0.0,0.0,0.0,0.0,0.4318396556447856,0.0,0.24642921019708458,0.3749950649570617,0.0,0.0,0.0,0.0,0.0,0.0,0.0,0.0,0.0,0.0,0.0,0.0,0.0,0.0,0.0,0.0,0.0,0.0,0.0,0.0,0.0,0.0,0.0,0.0,0.14285714285714285,0.0,0.14285714285714285,0.0,0.0,0.42857142857142855,0.0,0.0,0.0,0.14285714285714285,0.2857142857142857,0.0,0.0,1.0,0.0,0.0,0.0,0.0,0.0,0.42857142857142855,0.0,0.7142857142857143,0.0,0.0,0.0,0.0,0.0,0.0,0.0,0.14285714285714285,0.0,0.14285714285714285,0.14285714285714285,0.0,0.0,0.0,0.0,7
KUL01,Tumor,Epithelial cells,CMS3,GSE144735,0.0014803134764061281,0.19829061958583388,0.0029068087263373556,0.024478371999089078,0.009746602893026911,0.006451877042472783,0.004314887954265167,0.037386665335493376,0.2328685551756923,0.1928155551416387,0.0031004824763207965,0.0,0.0018853438138537318,0.0047046242912920175,0.30734086884362277,0.11803074028816765,0.0020309769209050873,0.006471077543395227,0.2419333976865244,0.0,0.459890446591482,0.06866262601118964,0.4932882503201719,0.01979770269239629,0.008506322853834016,2.01764372285302,0.0,0.005616061524462082,0.11800352237964673,1.4617962447913262,0.24824175755117478,0.05101970996200661,0.05743397940094593,3.7440785422494955,0.010241988824058794,0.0026329009306082446,0.00428792665597796,0.0010963264464340676,0.0025054637730511464,2.88266972082701,0.009812670566537817,0.7729106643297142,0.0024692132857852627,0.0,0.006325513404358635,0.2393009830905685,0.006435605741540213,0.07461468437160096,0.0007237628644223996,0.007003539242265305,0.007065533800164888,0.3691726321529005,1.7940226587045334,0.0,0.14341084299843662,0.0,0.003635252971465197,0.002304147465437788,0.3248847926267281,0.0069124423963133645,0.055299539170506916,0.020737327188940093,0.009216589861751152,0.009216589861751152,0.07603686635944701,0.3778801843317972,0.3456221198156682,0.0069124423963133645,0.0,0.004608294930875576,0.004608294930875576,0.391705069124424,0.16359447004608296,0.004608294930875576,0.0069124423963133645,0.37557603686635943,0.0,0.5368663594470046,0.11290322580645161,0.5921658986175116,0.04377880184331797,0.018433179723502304,0.9147465437788018,0.0,0.01152073732718894,0.2073732718894009,0.8064516129032258,0.3617511520737327,0.06221198156682028,0.06682027649769585,0.988479262672811,0.018433179723502304,0.0069124423963133645,0.01152073732718894,0.002304147465437788,0.009216589861751152,0.9631336405529954,0.020737327188940093,0.7142857142857143,0.0069124423963133645,0.0,0.01152073732718894,0.35714285714285715,0.01152073732718894,0.16129032258064516,0.002304147465437788,0.018433179723502304,0.01152073732718894,0.5161290322580645,0.8870967741935484,0.0,0.2557603686635945,0.0,0.009216589861751152,434
KUL01,Tumor,Epithelial cells,CMS4,GSE144735,0.0,0.0,0.0,0.0,0.0,0.0,0.0,0.0,0.0,0.0,0.0,0.0,0.0,0.0,0.0,0.0,0.0,0.0,0.0,0.0,0.0,0.0,0.0,0.0,0.0,0.8005131972335127,0.0,0.0,0.0,0.8005131972335127,0.0,0.0,0.0,3.348984981000996,0.0,0.0,0.0,0.0,0.0,2.044721468483747,0.0,0.59836686721263,0.0,0.0,0.0,0.0,0.0,0.0,0.0,0.0,0.0,0.0,0.9399209132090193,0.0,0.0,0.0,0.0,0.0,0.0,0.0,0.0,0.0,0.0,0.0,0.0,0.0,0.0,0.0,0.0,0.0,0.0,0.0,0.0,0.0,0.0,0.0,0.0,0.0,0.0,0.0,0.0,0.0,0.3333333333333333,0.0,0.0,0.0,0.3333333333333333,0.0,0.0,0.0,1.0,0.0,0.0,0.0,0.0,0.0,0.6666666666666666,0.0,0.3333333333333333,0.0,0.0,0.0,0.0,0.0,0.0,0.0,0.0,0.0,0.0,0.3333333333333333,0.0,0.0,0.0,0.0,3
KUL01,Tumor,Mast cells,Mast cells,GSE144735,0.0,0.12885530283854835,0.0,0.0,0.0,0.0,0.0,0.0,0.2391728834185537,0.0,0.0,0.0,0.0,0.0,0.0,0.21999746540108422,0.0,0.0,0.24891353324686322,0.0,0.3380748128716535,0.0,0.18784456832230154,0.0,0.0,2.411731313580022,0.0,0.0,0.0,0.2283949280505746,0.3119864834846378,0.0,0.0,4.995726557213859,0.0,0.0,0.0,0.0,0.11807734747056926,1.0228396906121036,0.1263150432331762,1.703109050078001,0.0,0.0,0.0,0.3732476935422938,0.0,0.0,0.0,0.0,0.0,0.2391728834185537,0.19390913601406856,0.0,0.11031758058000533,0.0,0.0,0.0,0.125,0.0,0.0,0.0,0.0,0.0,0.0,0.25,0.0,0.0,0.0,0.0,0.0,0.0,0.125,0.0,0.0,0.125,0.0,0.25,0.0,0.125,0.0,0.0,1.0,0.0,0.0,0.0,0.25,0.25,0.0,0.0,1.0,0.0,0.0,0.0,0.0,0.125,0.625,0.125,0.75,0.0,0.0,0.0,0.375,0.0,0.0,0.0,0.0,0.0,0.25,0.125,0.0,0.125,0.0,0.0,8
KUL01,Tumor,Myeloids,Anti-inflammatory,GSE144735,0.0,0.08469514713335094,0.07822980545975179,0.014168748785806666,0.016029431529262513,0.0,0.0,0.014484088695734212,0.3791677447550035,0.22832719275470095,0.0,0.0,0.0,0.01501380020960258,0.5637756277002199,1.2357467887659495,0.0,0.0125971418688176,1.4244129632434277,0.31871816937818304,1.8739493732260706,0.029286135936009244,1.3193081034642378,0.1761135375949838,0.0,1.9291094050589763,0.0,0.020129397865636313,1.018394979783887,0.10141305980799409,0.0,0.019373173631048998,0.013974385241165637,5.095414297564575,0.3327280073217305,0.030933811268365682,1.3161873001715738,0.0,0.0,1.6596071440486373,0.0,1.9021803313593437,0.0,0.0,0.0,2.149279941070969,0.0,0.9625856475239754,0.0,0.04661748233418219,0.0,0.5202445132547711,0.1895715328262383,0.0,1.839461421593151,0.0,0.18655024308822174,0.0,0.09523809523809523,0.07936507936507936,0.015873015873015872,0.015873015873015872,0.0,0.0,0.015873015873015872,0.31746031746031744,0.19047619047619047,0.0,0.0,0.0,0.015873015873015872,0.4126984126984127,0.6031746031746031,0.0,0.015873015873015872,0.6666666666666666,0.2857142857142857,0.873015873015873,0.031746031746031744,0.7936507936507936,0.1111111111111111,0.0,0.9206349206349206,0.0,0.015873015873015872,0.7301587301587301,0.09523809523809523,0.0,0.015873015873015872,0.015873015873015872,1.0,0.2698412698412698,0.015873015873015872,0.8253968253968254,0.0,0.0,0.8888888888888888,0.0,0.7936507936507936,0.0,0.0,0.0,0.9841269841269841,0.0,0.5238095238095238,0.0,0.047619047619047616,0.0,0.4444444444444444,0.1746031746031746,0.0,0.7142857142857143,0.0,0.1746031746031746,63
KUL01,Tumor,Myeloids,Pro-inflammatory,GSE144735,0.0,0.48042678549111206,0.43272764860744367,0.07865414376699537,0.018603531620865216,0.0,0.0,0.015943490765721106,0.2957211895077152,0.7244241221318471,0.0,0.0,0.0,0.0,0.15524111292045814,0.7968636746992263,0.03581894703048718,0.08064022479489978,0.8566899980986135,0.3412493108471409,1.8083705117637467,0.12275030344306419,1.316541841018471,0.04227569971448014,0.05839564753300775,2.339353135964062,0.0,0.0,0.922883123961729,0.09896737404178461,0.11578068070608172,0.0,0.0,5.079271743068876,0.0075306192183599375,0.0,0.7509393571144665,0.0,0.012356975373909005,1.6821652462410153,0.0,2.3615205278032567,0.0,0.11010024585787255,0.0,1.7546807796400845,0.0,0.26528785457019566,0.0,0.020210875190707734,0.02432641858980188,0.43805110638899664,0.286921874016557,0.0,0.5602606328518903,0.0,0.020210875190707734,0.0,0.35294117647058826,0.3088235294117647,0.08823529411764706,0.014705882352941176,0.0,0.0,0.014705882352941176,0.2647058823529412,0.4411764705882353,0.0,0.0,0.0,0.0,0.1323529411764706,0.39705882352941174,0.029411764705882353,0.04411764705882353,0.47058823529411764,0.3088235294117647,0.8382352941176471,0.11764705882352941,0.7058823529411765,0.04411764705882353,0.04411764705882353,0.8823529411764706,0.0,0.0,0.6617647058823529,0.10294117647058823,0.10294117647058823,0.0,0.0,1.0,0.014705882352941176,0.0,0.5294117647058824,0.0,0.014705882352941176,0.8823529411764706,0.0,0.8235294117647058,0.0,0.08823529411764706,0.0,0.9264705882352942,0.0,0.17647058823529413,0.0,0.014705882352941176,0.029411764705882353,0.39705882352941174,0.25,0.0,0.2647058823529412,0.0,0.014705882352941176,68
KUL01,Tumor,Myeloids,Proliferating,GSE144735,0.0,0.18256796814396042,0.2144715055146847,0.1056440254190937,0.044517768747230756,0.0,0.0,0.0,0.21912444158157807,0.3649555008159027,0.0,0.0900871253282515,0.0,0.0,0.9183578874668855,0.7997795305504206,0.30540480661743225,0.2815566314013527,1.4314978822499673,0.3548063076194973,1.907259475892974,0.055934656856012344,1.7026242032598196,0.10460437742415699,0.0,2.215946194213988,0.0,0.0,0.45780111731945994,0.20302237690169714,0.0,0.0,0.0,5.389543097973921,0.09296475252096867,0.044517768747230756,0.5898225366285258,0.0,0.04127355828376399,2.2831853525151096,0.05584723683486973,1.4882106641225015,0.0,0.0,0.0,2.282348937286622,0.0,0.9105059375592482,0.0,0.038189825807350655,0.0,0.3273841458475278,0.17485582061641677,0.0,2.259565984324426,0.0,0.39870787714194467,0.0,0.21428571428571427,0.21428571428571427,0.14285714285714285,0.07142857142857142,0.0,0.0,0.0,0.2857142857142857,0.42857142857142855,0.0,0.07142857142857142,0.0,0.0,0.5,0.5,0.07142857142857142,0.14285714285714285,0.6428571428571429,0.35714285714285715,1.0,0.07142857142857142,0.9285714285714286,0.14285714285714285,0.0,1.0,0.0,0.0,0.42857142857142855,0.21428571428571427,0.0,0.0,0.0,1.0,0.14285714285714285,0.07142857142857142,0.42857142857142855,0.0,0.07142857142857142,1.0,0.07142857142857142,0.7857142857142857,0.0,0.0,0.0,1.0,0.0,0.5,0.0,0.07142857142857142,0.0,0.42857142857142855,0.21428571428571427,0.0,0.9285714285714286,0.0,0.2857142857142857,14
KUL01,Tumor,Myeloids,SPP1+A,GSE144735,0.0,0.14183227480050745,0.08779580558773999,0.06943215568485946,0.02327309609783333,0.0,0.0,0.0,0.23244123486884496,0.34099900569950786,0.0,0.0,0.0,0.0,0.8677601097873529,1.688233418008775,0.025569586432311723,0.0,2.9457351268272007,0.32323593465859246,2.662005895634293,0.026023029698733872,3.478071951764351,0.49161148147867734,0.0,4.087422484609102,0.0,0.0,0.42290193620798205,0.11034159620927503,0.0,0.0,0.0,6.618946253003533,0.0,0.05845739172557467,0.44694820665783375,0.0,0.06108825151530461,2.234859287581931,0.0,2.9249680656917323,0.0,0.0,0.0,1.8734547011948313,0.0,0.3998948715935502,0.0717651625594531,0.04651503019806486,0.0,0.3819802717756695,0.14578022109491987,0.0,0.8116688061930748,0.0,0.0,0.0,0.14285714285714285,0.08571428571428572,0.08571428571428572,0.02857142857142857,0.0,0.0,0.0,0.22857142857142856,0.37142857142857144,0.0,0.0,0.0,0.0,0.4857142857142857,0.6,0.02857142857142857,0.0,0.7428571428571429,0.3142857142857143,0.9428571428571428,0.02857142857142857,1.0,0.2857142857142857,0.0,1.0,0.0,0.0,0.37142857142857144,0.11428571428571428,0.0,0.0,0.0,1.0,0.0,0.05714285714285714,0.4,0.0,0.05714285714285714,0.9428571428571428,0.0,0.8285714285714286,0.0,0.0,0.0,0.9428571428571428,0.0,0.22857142857142856,0.02857142857142857,0.05714285714285714,0.0,0.4,0.14285714285714285,0.0,0.34285714285714286,0.0,0.0,35
KUL01,Tumor,Myeloids,SPP1+B,GSE144735,0.003670761257892233,0.1633300880000925,0.11138852316625715,0.2734692788317616,0.038643768414495315,0.004601080144612609,0.0,0.0,0.4025027936081182,0.7995259574117008,0.0,0.005292416081762777,0.006151152823015744,0.0053458996059525775,0.6542816413130982,0.8233675901953643,0.01666724802510115,0.02156861553991748,4.0069571586475865,0.4301385711509305,1.4420107154325905,0.047721902252495056,1.8601757844489697,0.06795656066215261,0.0,2.4402142324801,0.0,0.0,0.5641466438925817,0.19005694242045773,0.011187082114045243,0.0,0.011366400237162724,6.019981872510474,0.004302736597839554,0.0,0.7827826132219339,0.0,0.03358548600648415,2.4311854944599625,0.017868156029446206,2.024702067635758,0.0,0.00962157584059549,0.005851029745796078,2.348787588853508,0.0,1.9361655055256701,0.29575375688287675,0.0,0.012239067450189038,0.4448840532328734,0.23953442818389567,0.0,3.049774409447921,0.005836025670996085,0.0793732488575191,0.006993006993006993,0.1958041958041958,0.1258741258741259,0.21678321678321677,0.04195804195804196,0.006993006993006993,0.0,0.0,0.43356643356643354,0.4965034965034965,0.0,0.006993006993006993,0.013986013986013986,0.006993006993006993,0.42657342657342656,0.5524475524475524,0.013986013986013986,0.013986013986013986,0.9300699300699301,0.44755244755244755,0.8461538461538461,0.06293706293706294,0.9090909090909091,0.07692307692307693,0.0,0.958041958041958,0.0,0.0,0.5034965034965035,0.2097902097902098,0.013986013986013986,0.0,0.02097902097902098,1.0,0.006993006993006993,0.0,0.6223776223776224,0.0,0.03496503496503497,0.993006993006993,0.013986013986013986,0.8741258741258742,0.0,0.006993006993006993,0.006993006993006993,0.965034965034965,0.0,0.6923076923076923,0.18181818181818182,0.0,0.013986013986013986,0.43356643356643354,0.2727272727272727,0.0,0.8601398601398601,0.006993006993006993,0.09090909090909091,143
KUL01,Tumor,Myeloids,Unknown,GSE144735,0.0,0.0,0.13469502071281905,0.17478609897276667,0.0,0.0,0.0,0.0,0.35462983349797245,0.0,0.0,0.0,0.0,0.13680455498674485,0.13695180236370644,0.0,0.0,0.13469502071281905,2.3579554767076756,0.0,0.3172363043228393,0.0,1.3534883549141374,0.0,0.0,1.2144357382350794,0.0,0.0,0.14020443601588609,0.0,0.0,0.0,0.0,5.555118781824748,0.0,0.0,0.37148495078747057,0.0,0.0,1.3506178397253576,0.0,1.362397367002616,0.0,0.0,0.0,1.4574942181480455,0.0,0.8128793876231545,0.0,0.08577561197174229,0.0,0.45410285371378334,0.19983474871169885,0.0,2.960015460947504,0.0,0.208550899318978,0.0,0.0,0.058823529411764705,0.058823529411764705,0.0,0.0,0.0,0.0,0.17647058823529413,0.0,0.0,0.0,0.0,0.058823529411764705,0.058823529411764705,0.0,0.0,0.058823529411764705,0.6470588235294118,0.0,0.17647058823529413,0.0,0.5294117647058824,0.0,0.0,0.5294117647058824,0.0,0.0,0.058823529411764705,0.0,0.0,0.0,0.0,1.0,0.0,0.0,0.17647058823529413,0.0,0.0,0.5294117647058824,0.0,0.47058823529411764,0.0,0.0,0.0,0.5294117647058824,0.0,0.23529411764705882,0.0,0.058823529411764705,0.0,0.23529411764705882,0.11764705882352941,0.0,0.7058823529411765,0.0,0.11764705882352941,17
KUL01,Tumor,Myeloids,cDC,GSE144735,0.06920812819894077,0.3033085948569796,0.07396432206619484,0.0,0.0,0.0,0.0,0.0,0.40493052577196464,0.5197218394637596,0.0,0.0,0.0,0.0,0.22565639111899216,1.1057359125787258,0.0,0.0,1.1051498345486266,0.06805874492053682,1.2553416343993136,0.0,1.0791570836487636,0.0,0.0,1.8861277730105133,0.0,0.0,0.4606876723117462,0.26127222197349614,0.43300640485648273,0.0,0.0,4.657507198871635,0.0,0.10769188949590967,0.06805874492053682,0.0,0.2853599004422656,1.5695093408351788,0.0,0.9700647784383905,0.0,0.0,0.0,1.3194025957470774,0.0,0.0,0.0,0.0,0.0,0.41299035043122906,0.13406484498101787,0.0,0.7128029136013869,0.0,1.3144091924389394,0.16666666666666666,0.5,0.16666666666666666,0.0,0.0,0.0,0.0,0.0,0.5,0.5,0.0,0.0,0.0,0.0,0.3333333333333333,0.6666666666666666,0.0,0.0,0.6666666666666666,0.16666666666666666,0.8333333333333334,0.0,1.0,0.0,0.0,1.0,0.0,0.0,0.6666666666666666,0.3333333333333333,0.6666666666666666,0.0,0.0,1.0,0.0,0.16666666666666666,0.16666666666666666,0.0,0.16666666666666666,0.8333333333333334,0.0,0.6666666666666666,0.0,0.0,0.0,0.6666666666666666,0.0,0.0,0.0,0.0,0.0,0.5,0.16666666666666666,0.0,0.5,0.0,0.5,6
KUL01,Tumor,Stromal cells,Enteric glial cells,GSE144735,0.0,0.0,0.0,0.0,0.5762772452798652,0.0,0.0,0.0,0.3390775991158762,0.6853047149514047,0.0,0.0,0.0,0.4778921039760411,0.0,0.0,0.0,0.0,2.8603141580194165,0.0,0.8736864731198241,0.0,0.4258090271149014,0.0,0.0,2.1503169287936643,2.512663096365455,0.0,0.35261826117796097,0.5762772452798652,0.0,0.0,0.0,4.356878696556539,0.3390775991158762,0.0,0.0,0.0,0.0,0.9639736312247071,0.0,2.97586017659808,0.3390775991158762,0.35261826117796097,0.0,0.0,0.0,2.061636204953375,0.0,0.0,0.0,1.008691563007182,0.0,0.0,1.422161747513711,0.3390775991158762,3.8124249610862697,0.0,0.0,0.0,0.0,0.25,0.0,0.0,0.0,0.25,0.5,0.0,0.0,0.0,0.25,0.0,0.0,0.0,0.0,1.0,0.0,0.5,0.0,0.25,0.0,0.0,1.0,1.0,0.0,0.25,0.25,0.0,0.0,0.0,1.0,0.25,0.0,0.0,0.0,0.0,0.5,0.0,1.0,0.25,0.25,0.0,0.0,0.0,0.5,0.0,0.0,0.0,0.5,0.0,0.0,0.5,0.25,1.0,4
KUL01,Tumor,Stromal cells,Lymphatic ECs,GSE144735,0.0,0.2771664201430912,0.0,0.11568238694783184,0.5600765899283852,0.06177628084697889,0.0,0.0,0.4237464283269583,1.2321829496933598,0.08093363032391492,0.0,0.0,0.20491530953546971,0.2817850174007894,0.0,0.0,0.0,0.17903596081381493,0.0,0.7656731471582365,0.0,0.27215387022734017,0.16535981081633216,0.0,2.3938558611525567,0.0,0.09790878032179118,0.4577110659370799,0.06716149588080765,0.0,0.0,0.0,3.4950256403225177,0.14003702835536636,0.0,0.0,0.0,0.0,1.8420533054868695,0.12196494229814223,1.4757918830728294,0.051785648020315135,0.0,0.06048695954671203,0.2908918659344016,0.0,0.9155300082688136,0.0,0.0,0.0,0.3919500330351219,0.46674986740140845,0.0,0.34980591120771604,0.0,0.0,0.0,0.4,0.0,0.2,0.5,0.1,0.0,0.0,0.5,0.9,0.1,0.0,0.0,0.1,0.4,0.0,0.0,0.0,0.3,0.0,0.6,0.0,0.4,0.2,0.0,1.0,0.0,0.1,0.4,0.1,0.0,0.0,0.0,1.0,0.1,0.0,0.0,0.0,0.0,0.9,0.2,1.0,0.1,0.0,0.1,0.3,0.0,0.5,0.0,0.0,0.0,0.5,0.5,0.0,0.4,0.0,0.0,10
KUL01,Tumor,Stromal cells,Myofibroblasts,GSE144735,0.0,0.2684176340335662,0.005614496746690261,0.34172401150890547,0.2688747539148541,0.0017433022239733609,0.0019235247928636723,1.1848249230169672,3.630385944140116,2.9522272044411295,0.5872691638367981,0.02291788263672568,0.002591331793122015,0.14146209316525635,0.2971548747361034,0.07571203425521615,0.011069407747064764,0.02366365348734794,0.25108797754998385,0.03913116607158588,0.4594460695562028,0.014433772671939743,0.8825763632229086,0.042598095648022936,0.004303941428581142,3.861467423482517,0.0,0.0,0.24145341974755807,0.1514026896090642,0.2174201449866041,0.0,0.002890643085917844,4.102786265729679,0.23174109897215112,0.006234232589694203,0.02213301501955221,0.00584820822163108,0.01187500268625537,1.6396451110219163,0.020653057550088554,2.233780323700484,0.017652531745211794,0.0,0.012848432394182267,0.21356281276712655,0.003366951979710706,0.32244467640422153,0.0019082238724030202,0.2876456132106906,0.010539584758901986,4.263793265716847,0.17231307625618486,0.0,0.5469863623525187,0.0,0.0,0.0,0.39285714285714285,0.011904761904761904,0.27976190476190477,0.39285714285714285,0.005952380952380952,0.005952380952380952,0.7916666666666666,0.9226190476190477,0.8988095238095238,0.5476190476190477,0.041666666666666664,0.005952380952380952,0.2261904761904762,0.2976190476190476,0.09523809523809523,0.011904761904761904,0.023809523809523808,0.38095238095238093,0.07142857142857142,0.4880952380952381,0.023809523809523808,0.6071428571428571,0.07142857142857142,0.011904761904761904,0.9880952380952381,0.0,0.0,0.3392857142857143,0.24404761904761904,0.31547619047619047,0.0,0.005952380952380952,0.9940476190476191,0.24404761904761904,0.017857142857142856,0.02976190476190476,0.005952380952380952,0.023809523809523808,0.8273809523809523,0.03571428571428571,0.9107142857142857,0.041666666666666664,0.0,0.017857142857142856,0.31547619047619047,0.011904761904761904,0.2976190476190476,0.005952380952380952,0.17857142857142858,0.017857142857142856,0.9464285714285714,0.27976190476190477,0.0,0.4166666666666667,0.0,0.0,168
KUL01,Tumor,Stromal cells,Pericytes,GSE144735,0.0,0.4124151518507116,0.0,0.1015917718057189,1.1719790450333003,0.0,0.0,0.3075270763676896,3.3922981552785507,2.8012348603968693,0.138004508023622,0.0,0.0,0.0,0.2514729581132508,0.3161521229796902,0.0,0.05989246354584968,0.12883566371994126,0.03848573106714237,0.5569018507007002,0.0,0.4378189741771114,0.0642372220948322,0.45622938188130535,3.942510836726825,0.0,0.0,0.4271044131800101,0.1038012230723028,0.6949964826658309,0.0,0.0,3.51479848055521,0.15969176397903995,0.10772973647013602,0.012054034903529114,0.0,0.0,1.4230712361769844,0.0,2.366651295075412,0.020916446951470373,0.0,0.0,0.09144478153310993,0.0,0.4549084127297903,0.0,0.07181979530335372,0.0,3.397154823285588,0.056656305516916895,0.0,0.6049912568980108,0.0,0.0,0.0,0.40540540540540543,0.0,0.10810810810810811,0.7567567567567568,0.0,0.0,0.21621621621621623,0.9459459459459459,0.918918918918919,0.13513513513513514,0.0,0.0,0.0,0.16216216216216217,0.16216216216216217,0.0,0.02702702702702703,0.21621621621621623,0.05405405405405406,0.43243243243243246,0.0,0.32432432432432434,0.05405405405405406,0.2972972972972973,0.972972972972973,0.0,0.0,0.43243243243243246,0.13513513513513514,0.6216216216216216,0.0,0.0,1.0,0.10810810810810811,0.10810810810810811,0.02702702702702703,0.0,0.0,0.8378378378378378,0.0,0.8648648648648649,0.02702702702702703,0.0,0.0,0.13513513513513514,0.0,0.32432432432432434,0.0,0.02702702702702703,0.0,0.918918918918919,0.08108108108108109,0.0,0.40540540540540543,0.0,0.0,37
KUL01,Tumor,Stromal cells,Smooth muscle cells,GSE144735,0.0,0.5826978879536112,0.0,0.017678725065600566,0.20829966287629625,0.0,0.0,0.09607629978460386,1.180601881025573,1.4978181076955015,0.2597352053417453,0.0,0.0,0.034992260020109904,0.15489570235553124,0.03934016788835608,0.0,0.0,0.28799145270712484,0.0,0.40327139315635435,0.0,0.45351897746862346,0.09238330981991515,0.1252805135775165,2.0521897516708556,0.0,0.012925648090421935,0.5433099827838654,0.13039681146878557,0.460160556038441,0.0,0.0,3.7621901154275377,0.8154048177377873,0.0,0.0,0.0,0.008959410803332556,1.1710592094408128,0.012852530359419854,3.5583350468831005,0.008959410803332556,0.0,0.021524295617561688,0.1483988409779085,0.0,0.7819001147904178,0.016365120014960308,0.0,0.01135137464172912,1.190887414006974,0.11147325400931414,0.0,0.17959980385418928,0.0,0.0,0.0,0.5625,0.0,0.03125,0.21875,0.0,0.0,0.125,0.734375,0.8125,0.25,0.0,0.0,0.03125,0.1875,0.0625,0.0,0.0,0.3125,0.0,0.390625,0.0,0.40625,0.0625,0.078125,0.921875,0.0,0.015625,0.5,0.171875,0.453125,0.0,0.0,1.0,0.59375,0.0,0.0,0.0,0.015625,0.828125,0.015625,1.0,0.015625,0.0,0.03125,0.171875,0.0,0.515625,0.015625,0.0,0.015625,0.734375,0.140625,0.0,0.21875,0.0,0.0,64
KUL01,Tumor,Stromal cells,Stalk-like ECs,GSE144735,0.0,0.7910653889971101,0.0,0.0,0.028192318812286496,0.0,0.0,0.42401900320375,0.17706888676076782,1.0496563487390596,0.5128511652865211,0.0,0.0,0.0,0.20097503454376564,0.31378120645793917,0.0,0.0,0.2208094313914388,0.0,1.2119125448926749,0.0,0.4379059979418398,0.5663129454894986,0.0,1.9892559318842196,0.0,0.0,0.3870638949743759,0.12159994545176168,0.8087400100991491,0.0,0.0,2.6595745646900175,0.028192318812286496,0.0,0.0,0.0,0.0,1.2700474118910707,0.06124220091076211,1.6405346724529208,0.0,0.0,0.0,0.07544238405910951,0.0,0.7366227043727588,0.0,0.0,0.0,0.4937817577341974,0.0956564366541294,0.0,0.23285524717688524,0.0,0.0,0.0,0.6111111111111112,0.0,0.0,0.05555555555555555,0.0,0.0,0.3333333333333333,0.2222222222222222,0.6111111111111112,0.3888888888888889,0.0,0.0,0.0,0.2222222222222222,0.16666666666666666,0.0,0.0,0.2222222222222222,0.0,0.6111111111111112,0.0,0.3333333333333333,0.3333333333333333,0.0,0.9444444444444444,0.0,0.0,0.3333333333333333,0.1111111111111111,0.6666666666666666,0.0,0.0,1.0,0.05555555555555555,0.0,0.0,0.0,0.0,0.7222222222222222,0.05555555555555555,0.7777777777777778,0.0,0.0,0.0,0.1111111111111111,0.0,0.3333333333333333,0.0,0.0,0.0,0.3888888888888889,0.1111111111111111,0.0,0.16666666666666666,0.0,0.0,18
KUL01,Tumor,Stromal cells,Stromal 1,GSE144735,0.0,0.18393259281620186,0.007444363732552365,2.353453506965397,0.2740803648465126,0.0036147059153182623,0.0,0.831823773262876,3.345675273702933,1.3718492034578955,0.3714021374639392,0.013316587615232366,0.03841428814954089,0.15321426459731324,3.107613693963202,1.2599223769821992,0.0,0.1210387620739935,0.23516696416727229,0.1503358654938556,2.7308696363466236,0.05398216065012876,3.0243569494315583,1.2565321372845688,0.0,3.404811561412216,0.0,0.424407963545602,0.8320962583856649,0.137329976555218,0.22987019271643291,0.030668902245263,0.024720424348450176,5.541661553972007,0.053850971829586654,0.0,0.0133696663236899,0.0,0.0075452850542219695,1.5885190852419768,0.035108039362683446,3.767419326259718,0.026594755330730663,0.0,0.0048082470076013925,0.3683025079088562,0.0,1.5114548124689529,0.09982733078107826,0.5514538138940119,0.3524914208931459,3.3244723108031353,0.20382191008412137,0.0,1.3503412552598428,0.0,0.0,0.0,0.30666666666666664,0.02666666666666667,0.8933333333333333,0.4,0.013333333333333334,0.0,0.8533333333333334,0.9866666666666667,0.88,0.5866666666666667,0.04,0.08,0.17333333333333334,0.9466666666666667,0.64,0.0,0.08,0.41333333333333333,0.29333333333333333,0.96,0.14666666666666667,1.0,0.6933333333333334,0.0,1.0,0.0,0.32,0.8533333333333334,0.30666666666666664,0.4533333333333333,0.013333333333333334,0.013333333333333334,1.0,0.10666666666666667,0.0,0.02666666666666667,0.0,0.02666666666666667,0.9866666666666667,0.09333333333333334,1.0,0.06666666666666667,0.0,0.013333333333333334,0.5866666666666667,0.0,0.7466666666666667,0.16,0.41333333333333333,0.25333333333333335,1.0,0.4533333333333333,0.0,0.8266666666666667,0.0,0.0,75
KUL01,Tumor,Stromal cells,Stromal 3,GSE144735,0.0,0.309420554254314,0.02177505671497418,0.564833280638033,0.2794493869541849,0.00897603859786191,0.0,0.5645443173715217,3.213300434121327,1.0572269263684355,0.4456964355904707,0.027323736397027593,0.09473544780795576,0.11891538155243836,0.30294897394268844,0.5980700367093876,0.018021188914977806,0.005366805983283259,0.2609132022691262,0.019054664659324535,1.5167393265735574,0.07519337309326829,1.7530460809488133,0.43678378575939014,0.07504481818218865,3.6700122825320634,0.037463770412352215,0.057262673406709146,0.8359618161323666,0.22854505978985293,0.3736883461263867,0.0,0.005552935295100765,4.078674548994064,1.3231167500325933,0.0,0.019570179910730554,0.006105570760768858,0.021253764027681015,2.033354044128743,0.02493456334160691,2.944266052014557,0.028329845459391722,0.37042455096939514,0.006501043793752784,0.24244569122980764,0.0,1.0342117283954257,0.0,0.7064788751088237,0.015559762852957995,3.5344226137098556,0.5810449851797079,0.007882032254534578,1.908016065965416,0.02426071845654679,0.058068300997047115,0.0,0.4264705882352941,0.04411764705882353,0.3382352941176471,0.35294117647058826,0.014705882352941176,0.0,0.6323529411764706,0.9852941176470589,0.8382352941176471,0.5,0.029411764705882353,0.1323529411764706,0.19117647058823528,0.39705882352941174,0.4411764705882353,0.029411764705882353,0.014705882352941176,0.4264705882352941,0.04411764705882353,0.8235294117647058,0.11764705882352941,0.8970588235294118,0.29411764705882354,0.07352941176470588,1.0,0.014705882352941176,0.07352941176470588,0.8235294117647058,0.3382352941176471,0.5294117647058824,0.0,0.014705882352941176,1.0,0.8529411764705882,0.0,0.014705882352941176,0.014705882352941176,0.04411764705882353,0.9852941176470589,0.058823529411764705,0.9852941176470589,0.058823529411764705,0.17647058823529413,0.014705882352941176,0.3235294117647059,0.0,0.6323529411764706,0.0,0.38235294117647056,0.029411764705882353,0.9852941176470589,0.4411764705882353,0.014705882352941176,0.75,0.014705882352941176,0.029411764705882353,68
KUL01,Tumor,Stromal cells,Tip-like ECs,GSE144735,0.0,0.2179560556002322,0.036326229832533904,0.026781970886157243,0.781634981510272,0.0,0.0,0.3387017281579135,0.2763234109303723,1.2294525641375749,0.12438977190906018,0.0,0.0,0.02796406809055727,0.13823319609774296,0.37854307093435363,0.0,0.005773480311011187,0.2885038238142311,0.0,0.5204387644071645,0.01040368557692713,0.41093530002052575,0.0732745637920784,0.007178717506858686,1.7437031475297653,0.0,0.07782406830300735,0.08980436074921763,0.15577643290818188,0.41051007263529904,0.0,0.0,2.7539240493883295,0.5514741745638755,0.004963867056826656,0.005504320254958196,0.0,0.006565963644344687,0.8993067340922499,0.02457441596818403,1.5445921425312796,0.14520989143835739,0.0,0.006565963644344687,0.029326844918931463,0.11090056290209971,0.6989391648819752,0.0,0.019578914629943756,0.05933095441347199,0.4047695408190658,0.26398542945603987,0.0,0.16440218878603377,0.0,0.0,0.0,0.2602739726027397,0.0684931506849315,0.0410958904109589,0.6986301369863014,0.0,0.0,0.3698630136986301,0.3561643835616438,0.7808219178082192,0.0547945205479452,0.0,0.0,0.0273972602739726,0.2602739726027397,0.2328767123287671,0.0,0.0136986301369863,0.3287671232876712,0.0,0.4794520547945205,0.0273972602739726,0.4246575342465753,0.0821917808219178,0.0136986301369863,0.9315068493150684,0.0,0.0821917808219178,0.1232876712328767,0.2054794520547945,0.4383561643835616,0.0,0.0,0.9863013698630136,0.410958904109589,0.0136986301369863,0.0136986301369863,0.0,0.0136986301369863,0.6986301369863014,0.0547945205479452,0.7945205479452054,0.1917808219178082,0.0,0.0136986301369863,0.0547945205479452,0.1506849315068493,0.3972602739726027,0.0,0.0136986301369863,0.0684931506849315,0.4794520547945205,0.3561643835616438,0.0,0.2876712328767123,0.0,0.0,73
KUL01,Tumor,T cells,CD4+ T cells,GSE144735,0.0,0.0,0.0,0.0,0.0,0.0,0.0,0.0,0.0,0.2458109874451671,0.0,0.0,0.0,0.0,0.0,0.0,0.0,0.0,0.2458109874451671,0.0,0.0,0.0,0.4237521981827546,0.0,0.0,0.9307424641551226,0.0,0.0,0.0,0.0,0.15509951605311031,0.0,0.0,3.144059687854291,0.0,0.3965607673163973,0.0,0.21642202638868024,0.3418706029682185,0.15317163276811246,0.0,1.2660391978742354,0.0,0.0,0.0,0.0,0.0,0.38174239953894307,0.0,0.0,0.0,0.681093631643559,0.0,0.0,0.3082711488212228,0.0,0.0,0.0,0.0,0.0,0.0,0.0,0.0,0.0,0.0,0.0,0.1111111111111111,0.0,0.0,0.0,0.0,0.0,0.0,0.0,0.0,0.1111111111111111,0.0,0.0,0.0,0.2222222222222222,0.0,0.0,0.4444444444444444,0.0,0.0,0.0,0.0,0.1111111111111111,0.0,0.0,1.0,0.0,0.1111111111111111,0.0,0.1111111111111111,0.1111111111111111,0.1111111111111111,0.0,0.5555555555555556,0.0,0.0,0.0,0.0,0.0,0.2222222222222222,0.0,0.0,0.0,0.3333333333333333,0.0,0.0,0.2222222222222222,0.0,0.0,9
KUL01,Tumor,T cells,CD8+ T cells,GSE144735,0.0,0.0,0.0,0.0,0.0,0.0,0.0,0.0,0.0,0.0,0.0,0.0,0.0,0.0,0.0,0.0,0.0,0.0,2.6490504083387063,0.0,0.0,0.0,0.0,0.0,0.0,0.0,0.0,0.0,0.0,0.0,0.0,0.0,0.0,4.096554121100071,0.0,0.0,0.0,0.0,0.0,0.0,0.0,2.024232991870697,0.0,0.0,0.0,2.024232991870697,0.0,0.0,0.0,0.0,0.0,2.6490504083387063,0.0,0.0,0.0,0.0,0.0,0.0,0.0,0.0,0.0,0.0,0.0,0.0,0.0,0.0,0.0,0.0,0.0,0.0,0.0,0.0,0.0,0.0,0.0,1.0,0.0,0.0,0.0,0.0,0.0,0.0,0.0,0.0,0.0,0.0,0.0,0.0,0.0,0.0,1.0,0.0,0.0,0.0,0.0,0.0,0.0,0.0,1.0,0.0,0.0,0.0,1.0,0.0,0.0,0.0,0.0,0.0,1.0,0.0,0.0,0.0,0.0,0.0,1
KUL01,Tumor,T cells,NK cells,GSE144735,0.0,0.645446744198241,0.18357633095440015,0.0,0.0,0.42787197015515804,0.042906803018840374,0.0,0.2818649833174611,0.21270598413682548,0.0,0.0,0.0,0.0,0.12852572730888814,0.03831548909697142,0.0,0.0,0.26906256313939647,0.0,0.6075204452838872,0.0,0.21823553503266171,0.0,0.03882269132003155,0.9341078411815293,0.0,0.0,0.08017295609192096,0.04742492154783903,0.5531114853210505,0.0,0.0,3.3313282651625764,0.0,1.760356574248143,0.0,0.18189903604754865,2.4308278424420333,0.4934479059629932,0.0,1.3317354187115016,0.0,0.0,0.0,0.09719719016191858,0.0,0.0,0.0,0.0,0.048105378799623136,0.18792642286516195,0.09419463902643758,0.0,0.13219511284517743,0.0,0.0,0.0,0.375,0.125,0.0,0.0,0.25,0.03125,0.0,0.1875,0.125,0.0,0.0,0.0,0.0,0.09375,0.03125,0.0,0.0,0.1875,0.0,0.34375,0.0,0.125,0.0,0.03125,0.5625,0.0,0.0,0.0625,0.03125,0.34375,0.0,0.0,0.96875,0.0,0.71875,0.0,0.125,0.84375,0.25,0.0,0.59375,0.0,0.0,0.0,0.0625,0.0,0.0,0.0,0.0,0.03125,0.125,0.0625,0.0,0.09375,0.0,0.0,32
KUL01,Tumor,T cells,Regulatory T cells,GSE144735,0.0,0.7924999117596733,0.5360934974069931,0.007712244631347885,0.0,0.012713716944612468,0.0,0.00833994300630531,0.25679856283536406,0.17702814827801697,0.0,0.0,0.0,0.0,0.13163384158666022,0.02202527949737097,0.0,0.014902425136647763,0.20669237430857393,0.0,0.23768193071186522,0.0,0.32311822282308356,0.01651415374269331,0.0,1.122162792037295,0.0,0.0,0.007140446991069887,0.12266958021334795,0.3805563354566189,0.0,0.0,3.3981141626239526,0.00754694858414833,0.326244854777961,0.007874889255404539,0.010541124434453255,0.2420306990090247,1.0887499239794047,0.03029178692728931,1.3737089786748584,0.0,0.0,0.0,0.06736105474081291,0.0,0.040827514641232056,0.0,0.0,0.0,0.3405995965926994,0.12840851724165978,0.0,0.15060299846854563,0.0,0.0,0.0,0.4807692307692308,0.3269230769230769,0.00641025641025641,0.0,0.00641025641025641,0.0,0.00641025641025641,0.1987179487179487,0.1346153846153846,0.0,0.0,0.0,0.0,0.09615384615384616,0.019230769230769232,0.0,0.01282051282051282,0.15384615384615385,0.0,0.16666666666666666,0.0,0.23717948717948717,0.01282051282051282,0.0,0.6410256410256411,0.0,0.0,0.00641025641025641,0.08974358974358974,0.2692307692307692,0.0,0.0,1.0,0.00641025641025641,0.22435897435897437,0.00641025641025641,0.00641025641025641,0.08974358974358974,0.6025641025641025,0.019230769230769232,0.6730769230769231,0.0,0.0,0.0,0.05128205128205128,0.0,0.03205128205128205,0.0,0.0,0.0,0.23717948717948717,0.09615384615384616,0.0,0.11538461538461539,0.0,0.0,156
KUL01,Tumor,T cells,T follicular helper cells,GSE144735,0.0,0.0,0.0,0.0,0.0,0.0,0.0,0.0,0.0,0.0,0.0,0.0,0.0,0.0,0.0,0.0,0.0,0.0,0.0,0.0,0.0,0.0,0.0,0.0,0.0,1.4027934998882798,0.0,0.0,0.0,0.0,0.0,0.0,0.0,3.1119945104639757,0.0,0.0,0.0,0.0,1.4027934998882798,0.0,0.0,1.4027934998882798,0.0,0.0,0.0,0.0,0.0,0.0,0.0,0.0,0.0,0.0,0.0,0.0,0.0,0.0,0.0,0.0,0.0,0.0,0.0,0.0,0.0,0.0,0.0,0.0,0.0,0.0,0.0,0.0,0.0,0.0,0.0,0.0,0.0,0.0,0.0,0.0,0.0,0.0,0.0,0.0,1.0,0.0,0.0,0.0,0.0,0.0,0.0,0.0,1.0,0.0,0.0,0.0,0.0,1.0,0.0,0.0,1.0,0.0,0.0,0.0,0.0,0.0,0.0,0.0,0.0,0.0,0.0,0.0,0.0,0.0,0.0,0.0,1
KUL01,Tumor,T cells,Unknown,GSE144735,0.0,0.2087814021953133,0.26518926570079626,0.01265783198678811,0.0,0.5293498099029573,0.4738532138316418,0.0,0.28764464249038313,0.11776498695719115,0.0,0.0,0.0,0.0,0.08093692782378789,0.010782947667841332,0.0,0.0,0.21271849924671243,0.0,0.16210976731921797,0.0,0.28337842620122766,0.012077976931554477,0.0,0.9055664414966291,0.0,0.0,0.09283597618709077,0.17835023893920215,0.2293702701013294,0.0,0.008940148068731788,3.2715791870226485,0.0,0.4403839116465757,0.014303896733262194,0.2837588531008238,1.850483501203008,1.3147717796565237,0.01383493964563439,1.6410694438244242,0.0,0.0,0.0,0.05045266394289434,0.0,0.055101075385116244,0.0,0.023520567788130508,0.0,0.3824264436097434,0.22163707334213362,0.0,0.07531770824907295,0.0,0.015014617923816068,0.0,0.14953271028037382,0.19626168224299065,0.009345794392523364,0.0,0.2336448598130841,0.21495327102803738,0.0,0.205607476635514,0.09345794392523364,0.0,0.0,0.0,0.0,0.056074766355140186,0.009345794392523364,0.0,0.0,0.14953271028037382,0.0,0.12149532710280374,0.0,0.205607476635514,0.009345794392523364,0.0,0.5420560747663551,0.0,0.0,0.06542056074766354,0.12149532710280374,0.1588785046728972,0.0,0.009345794392523364,0.9906542056074766,0.0,0.2897196261682243,0.009345794392523364,0.16822429906542055,0.6728971962616822,0.6915887850467289,0.009345794392523364,0.7757009345794392,0.0,0.0,0.0,0.037383177570093455,0.0,0.037383177570093455,0.0,0.018691588785046728,0.0,0.27102803738317754,0.1588785046728972,0.0,0.056074766355140186,0.0,0.009345794392523364,107
KUL19,Border,B cells,CD19+CD20+ B,GSE144735,0.0,0.042117596560800066,0.012634427905195329,0.0125915177388774,0.0,0.004448018169706989,0.002289799037280748,0.0026932434577800167,0.03556205656631233,0.015492932371279397,0.002770839884571521,0.0,0.0,0.028793542087124264,0.01904555189282081,0.001673987779410281,0.0,0.0017912950029421516,0.04413128304327694,0.0026324542990278765,0.03023198146218397,0.0,0.08041756454775174,0.040900952824583316,0.019207188443454853,0.12661434669550967,0.001105814445693987,0.0011842909136239226,0.011607534792875268,0.0528059434965215,0.07667466628591088,0.0,0.0,3.011267999753063,0.011751131503480318,0.00528977446420408,0.0055666718925459985,0.0031680888741899864,0.026470503499213757,0.13533913995845845,0.0,0.10922679690847768,0.0031405494936353135,0.0,0.0075539661438615915,0.10013466311222075,0.0010640752850595411,0.017279017450388894,0.0,0.01106980459573323,0.0,0.032207833045589246,0.007195860150219499,0.0018535515787062695,0.10145154294314257,0.0015432112094044131,0.007452668612170245,0.0,0.03258426966292135,0.011235955056179775,0.008988764044943821,0.0,0.0033707865168539327,0.0022471910112359553,0.0011235955056179776,0.025842696629213482,0.012359550561797753,0.0022471910112359553,0.0,0.0,0.02359550561797753,0.014606741573033709,0.0011235955056179776,0.0,0.0011235955056179776,0.0348314606741573,0.0022471910112359553,0.02359550561797753,0.0,0.06179775280898876,0.025842696629213482,0.014606741573033709,0.09325842696629214,0.0011235955056179776,0.0011235955056179776,0.008988764044943821,0.038202247191011236,0.060674157303370786,0.0,0.0,0.9876404494382023,0.008988764044943821,0.0056179775280898875,0.0044943820224719105,0.0033707865168539327,0.020224719101123594,0.1,0.0,0.08089887640449438,0.0033707865168539327,0.0,0.007865168539325843,0.07528089887640449,0.0011235955056179776,0.01348314606741573,0.0,0.008988764044943821,0.0,0.02696629213483146,0.0056179775280898875,0.0011235955056179776,0.07303370786516854,0.0011235955056179776,0.0056179775280898875,890
KUL19,Border,B cells,IgA+ Plasma,GSE144735,0.0,0.011519894002794264,0.021849379185089376,0.0,0.0027840620652856184,0.029485038315119564,0.014170123131710037,0.0,0.05555103314828571,0.003690686419523808,0.014789100875054549,0.0,0.002976534997813375,0.021221547213621596,0.016245710697687123,0.003973541203860108,0.003690686419523808,0.009388437517560064,0.04934813903422879,0.0027840620652856184,0.0567405327152252,0.02039431899220907,0.09031165319757153,0.0,0.0,0.3527181828668464,0.0,0.0,0.0048239457431201015,0.05544505447837184,0.10062729869253151,0.0,0.0,1.6659986055649965,0.0,0.017759945155012925,0.0,0.009799978306343762,0.07157940584522539,0.16120926488405757,0.005393643211379998,0.07799598835327719,0.0,0.0,0.0,0.03386660632016507,0.0,0.03093512246100574,0.005290070820237034,0.006376500775806302,0.0,0.03324404585395547,0.01234383548681627,0.0,0.07278760365884976,0.0,0.0,0.0,0.0273972602739726,0.0821917808219178,0.0,0.0136986301369863,0.0547945205479452,0.0410958904109589,0.0,0.0958904109589041,0.0136986301369863,0.0547945205479452,0.0,0.0136986301369863,0.0410958904109589,0.0410958904109589,0.0136986301369863,0.0136986301369863,0.0136986301369863,0.0958904109589041,0.0136986301369863,0.1506849315068493,0.0136986301369863,0.2054794520547945,0.0,0.0,0.4520547945205479,0.0,0.0,0.0136986301369863,0.1232876712328767,0.2328767123287671,0.0,0.0,0.958904109589041,0.0,0.0410958904109589,0.0,0.0273972602739726,0.1232876712328767,0.3698630136986301,0.0136986301369863,0.1643835616438356,0.0,0.0,0.0,0.1232876712328767,0.0,0.0410958904109589,0.0136986301369863,0.0136986301369863,0.0,0.0958904109589041,0.0410958904109589,0.0,0.2191780821917808,0.0,0.0,73
KUL19,Border,B cells,Unknown,GSE144735,0.0,0.1329371031447217,0.0,0.0,0.0,0.0,0.0,0.0,0.0,0.0,0.14176458763016414,0.0,0.0,0.0,0.0,0.0,0.0,0.0,0.0,0.0,0.0,0.0,0.1329371031447217,0.0,0.0,0.1329371031447217,0.0,0.0,0.0,0.0,0.0,0.0,0.0,3.5253988814097474,0.0,0.1329371031447217,0.0,0.0,3.812469483631101,0.0,0.0,0.0,0.0,0.0,0.0,1.209741398964413,0.0,0.0,0.0,0.0,0.0,0.15316151275230297,0.0,0.0,0.14176458763016414,0.0,0.0,0.0,0.16666666666666666,0.0,0.0,0.0,0.0,0.0,0.0,0.0,0.0,0.16666666666666666,0.0,0.0,0.0,0.0,0.0,0.0,0.0,0.0,0.0,0.0,0.0,0.16666666666666666,0.0,0.0,0.16666666666666666,0.0,0.0,0.0,0.0,0.0,0.0,0.0,1.0,0.0,0.16666666666666666,0.0,0.0,1.0,0.0,0.0,0.0,0.0,0.0,0.0,0.8333333333333334,0.0,0.0,0.0,0.0,0.0,0.16666666666666666,0.0,0.0,0.16666666666666666,0.0,0.0,6
KUL19,Border,B cells,Unspecified Plasma,GSE144735,0.0,0.0,0.0,0.0,0.0,0.0,0.0,0.0,0.020739778035152267,0.02541909647441784,0.0,0.0,0.0,0.0,0.031778022530346554,0.0,0.0,0.0,0.0462782114956419,0.0,0.056853203867292784,0.0,0.0,0.0,0.0,0.29723902756558856,0.0,0.0,0.0,0.08498622279662411,0.029099917697199704,0.0,0.030811202174574812,1.5999581266877856,0.011504462999271927,0.0,0.05201252366664504,0.0,0.03165339048989985,0.15497185672366096,0.0,0.039036783295896736,0.0,0.0,0.0,0.02199732156538624,0.0,0.0,0.0,0.0,0.0,0.0,0.016077164338217424,0.0,0.09432452538618506,0.0,0.0313003207870249,0.0,0.0,0.0,0.0,0.0,0.0,0.0,0.0,0.023809523809523808,0.023809523809523808,0.0,0.0,0.0,0.0,0.023809523809523808,0.0,0.0,0.0,0.023809523809523808,0.0,0.047619047619047616,0.0,0.0,0.0,0.0,0.21428571428571427,0.0,0.0,0.0,0.047619047619047616,0.023809523809523808,0.0,0.023809523809523808,0.7857142857142857,0.023809523809523808,0.0,0.023809523809523808,0.0,0.023809523809523808,0.09523809523809523,0.0,0.023809523809523808,0.0,0.0,0.0,0.023809523809523808,0.0,0.0,0.0,0.0,0.0,0.0,0.023809523809523808,0.0,0.07142857142857142,0.0,0.023809523809523808,42
KUL19,Border,Epithelial cells,Epithelial cells,GSE144735,0.0,0.09124110901879948,0.0,0.02051093259259215,0.0011536345530682047,0.009715965627814255,0.00947073999920841,0.009087162701222859,0.010984811268855388,0.020533129671899276,0.0034948304396619366,0.0,0.0010436367354562867,0.006924059790337431,0.16270599187093915,0.03569056807193431,0.0,0.012015444447987375,0.045897607843123134,0.0,0.5701297753521574,0.009796802835546568,0.30397606482796996,0.0009659274600915463,0.0009979705088036064,0.4575691498658634,0.0,0.0,0.04984555424401559,0.7065632971379756,0.3565117682567452,0.03331660856301049,0.05288092517860244,4.778450182837432,0.0041786259350876705,0.0,0.0,0.0,0.3551004242872131,2.524880209902592,0.006379409659714512,0.585536931767162,0.0,0.0,0.0,0.08811137641392684,0.013661043307236163,0.014947471069147372,0.0,0.003802290129272302,0.0,0.0717247971732909,0.46380866654388825,0.0,0.11024295817230229,0.0,0.0026352553393944917,0.0,0.10550458715596331,0.0,0.027522935779816515,0.0045871559633027525,0.009174311926605505,0.0045871559633027525,0.0045871559633027525,0.03669724770642202,0.01834862385321101,0.013761467889908258,0.0,0.0045871559633027525,0.009174311926605505,0.11467889908256881,0.05963302752293578,0.0,0.009174311926605505,0.05504587155963303,0.0,0.38990825688073394,0.01834862385321101,0.28440366972477066,0.0045871559633027525,0.0045871559633027525,0.3440366972477064,0.0,0.0,0.11467889908256881,0.2889908256880734,0.3119266055045872,0.027522935779816515,0.03669724770642202,0.9954128440366973,0.013761467889908258,0.0,0.0,0.0,0.24311926605504589,0.8853211009174312,0.022935779816513763,0.3256880733944954,0.0,0.0,0.0,0.12844036697247707,0.022935779816513763,0.027522935779816515,0.0,0.013761467889908258,0.0,0.06422018348623854,0.2706422018348624,0.0,0.11926605504587157,0.0,0.0045871559633027525,218
KUL19,Border,Mast cells,Mast cells,GSE144735,0.0,0.05423150684347964,0.0,0.0,0.0,0.0,0.0,0.0,0.05845936987323924,0.0775644964390674,0.027891465836432948,0.0,0.0,0.0,0.04369775865875526,0.04369775865875526,0.0,0.0,0.0,0.0,0.1990136830190202,0.0,0.20312920518631375,0.0,0.0739596856074031,1.643098931978792,0.0,0.0,0.0,0.0,0.2058096002177581,0.0,0.0,4.703284850312955,0.0,0.0,0.0,0.0,0.0,0.9633626769437009,0.12459935690777793,1.8437938260067752,0.0,0.0,0.0,0.2835539566193598,0.0,0.0,0.0,0.0,0.0,0.0,0.0,0.0,0.25911530133211186,0.0,0.0,0.0,0.034482758620689655,0.0,0.0,0.0,0.0,0.0,0.0,0.034482758620689655,0.034482758620689655,0.034482758620689655,0.0,0.0,0.0,0.034482758620689655,0.034482758620689655,0.0,0.0,0.0,0.0,0.13793103448275862,0.0,0.10344827586206896,0.0,0.06896551724137931,0.7586206896551724,0.0,0.0,0.0,0.0,0.13793103448275862,0.0,0.0,1.0,0.0,0.0,0.0,0.0,0.0,0.5172413793103449,0.10344827586206896,0.7586206896551724,0.0,0.0,0.0,0.20689655172413793,0.0,0.0,0.0,0.0,0.0,0.0,0.0,0.0,0.13793103448275862,0.0,0.0,29
KUL19,Border,Myeloids,Anti-inflammatory,GSE144735,0.0,0.10689278829592548,0.0,0.12056813855306994,0.05110548816579452,0.0,0.0,0.0,0.04065738602765057,0.06968991790769674,0.0365690113999507,0.0,0.0,0.0,0.0,0.14041943577144358,0.0,0.0,0.3494712100567687,0.7223070195904499,0.37716925686293173,0.0,0.37990189706967686,0.0,0.0,0.7453352226015179,0.0,0.0,1.1780331018412933,0.0365690113999507,0.0,0.0,0.0,4.335397982674445,0.7123318387083337,0.0,1.9177010220656767,0.0,0.0,1.0463275236629923,0.0,0.9877324168186566,0.0,0.0,0.0,1.6953014774106503,0.0,0.13574631282957067,0.0,0.0,0.0,0.07854978529868527,0.0,0.0,2.0479001549674516,0.0,0.06607642218424069,0.0,0.10714285714285714,0.0,0.07142857142857142,0.03571428571428571,0.0,0.0,0.0,0.03571428571428571,0.07142857142857142,0.03571428571428571,0.0,0.0,0.0,0.0,0.10714285714285714,0.0,0.0,0.14285714285714285,0.4642857142857143,0.25,0.0,0.2857142857142857,0.0,0.0,0.39285714285714285,0.0,0.0,0.7142857142857143,0.03571428571428571,0.0,0.0,0.0,1.0,0.42857142857142855,0.0,0.9285714285714286,0.0,0.0,0.6071428571428571,0.0,0.42857142857142855,0.0,0.0,0.0,0.8571428571428571,0.0,0.07142857142857142,0.0,0.0,0.0,0.07142857142857142,0.0,0.0,0.6428571428571429,0.0,0.07142857142857142,28
KUL19,Border,Myeloids,Pro-inflammatory,GSE144735,0.0,0.385935841796806,0.23122999930130908,0.034824424198284486,0.06396824505861402,0.02507597713563188,0.0,0.0,0.05052553137788775,0.17933111213703057,0.0,0.0,0.0418004792164164,0.0,0.0,0.6282647286781459,0.16487713908089852,0.37888804419686284,0.09079278088246728,0.338579912095958,1.4383986613534592,0.022085497486417534,1.195632905414039,0.0,0.07499419117991621,2.0742752400741598,0.0,0.0,1.342543158839083,0.028478979110988463,0.07650079259607055,0.0,0.0,4.55794656064761,0.03525415056519788,0.0,0.8485113163147052,0.0,0.07132306766899991,1.246445877098835,0.0,1.469751076915014,0.0,0.0,0.0,1.500645026107177,0.0,0.11325046350573349,0.0,0.020873054249167113,0.0,0.0,0.07814486943409456,0.0,0.5100014865626948,0.0,0.10640363864398174,0.0,0.36666666666666664,0.2,0.03333333333333333,0.06666666666666667,0.03333333333333333,0.0,0.0,0.06666666666666667,0.13333333333333333,0.0,0.0,0.03333333333333333,0.0,0.0,0.4,0.06666666666666667,0.1,0.1,0.3333333333333333,0.8,0.03333333333333333,0.7333333333333333,0.0,0.06666666666666667,0.9333333333333333,0.0,0.0,0.8,0.03333333333333333,0.06666666666666667,0.0,0.0,1.0,0.03333333333333333,0.0,0.7,0.0,0.06666666666666667,0.8333333333333334,0.0,0.7333333333333333,0.0,0.0,0.0,0.9,0.0,0.1,0.0,0.03333333333333333,0.0,0.0,0.06666666666666667,0.0,0.26666666666666666,0.0,0.1,30
KUL19,Border,Myeloids,Proliferating,GSE144735,0.08651992463164937,0.3328631507138624,0.07844698692215331,0.1244552001755239,0.0,0.0,0.04824446162192225,0.0,0.02827134861624567,0.14395677701270507,0.021648449625191347,0.0,0.0,0.0,0.04661548969473732,0.49675909262498985,0.13741789627898318,0.1812103102290545,0.36872974553866594,0.5418158237081347,1.1318117597756383,0.11650661831681354,1.084182450903451,0.0,0.0,1.2416864299220836,0.0,0.0,1.2941662017789126,0.04498200637736007,0.039037191597456056,0.0,0.0,4.254219974794443,0.3508438531219406,0.0,0.8422693800431965,0.0,0.0,1.7963920389253016,0.0,0.6349667486581975,0.0,0.0,0.0,2.485455266873133,0.0,0.260686514432364,0.0,0.0,0.0,0.04072579544433408,0.03980370432115526,0.0,3.284617021939512,0.0,0.290921397639433,0.13043478260869565,0.43478260869565216,0.08695652173913043,0.17391304347826086,0.0,0.0,0.08695652173913043,0.0,0.043478260869565216,0.13043478260869565,0.043478260869565216,0.0,0.0,0.0,0.08695652173913043,0.30434782608695654,0.043478260869565216,0.13043478260869565,0.21739130434782608,0.6086956521739131,0.8695652173913043,0.17391304347826086,0.9565217391304348,0.0,0.0,0.8260869565217391,0.0,0.0,0.9130434782608695,0.08695652173913043,0.043478260869565216,0.0,0.0,1.0,0.43478260869565216,0.0,0.7391304347826086,0.0,0.0,0.9565217391304348,0.0,0.5652173913043478,0.0,0.0,0.0,0.9565217391304348,0.0,0.2608695652173913,0.0,0.0,0.0,0.08695652173913043,0.08695652173913043,0.0,0.9130434782608695,0.0,0.34782608695652173,23
KUL19,Border,Myeloids,SPP1+B,GSE144735,0.0,0.46003235401679965,0.07938158814286007,0.40936322169945855,0.0,0.0,0.0,0.0,0.07164929310214488,1.0180364731715212,0.0,0.0,0.0,0.0,0.03330575660748799,0.25438095930381666,0.024191030788731742,0.02314801300268892,2.425571502874276,0.30389292375914806,0.6751348894117173,0.0,1.5186404738366865,0.09940173308004248,0.0,1.7218986999552572,0.031634063823948635,0.0,0.5772935927699313,0.0,0.02314801300268892,0.0,0.030601519023032684,5.15098014647194,0.0,0.03330575660748799,0.6953035772365384,0.02314801300268892,0.0,2.220848526942194,0.0,1.200123636709068,0.0,0.0,0.0,2.3686552664474103,0.0,0.73834516034794,0.40536364015347504,0.0,0.0,0.1127123896273191,0.02101598031898485,0.0,3.198636713029278,0.0,0.15089510013003857,0.0,0.47058823529411764,0.11764705882352941,0.35294117647058826,0.0,0.0,0.0,0.0,0.11764705882352941,0.4117647058823529,0.0,0.0,0.0,0.0,0.058823529411764705,0.35294117647058826,0.058823529411764705,0.058823529411764705,0.6470588235294118,0.47058823529411764,0.6470588235294118,0.0,0.8235294117647058,0.11764705882352941,0.0,0.8823529411764706,0.058823529411764705,0.0,0.7058823529411765,0.0,0.058823529411764705,0.0,0.058823529411764705,1.0,0.0,0.058823529411764705,0.7647058823529411,0.058823529411764705,0.0,0.9411764705882353,0.0,0.7647058823529411,0.0,0.0,0.0,1.0,0.0,0.35294117647058826,0.29411764705882354,0.0,0.0,0.11764705882352941,0.058823529411764705,0.0,0.8823529411764706,0.0,0.11764705882352941,17
KUL19,Border,Myeloids,Unknown,GSE144735,0.0,0.063024750606161,0.0,0.063024750606161,0.0,0.0,0.0,0.0,0.10308112711999598,0.20197959170574578,0.0,0.0,0.0,0.0,0.0,0.063024750606161,0.0,0.3589403396329579,0.3267802243864746,0.0,0.1650784047131051,0.0,0.6553041031275868,0.0,0.0,0.6778891105132265,0.0,0.0,0.16562747178568862,0.15409491130562464,0.11076012948158138,0.0,0.0,4.493078824698888,0.11032614057577073,0.0,0.2664697722010029,0.0,0.0,1.3392241942118772,0.0,0.4703127672242765,0.0,0.0,0.0,1.8573105903341305,0.0,0.0,0.0,0.10191662847122371,0.0,0.0,0.0,0.0,2.1540077347347144,0.0,0.23668906257203942,0.0,0.05,0.0,0.05,0.0,0.0,0.0,0.0,0.05,0.1,0.0,0.0,0.0,0.0,0.0,0.05,0.0,0.15,0.1,0.0,0.05,0.0,0.3,0.0,0.0,0.35,0.0,0.0,0.1,0.1,0.05,0.0,0.0,1.0,0.05,0.0,0.15,0.0,0.0,0.55,0.0,0.2,0.0,0.0,0.0,0.7,0.0,0.0,0.0,0.05,0.0,0.0,0.0,0.0,0.5,0.0,0.15,20
KUL19,Border,Myeloids,cDC,GSE144735,0.08182450638684037,0.20761551023835675,0.0348465025872643,0.017907371494624964,0.0,0.0,0.0,0.0,0.06007631563740395,0.0,0.06421296731466183,0.0,0.0,0.0,0.036952262812638956,0.15127112873470697,0.04429798806183432,0.14774024909652747,0.03497974681068443,0.04916686933961429,0.6708587303235707,0.06464056788833926,0.4417683545778485,0.0,0.061760302859412586,1.6395253802542897,0.0,0.0,1.3300890683471616,0.05372726918048344,0.09490350801212233,0.0,0.0,4.072237647121454,0.0,0.018025519720416893,0.1547817828182447,0.0,0.0,0.9688445290255757,0.0,0.9648235537405678,0.0,0.0,0.0,0.7504793162715265,0.0,0.029834064302834893,0.0,0.0,0.0,0.06877421396823427,0.029684717536338178,0.0,0.12816385730811583,0.0,0.07196085689351304,0.14285714285714285,0.25,0.03571428571428571,0.03571428571428571,0.0,0.0,0.0,0.0,0.10714285714285714,0.0,0.10714285714285714,0.0,0.0,0.0,0.07142857142857142,0.14285714285714285,0.03571428571428571,0.14285714285714285,0.07142857142857142,0.07142857142857142,0.5357142857142857,0.10714285714285714,0.5,0.0,0.10714285714285714,0.9285714285714286,0.0,0.0,0.9285714285714286,0.07142857142857142,0.14285714285714285,0.0,0.0,1.0,0.0,0.03571428571428571,0.17857142857142858,0.0,0.0,0.8571428571428571,0.0,0.6428571428571429,0.0,0.0,0.0,0.7857142857142857,0.0,0.07142857142857142,0.0,0.0,0.0,0.14285714285714285,0.03571428571428571,0.0,0.17857142857142858,0.0,0.14285714285714285,28
KUL19,Border,Stromal cells,Enteric glial cells,GSE144735,0.0,0.9790663225815021,0.0,0.0,0.1390538738272747,0.0,0.0,0.0,0.5216348647555714,0.6933195056814726,0.5508663256611667,0.26256849055117754,0.0,0.11399672062340993,0.0,0.0,0.0,0.0,1.5544416269830637,0.0,0.19328910206172825,0.0,0.2499822675366996,0.0,0.0,1.2895121435870018,2.5145324221949807,0.0,0.6145582894452074,0.05155621042210453,0.0,0.0,0.0,4.132929087943461,0.09905704975892028,0.0,0.0,0.0,0.0,1.290075581754808,0.03840255520104607,3.555636859150577,0.0,0.062440510201305394,0.0,0.0,0.0,0.628561902109594,0.0,0.0,0.0,0.7070158021842731,0.05098455205773906,0.0,0.0,0.7901496119284411,2.9048501040023256,0.0,0.52,0.0,0.0,0.12,0.0,0.0,0.0,0.28,0.36,0.28,0.12,0.0,0.08,0.0,0.0,0.0,0.0,0.72,0.0,0.16,0.0,0.2,0.0,0.0,0.68,0.92,0.0,0.36,0.04,0.0,0.0,0.0,1.0,0.08,0.0,0.0,0.0,0.0,0.6,0.04,1.0,0.0,0.04,0.0,0.0,0.0,0.28,0.0,0.0,0.0,0.4,0.04,0.0,0.0,0.48,0.92,25
KUL19,Border,Stromal cells,Lymphatic ECs,GSE144735,0.0,0.19428136918069613,0.0,0.040943578702152525,0.2932923699544496,0.07998057068569528,0.0,0.0,0.0,1.0898814993219608,0.18416112598717263,0.0,0.12442832416750058,0.0,0.0,0.2361856717628651,0.0,0.0,0.0,0.0,0.0,0.0,0.44730254270942055,0.0,0.0,2.1649409876192998,0.0,0.09709189070246524,0.8629048201175561,0.08472288337013968,0.0,0.0,0.0,3.67541613274494,0.08472288337013968,0.0,0.0,0.0,0.0,1.5056869416373866,0.08472288337013968,1.8360232152818854,0.3104647081319099,0.10279687396409158,0.0,0.168864045786949,0.0,0.9313118639529745,0.0,0.0,0.0,0.0,0.4153882376444768,0.0,0.22350552807076854,0.0,0.0,0.0,0.3333333333333333,0.0,0.1111111111111111,0.3333333333333333,0.1111111111111111,0.0,0.0,0.0,0.7777777777777778,0.2222222222222222,0.0,0.1111111111111111,0.0,0.0,0.1111111111111111,0.0,0.0,0.0,0.0,0.0,0.0,0.5555555555555556,0.0,0.0,1.0,0.0,0.1111111111111111,0.7777777777777778,0.1111111111111111,0.0,0.0,0.0,1.0,0.1111111111111111,0.0,0.0,0.0,0.0,0.8888888888888888,0.1111111111111111,1.0,0.3333333333333333,0.1111111111111111,0.0,0.2222222222222222,0.0,0.5555555555555556,0.0,0.0,0.0,0.0,0.3333333333333333,0.0,0.3333333333333333,0.0,0.0,9
KUL19,Border,Stromal cells,Myofibroblasts,GSE144735,0.0,0.5643597841111045,0.0,0.4394202679081991,0.3612644451518602,0.010951524504837502,0.0,0.9843675591896136,2.990996552628926,1.244971446390152,0.8559158953818451,0.0,0.013417907228226058,0.02732944889192547,1.19889543380196,0.2192998385588472,0.0232580887113737,0.0,0.028988800943323418,0.0288595368466644,0.5597222904795561,0.0272626300837563,1.3373541462490872,0.04726046225501465,0.0,3.665458158864717,0.0,0.02070087823382609,0.7227677499497821,0.010127583595513358,0.34156576014501994,0.04431435631584294,0.08239160040034751,4.106747240798212,0.20874407635161787,0.0,0.0,0.0,0.01611017356191937,1.422244644231309,0.011551719960718498,1.1723999909475318,0.0,0.0,0.0,0.12642708360525903,0.0,1.1046385514966182,0.011551719960718498,0.9008123515730652,0.0,3.1148340880171954,0.11608680494478477,0.0,0.35692750238346993,0.0,0.0,0.0,0.5555555555555556,0.0,0.19444444444444445,0.4166666666666667,0.027777777777777776,0.0,0.6666666666666666,0.9166666666666666,0.6944444444444444,0.6111111111111112,0.0,0.027777777777777776,0.027777777777777776,0.5,0.1388888888888889,0.027777777777777776,0.0,0.05555555555555555,0.05555555555555555,0.4444444444444444,0.027777777777777776,0.75,0.05555555555555555,0.0,0.9722222222222222,0.0,0.027777777777777776,0.5,0.027777777777777776,0.4444444444444444,0.027777777777777776,0.05555555555555555,1.0,0.19444444444444445,0.0,0.0,0.0,0.027777777777777776,0.8055555555555556,0.027777777777777776,0.7222222222222222,0.0,0.0,0.0,0.19444444444444445,0.0,0.5,0.027777777777777776,0.3055555555555556,0.0,0.8611111111111112,0.027777777777777776,0.0,0.3888888888888889,0.0,0.0,36
KUL19,Border,Stromal cells,Pericytes,GSE144735,0.0,0.42328727851672204,0.06934588495089755,0.0,0.6767546923948037,0.0,0.0,0.10759878154101299,2.0989973627474683,0.6696970387752895,0.13739012303187828,0.0,0.0,0.0,0.0,0.0,0.0,0.0,0.0,0.0,0.203670021753994,0.0,0.1263041006850088,0.0,0.8864869646299985,2.8387079420593717,0.0,0.0,1.145664732843013,0.0,0.4813467227514417,0.0,0.0,3.51192279795769,0.5327280302461017,0.0,0.0,0.0,0.024645484651466484,0.967637168709893,0.0,2.3050099468627443,0.0,0.0,0.0,0.0737280804477417,0.0,0.46615810183762724,0.0,0.1853976809276664,0.0,1.433429984114706,0.0,0.0,0.9739154792228374,0.0,0.0,0.0,0.29411764705882354,0.058823529411764705,0.0,0.5294117647058824,0.0,0.0,0.11764705882352941,1.0,0.47058823529411764,0.11764705882352941,0.0,0.0,0.0,0.0,0.0,0.0,0.0,0.0,0.0,0.17647058823529413,0.0,0.11764705882352941,0.0,0.5294117647058824,1.0,0.0,0.0,0.6470588235294118,0.0,0.29411764705882354,0.0,0.0,1.0,0.4117647058823529,0.0,0.0,0.0,0.058823529411764705,0.5882352941176471,0.0,0.8235294117647058,0.0,0.0,0.0,0.11764705882352941,0.0,0.35294117647058826,0.0,0.058823529411764705,0.0,0.7058823529411765,0.0,0.0,0.5294117647058824,0.0,0.0,17
KUL19,Border,Stromal cells,Smooth muscle cells,GSE144735,0.0,0.42514162669773053,0.010075742276863205,0.0202551552943292,0.14269863459856177,0.0352304895274111,0.0,0.0,0.8823729815978549,0.998753572083655,0.10074262055814821,0.0,0.0,0.03760189034749194,0.0,0.0,0.0,0.0,0.03703237351489076,0.0,0.15424037445256525,0.0,0.2841643361088539,0.024019578875871955,0.0,1.3790977236161706,0.04668627405281644,0.0,1.1028964619759967,0.10230969311314003,0.139638688448406,0.0,0.018420167990515345,3.632959888642483,0.30342133457965065,0.0,0.015958055614084848,0.015161711657225194,0.0,1.0067795888371744,0.029731563929807893,2.520273965106471,0.0,0.0,0.0,0.0161995970658909,0.0,0.3479754148727227,0.0,0.0,0.0,0.7523195679996625,0.0,0.0,0.199609143721348,0.0,0.03849686875937832,0.0,0.3584905660377358,0.018867924528301886,0.018867924528301886,0.1509433962264151,0.03773584905660377,0.0,0.0,0.5283018867924528,0.5849056603773585,0.11320754716981132,0.0,0.0,0.03773584905660377,0.0,0.0,0.0,0.0,0.03773584905660377,0.0,0.1509433962264151,0.0,0.2641509433962264,0.018867924528301886,0.0,0.7924528301886793,0.05660377358490566,0.0,0.6792452830188679,0.09433962264150944,0.1320754716981132,0.0,0.018867924528301886,1.0,0.2641509433962264,0.0,0.018867924528301886,0.018867924528301886,0.0,0.6981132075471698,0.03773584905660377,0.9056603773584906,0.0,0.0,0.0,0.018867924528301886,0.0,0.3018867924528302,0.0,0.0,0.0,0.4716981132075472,0.0,0.0,0.1509433962264151,0.0,0.03773584905660377,53
KUL19,Border,Stromal cells,Stalk-like ECs,GSE144735,0.0,0.5150075515818391,0.06606848877039992,0.007211291790615107,0.14206058785182712,0.0,0.0,0.1611726834126821,0.12275303912785425,0.42936207109308094,0.6042273081469589,0.0,0.03293338480826305,0.01287780309478955,0.05186016572084272,0.03479448638218904,0.08971690118470182,0.05389935557217921,0.22155800475807189,0.0,0.43474829305942103,0.0,0.32206046311988923,0.11446901877254405,0.029209215209901156,1.4502336048840054,0.0,0.0,0.6281244628081016,0.0525094595575796,0.6771524802564642,0.0,0.0,2.800879479477894,0.42584011188963894,0.0,0.0,0.06474361927529455,0.03228662632025485,1.5481162382648168,0.00999230300857393,1.1279891253366963,0.052458186656363544,0.0,0.006437623266467682,0.10361756146991337,0.0,0.048079376474804945,0.0,0.0055843354471454,0.02884354855489817,0.10165093873251152,0.031328182530563714,0.0,0.21423309825240455,0.0,0.01162889227785828,0.0,0.5352112676056338,0.09859154929577464,0.014084507042253521,0.19718309859154928,0.0,0.0,0.2112676056338028,0.07042253521126761,0.36619718309859156,0.4788732394366197,0.0,0.014084507042253521,0.028169014084507043,0.056338028169014086,0.028169014084507043,0.04225352112676056,0.014084507042253521,0.15492957746478872,0.0,0.3380281690140845,0.0,0.3380281690140845,0.1267605633802817,0.028169014084507043,0.8028169014084507,0.0,0.0,0.5633802816901409,0.07042253521126761,0.5915492957746479,0.0,0.0,0.9859154929577465,0.38028169014084506,0.0,0.0,0.028169014084507043,0.028169014084507043,0.8873239436619719,0.014084507042253521,0.7183098591549296,0.07042253521126761,0.0,0.014084507042253521,0.1267605633802817,0.0,0.056338028169014086,0.0,0.014084507042253521,0.014084507042253521,0.04225352112676056,0.028169014084507043,0.0,0.19718309859154928,0.0,0.014084507042253521,71
KUL19,Border,Stromal cells,Stromal 1,GSE144735,0.0,0.28194491017434686,0.03824804842630607,0.5549569207022312,0.6206974917885721,0.0,0.02043729252772678,0.1485277798216345,2.663205612813333,1.8392074728083718,0.38281346263815474,0.0,0.9405082329771153,0.0,1.7608943244602393,0.3485106792510401,0.11233497962030495,0.011568947175171831,0.0,0.03834132655797291,0.3856285425563297,0.011568947175171831,1.0151897685400266,0.0,0.02489789895028344,2.6270764825988846,0.0,0.1765815221195905,1.600084786376194,0.028348085604605566,0.6826690960152421,0.0,0.0,4.177159698501218,0.48878056159553196,0.0,0.0,0.0,0.0,1.542280665497272,0.011568947175171831,1.3245905371199505,0.0,0.0,0.0,0.23452860802001968,0.0,1.7336096557924103,0.33718714876450917,1.8256094908511435,0.08704826027812927,2.281594375646865,0.02489789895028344,0.0,2.075570942436364,0.0,0.0,0.0,0.36,0.04,0.2,0.6,0.0,0.04,0.12,0.92,0.88,0.36,0.0,0.56,0.0,0.68,0.24,0.08,0.04,0.0,0.08,0.36,0.04,0.48,0.0,0.04,0.88,0.0,0.16,0.84,0.04,0.56,0.0,0.0,1.0,0.36,0.0,0.0,0.0,0.0,0.84,0.04,0.64,0.0,0.0,0.0,0.28,0.0,0.72,0.24,0.6,0.12,0.96,0.04,0.0,0.72,0.0,0.0,25
KUL19,Border,Stromal cells,Stromal 2,GSE144735,0.0,0.30469108810239587,0.2570906129340117,0.7684206387050977,0.0,0.0,0.0,0.0,2.2126202279731144,0.0,0.0,0.0,0.0,0.0,0.0,0.0,0.0,0.0,0.0,0.0,0.7525599535109454,0.0,0.8480815909180132,0.0,0.0,3.3320792807250093,0.0,0.0,2.302439352425001,0.0,0.5083576615987372,0.0,0.0,3.406855535101197,0.22624804503003784,0.0,0.0,0.0,0.0,0.7787632107976825,0.0,2.1221535984836213,0.0,0.0,0.0,0.0,0.0,0.0,0.0,0.0,0.0,1.6484613855354755,0.0,0.0,0.9902273743166417,0.0,0.0,0.0,0.3333333333333333,0.16666666666666666,0.5,0.0,0.0,0.0,0.0,0.8333333333333334,0.0,0.0,0.0,0.0,0.0,0.0,0.0,0.0,0.0,0.0,0.0,0.5,0.0,0.6666666666666666,0.0,0.0,1.0,0.0,0.0,1.0,0.0,0.3333333333333333,0.0,0.0,1.0,0.16666666666666666,0.0,0.0,0.0,0.0,0.5,0.0,0.6666666666666666,0.0,0.0,0.0,0.0,0.0,0.0,0.0,0.0,0.0,0.8333333333333334,0.0,0.0,0.5,0.0,0.0,6
KUL19,Border,Stromal cells,Stromal 3,GSE144735,0.0,0.36278141005485703,0.0,0.06449926822949825,0.45417634500761267,0.01647379440410684,0.01516663198696217,0.39371867774384384,2.5267147512714327,1.2565466532219354,1.1019016350251671,0.02133751697842191,0.08895831680457944,0.15495569774883747,0.08231920563889752,0.06364678176725978,0.03417640919625024,0.006078864139746306,0.042174359239369325,0.017012275880448735,0.1717321889692318,0.0,0.6944240876210866,0.021546682912772792,0.0632534777551315,2.970651598173581,0.031163974521736398,0.0,1.1977807657066075,0.03857933607682668,0.22450198332910482,0.0,0.004287246009988747,3.743648656129706,1.9794405704330273,0.012539640081181547,0.010982987673115147,0.0,0.010665109892583149,1.8834023578660155,0.004383540954027572,1.7694581907035567,0.007460873634309666,0.0,0.003064232753873795,0.2609211467888546,0.0050433953540059565,0.7600156015941643,0.002671649884031775,0.8077099280752142,0.0,2.551667736513539,0.2765063848840774,0.0,0.6015067291886836,0.0,0.002848116546183581,0.0,0.40331491712707185,0.0,0.0718232044198895,0.44751381215469616,0.022099447513812154,0.016574585635359115,0.3812154696132597,0.9226519337016574,0.7955801104972375,0.6850828729281768,0.03314917127071823,0.09392265193370165,0.18232044198895028,0.08287292817679558,0.04419889502762431,0.027624309392265192,0.011049723756906077,0.06077348066298342,0.022099447513812154,0.20441988950276244,0.0,0.5469613259668509,0.022099447513812154,0.07734806629834254,0.9723756906077348,0.03314917127071823,0.0,0.8066298342541437,0.049723756906077346,0.2541436464088398,0.0,0.0055248618784530384,0.994475138121547,0.9005524861878453,0.016574585635359115,0.011049723756906077,0.0,0.016574585635359115,0.9226519337016574,0.0055248618784530384,0.8232044198895028,0.011049723756906077,0.0,0.0055248618784530384,0.281767955801105,0.0055248618784530384,0.48066298342541436,0.0055248618784530384,0.3701657458563536,0.0,0.9060773480662984,0.20441988950276244,0.0,0.3701657458563536,0.0,0.0055248618784530384,181
KUL19,Border,Stromal cells,Tip-like ECs,GSE144735,0.0,0.31032227665896406,0.013026068521798629,0.029172938616686104,0.418716911167762,0.0,0.014831712952244207,0.23871116059295366,0.11505223680696677,0.7043085065371522,0.3449397626416362,0.0,0.2097065759167679,0.00540594181162479,0.029703755799249814,0.05408881130943878,0.023597653170178423,0.0,0.07691478243816155,0.009106995762346831,0.1453550819671771,0.0,0.1869798420926227,0.06805205874316944,0.047228637206203766,1.2502743864892527,0.0,0.07064507852090308,0.20417254665111564,0.04696898770988488,0.7897090237494071,0.0,0.004884976818861442,2.8659940400402144,1.6646114774050602,0.0,0.00540594181162479,0.0,0.0359563139615583,1.1488536221946481,0.02848891874878473,1.1223802324801289,0.07609904550097284,0.0,0.0,0.037538773846180734,0.013044143902799914,0.07856907686319042,0.0,0.037999324241508994,0.044341454948062374,0.10386516491233456,0.023579874618005682,0.0,0.11716827208599603,0.0,0.01287782155768456,0.0,0.32432432432432434,0.02702702702702703,0.04054054054054054,0.33783783783783783,0.0,0.013513513513513514,0.2702702702702703,0.0945945945945946,0.47297297297297297,0.20270270270270271,0.0,0.14864864864864866,0.013513513513513514,0.04054054054054054,0.05405405405405406,0.013513513513513514,0.0,0.08108108108108109,0.013513513513513514,0.14864864864864866,0.0,0.17567567567567569,0.08108108108108109,0.04054054054054054,0.7567567567567568,0.0,0.06756756756756757,0.20270270270270271,0.04054054054054054,0.6351351351351351,0.0,0.013513513513513514,0.9864864864864865,0.7297297297297297,0.0,0.013513513513513514,0.0,0.04054054054054054,0.7162162162162162,0.04054054054054054,0.6486486486486487,0.06756756756756757,0.0,0.0,0.05405405405405406,0.013513513513513514,0.05405405405405406,0.0,0.05405405405405406,0.04054054054054054,0.0945945945945946,0.02702702702702703,0.0,0.10810810810810811,0.0,0.013513513513513514,74
KUL19,Border,T cells,CD4+ T cells,GSE144735,0.0,0.27969588850253174,0.07848206861466375,0.019732543026285253,0.0,0.17297467361937913,0.11591088305864118,0.004197696119370085,0.018268388461779403,0.02031915854935312,0.0021352101378951695,0.0,0.0,0.0,0.007405636997200311,0.010308343239291608,0.0,0.0029728123832057684,0.03522516849906487,0.0,0.0658063253117344,0.0,0.11834623120713443,0.0022053728022985906,0.015309942054033535,0.2689139084747503,0.0027726781998942884,0.0,0.013883777282244153,0.03943490764784716,0.26007911994894567,0.0,0.004965968912321386,2.726195495058789,0.013807036839653728,0.11311327674293514,0.0,0.038926735401441,0.05437450374298961,0.2544270644886479,0.0,0.4591829354294106,0.0014241156849178448,0.0,0.0,0.01723594600708501,0.0,0.015149645444135428,0.0,0.004277221093163618,0.0,0.024379340266580573,0.006211346248979264,0.0,0.0924092484610433,0.002661438335305313,0.03424648868645356,0.0,0.19753086419753085,0.0564373897707231,0.014109347442680775,0.0,0.09876543209876543,0.06878306878306878,0.003527336860670194,0.014109347442680775,0.014109347442680775,0.001763668430335097,0.0,0.0,0.0,0.005291005291005291,0.007054673721340388,0.0,0.001763668430335097,0.026455026455026454,0.0,0.047619047619047616,0.0,0.08641975308641975,0.001763668430335097,0.012345679012345678,0.19400352733686066,0.001763668430335097,0.0,0.008818342151675485,0.029982363315696647,0.19223985890652556,0.0,0.003527336860670194,0.9841269841269841,0.010582010582010581,0.07231040564373897,0.0,0.021164021164021163,0.029982363315696647,0.1675485008818342,0.0,0.30158730158730157,0.001763668430335097,0.0,0.0,0.012345679012345678,0.0,0.010582010582010581,0.0,0.003527336860670194,0.0,0.01763668430335097,0.005291005291005291,0.0,0.06701940035273368,0.001763668430335097,0.01763668430335097,567
KUL19,Border,T cells,CD8+ T cells,GSE144735,0.0,0.3770607761778528,0.15271659695985645,0.009118925941854577,0.004542045727543158,1.4034611828323589,0.9707003513082619,0.0,0.024099416507076293,0.008546068056024909,0.0,0.0,0.004776864551615727,0.004170659442728459,0.026680948648143212,0.0036488694517883306,0.0040946233672922525,0.0,0.040219682664774,0.0,0.09622420530992284,0.0,0.10765690541616943,0.004986537772857162,0.02286419476091648,0.13885525821139072,0.0,0.0,0.016574706561998487,0.04713539253091163,0.3069099303858791,0.0,0.0,2.576978921991278,0.005024478916389515,0.7584837524590593,0.004044356759190257,0.4226727289403424,0.7819352056122187,0.4257128336164827,0.0,0.7129145405868398,0.0,0.0,0.0,0.016334460256678757,0.0,0.014381015122761671,0.0,0.009768161956086995,0.0,0.03947046976276626,0.011893342366922832,0.0,0.1500783466695017,0.0,0.005979937179052203,0.0,0.22701149425287356,0.09770114942528736,0.005747126436781609,0.0028735632183908046,0.6264367816091954,0.4827586206896552,0.0,0.014367816091954023,0.005747126436781609,0.0,0.0,0.0028735632183908046,0.0028735632183908046,0.017241379310344827,0.0028735632183908046,0.0028735632183908046,0.0,0.02586206896551724,0.0,0.0603448275862069,0.0,0.06896551724137931,0.0028735632183908046,0.017241379310344827,0.08620689655172414,0.0,0.0,0.011494252873563218,0.028735632183908046,0.1896551724137931,0.0,0.0,0.9597701149425287,0.0028735632183908046,0.3706896551724138,0.0028735632183908046,0.20977011494252873,0.2614942528735632,0.2557471264367816,0.0,0.39080459770114945,0.0,0.0,0.0,0.011494252873563218,0.0,0.008620689655172414,0.0,0.005747126436781609,0.0,0.02586206896551724,0.008620689655172414,0.0,0.08908045977011494,0.0,0.0028735632183908046,348
KUL19,Border,T cells,NK cells,GSE144735,0.0,0.19211088606343793,0.07600481453754206,0.0,0.0,0.10727048756923947,0.05677062638001239,0.0,0.06820022844729426,0.0,0.0,0.0,0.0,0.0,0.0,0.0,0.0,0.0,0.0,0.0,0.050838991701665406,0.0,0.213435432325869,0.0,0.0,0.4576025414070641,0.0,0.0,0.1190567208192705,0.0,0.27318479098808324,0.0,0.0,2.528115804548812,0.06823524135210782,0.975721996964123,0.0,0.12985355730593512,0.6705941143417873,0.4391770407190017,0.0,0.41722652446473724,0.0,0.0,0.0,0.0,0.0,0.0,0.0,0.0,0.0,0.0516927538818752,0.04799360660457465,0.0,0.06155320821296556,0.0,0.0,0.0,0.14285714285714285,0.03571428571428571,0.0,0.0,0.07142857142857142,0.03571428571428571,0.0,0.03571428571428571,0.0,0.0,0.0,0.0,0.0,0.0,0.0,0.0,0.0,0.0,0.0,0.03571428571428571,0.0,0.10714285714285714,0.0,0.0,0.2857142857142857,0.0,0.0,0.07142857142857142,0.0,0.17857142857142858,0.0,0.0,1.0,0.03571428571428571,0.42857142857142855,0.0,0.07142857142857142,0.25,0.25,0.0,0.25,0.0,0.0,0.0,0.0,0.0,0.0,0.0,0.0,0.0,0.03571428571428571,0.03571428571428571,0.0,0.03571428571428571,0.0,0.0,28
KUL19,Border,T cells,Regulatory T cells,GSE144735,0.0,0.7680269266060438,0.3359096693150425,0.006966209812364746,0.005220898874420997,0.03942782924469708,0.015842884556632186,0.0,0.043217961416184475,0.021938135331131012,0.004483298482594817,0.0,0.0,0.0,0.0231897771681051,0.004857228715629733,0.005299434609208861,0.006254959632482631,0.04208633059043941,0.0,0.05552322903165496,0.007243307076804317,0.13393627119151394,0.0,0.017260242932950316,0.3935942936594741,0.013735632124246864,0.0,0.006361591450893743,0.032223969113043545,0.24731725425008314,0.0,0.0,2.9499680959134817,0.023843061880174543,0.2361379660962936,0.0,0.017305090251631534,0.06509999986715014,0.49288477824374294,0.007243307076804317,0.7138812642372846,0.0,0.0,0.0,0.03542337398089596,0.0,0.025361348465368506,0.0,0.023265611969364323,0.0,0.06364339450081606,0.018039737233036097,0.0,0.09343328282213165,0.0,0.019799484543868772,0.0,0.4342629482071713,0.22310756972111553,0.00398406374501992,0.00398406374501992,0.0199203187250996,0.00796812749003984,0.0,0.03187250996015936,0.01593625498007968,0.00398406374501992,0.0,0.0,0.0,0.01593625498007968,0.00398406374501992,0.00398406374501992,0.00398406374501992,0.03187250996015936,0.0,0.035856573705179286,0.00398406374501992,0.09561752988047809,0.0,0.01195219123505976,0.250996015936255,0.00796812749003984,0.0,0.00398406374501992,0.0199203187250996,0.1593625498007968,0.0,0.0,0.9840637450199203,0.01593625498007968,0.1593625498007968,0.0,0.01195219123505976,0.027888446215139442,0.30278884462151395,0.00398406374501992,0.40239043824701193,0.0,0.0,0.0,0.02390438247011952,0.0,0.0199203187250996,0.0,0.01593625498007968,0.0,0.043824701195219126,0.01195219123505976,0.0,0.06374501992031872,0.0,0.00796812749003984,251
KUL19,Border,T cells,T follicular helper cells,GSE144735,0.0,0.31230252118463236,0.017962371494714482,0.021003358882546452,0.009804721001087527,0.0,0.01953007889883062,0.0,0.03901265519354509,0.013247566332257363,0.0,0.0,0.0,0.019868745534287007,0.011210106001271836,0.010263771966361194,0.0,0.0,0.05838550559112121,0.0,0.04358887068922699,0.0,0.17529081293731555,0.0,0.007900598982770304,0.1902215190196741,0.0,0.0,0.00810004093957094,0.047244074923308066,0.20759012258287923,0.0,0.008275383068810337,2.8584318161571964,0.0,0.03538530778612578,0.0,0.0938658287620009,0.019377309697912466,0.20791117670021717,0.0,0.5170885623080984,0.0,0.0,0.0,0.021293709075274263,0.0,0.0,0.0,0.0,0.0,0.03067546769408451,0.018180389191678272,0.0,0.07633318193242987,0.0,0.0,0.0,0.1875,0.013888888888888888,0.013888888888888888,0.006944444444444444,0.0,0.013888888888888888,0.0,0.027777777777777776,0.006944444444444444,0.0,0.0,0.0,0.013888888888888888,0.006944444444444444,0.006944444444444444,0.0,0.0,0.04861111111111111,0.0,0.027777777777777776,0.0,0.11805555555555555,0.0,0.006944444444444444,0.125,0.0,0.0,0.006944444444444444,0.034722222222222224,0.1388888888888889,0.0,0.006944444444444444,0.9791666666666666,0.0,0.027777777777777776,0.0,0.0625,0.013888888888888888,0.1388888888888889,0.0,0.2916666666666667,0.0,0.0,0.0,0.013888888888888888,0.0,0.0,0.0,0.0,0.0,0.020833333333333332,0.013888888888888888,0.0,0.05555555555555555,0.0,0.0,144
KUL19,Border,T cells,T helper 17 cells,GSE144735,0.0,0.6934844568151945,0.46231540986233605,0.0,0.0,0.40003802845499387,0.0,0.0,0.09229656930498815,0.0,0.0,0.0,0.0,0.0,0.0,0.0,0.0,0.0,0.0,0.0,0.3235441406783905,0.0,0.20037759707640568,0.0,0.0,0.4441406796157526,0.11212096214809865,0.0,0.08827715581832977,0.0,0.08691555077245754,0.0,0.0,3.1517862943481463,0.09876997727582341,0.5386411270435362,0.0,0.4010482518789967,0.7306162803290207,0.9099464414964391,0.0,0.5856072061454494,0.0,0.0,0.0,0.0,0.0,0.0,0.0,0.0,0.0,0.0,0.0,0.0,0.12351334058333126,0.0,0.11212096214809865,0.0,0.42857142857142855,0.2857142857142857,0.0,0.0,0.14285714285714285,0.0,0.0,0.07142857142857142,0.0,0.0,0.0,0.0,0.0,0.0,0.0,0.0,0.0,0.0,0.0,0.21428571428571427,0.0,0.14285714285714285,0.0,0.0,0.2857142857142857,0.07142857142857142,0.0,0.07142857142857142,0.0,0.07142857142857142,0.0,0.0,1.0,0.07142857142857142,0.2857142857142857,0.0,0.14285714285714285,0.2857142857142857,0.5714285714285714,0.0,0.42857142857142855,0.0,0.0,0.0,0.0,0.0,0.0,0.0,0.0,0.0,0.0,0.0,0.0,0.07142857142857142,0.0,0.07142857142857142,14
KUL19,Border,T cells,Unknown,GSE144735,0.0,0.5690272304211982,0.45554699902336765,0.0,0.0,0.8490217893404135,0.8528435342333472,0.0,0.0,0.0,0.0,0.0,0.0,0.0,0.0,0.0,0.0,0.0,0.0,0.0,0.0,0.0,0.0,0.0,0.0,0.30716340710635276,0.0,0.0,0.0,0.0,0.6268886173289745,0.0,0.0,3.010322449005355,0.0,1.1858949640881526,0.0,0.3410699629013303,1.6637782990642078,1.3460012812903672,0.0,1.7687342906478098,0.0,0.0,0.0,0.0,0.3197252102226218,0.0,0.0,0.0,0.0,0.0,0.0,0.0,0.0,0.0,0.0,0.0,0.25,0.25,0.0,0.0,0.5,0.5,0.0,0.0,0.0,0.0,0.0,0.0,0.0,0.0,0.0,0.0,0.0,0.0,0.0,0.0,0.0,0.0,0.0,0.0,0.25,0.0,0.0,0.0,0.0,0.5,0.0,0.0,1.0,0.0,0.5,0.0,0.25,0.5,0.75,0.0,1.0,0.0,0.0,0.0,0.0,0.25,0.0,0.0,0.0,0.0,0.0,0.0,0.0,0.0,0.0,0.0,4
KUL19,Border,T cells,gamma delta T cells,GSE144735,0.0,1.2330223955043318,0.0,0.0,0.0,0.0,0.0,0.0,0.0,0.0,0.0,0.0,0.0,0.0,0.0,0.0,0.0,0.0,0.0,0.0,0.23181447968867022,0.0,0.0,0.0,0.2534904662859513,0.0,0.0,0.0,0.587362778343143,0.0,0.17130593980343486,0.0,0.0,2.423632842405787,0.0,1.7494803002501762,0.0,0.9316201658838158,2.1525122520228313,1.3273825545882758,0.0,0.2534904662859513,0.0,0.0,0.0,0.23181447968867022,0.0,0.0,0.0,0.0,0.0,0.0,0.0,0.0,0.0,0.0,0.0,0.0,0.8333333333333334,0.0,0.0,0.0,0.0,0.0,0.0,0.0,0.0,0.0,0.0,0.0,0.0,0.0,0.0,0.0,0.0,0.0,0.0,0.16666666666666666,0.0,0.0,0.0,0.16666666666666666,0.0,0.0,0.0,0.3333333333333333,0.0,0.16666666666666666,0.0,0.0,1.0,0.0,0.6666666666666666,0.0,0.5,0.8333333333333334,0.6666666666666666,0.0,0.16666666666666666,0.0,0.0,0.0,0.16666666666666666,0.0,0.0,0.0,0.0,0.0,0.0,0.0,0.0,0.0,0.0,0.0,6
KUL19,Normal,B cells,CD19+CD20+ B,GSE144735,0.0,0.04278389173238042,0.0,0.0,0.0,0.0,0.0,0.0,0.034955064220794925,0.07852865111020807,0.0,0.0,0.0,0.0,0.0,0.0,0.0,0.0,0.0,0.0,0.028562995622365403,0.0,0.16028134279685383,0.0,0.0,0.19771663762037064,0.0,0.0,0.08122204021167623,0.0,0.0,0.0,0.0,3.071320255395239,0.0,0.0,0.0,0.0,0.0,0.10069268255907518,0.0,0.14738385068826546,0.0,0.0,0.0,0.10330115833911846,0.0,0.0,0.0,0.0,0.0,0.0,0.05689739972941089,0.0,0.028225475430159117,0.0,0.0,0.0,0.029411764705882353,0.0,0.0,0.0,0.0,0.0,0.0,0.029411764705882353,0.058823529411764705,0.0,0.0,0.0,0.0,0.0,0.0,0.0,0.0,0.0,0.0,0.029411764705882353,0.0,0.11764705882352941,0.0,0.0,0.14705882352941177,0.0,0.0,0.058823529411764705,0.0,0.0,0.0,0.0,1.0,0.0,0.0,0.0,0.0,0.0,0.08823529411764706,0.0,0.11764705882352941,0.0,0.0,0.0,0.08823529411764706,0.0,0.0,0.0,0.0,0.0,0.0,0.029411764705882353,0.0,0.029411764705882353,0.0,0.0,34
KUL19,Normal,B cells,IgA+ Plasma,GSE144735,0.0,0.028305021425996273,0.00484373461985417,0.0,0.0025923084837995744,0.0006900135631731663,0.0,0.0,0.034725551448426435,0.021473030938391632,0.007545967695631931,0.0031627250054424233,0.0006240649576782091,0.04210171760541626,0.005380147656692741,0.004150279680297157,0.004459212880017496,0.003393400353798051,0.0014630393618019354,0.0023328611256852195,0.08734179556063584,0.0018282852495092644,0.07199133053243878,0.0007555587258768141,0.0,0.9972641738987118,0.003839582310973007,0.0,0.008340352435328525,0.007358762073101969,0.007892756917669164,0.0,0.0007457748781930014,1.6738279116324184,0.013320723190353826,0.0022159391061574002,0.001146183450876799,0.0011061297471799245,0.0071820603466927506,0.32888872580436945,0.0010304652155242817,0.25359250446303844,0.0005835422948707364,0.0,0.0,0.015333345240168201,0.0008254865167984357,0.005575792348383612,0.0,0.002770898284897708,0.0,0.02106164025692563,0.008585615386118996,0.0,0.011688374507442669,0.0013890921353863538,0.005189223389908957,0.0,0.05741626794258373,0.011961722488038277,0.0,0.007177033492822967,0.0023923444976076554,0.0,0.0,0.08373205741626795,0.04784688995215311,0.019138755980861243,0.007177033492822967,0.0023923444976076554,0.0645933014354067,0.014354066985645933,0.011961722488038277,0.0023923444976076554,0.004784688995215311,0.004784688995215311,0.0023923444976076554,0.1339712918660287,0.004784688995215311,0.13875598086124402,0.0023923444976076554,0.0,0.8157894736842105,0.009569377990430622,0.0,0.023923444976076555,0.019138755980861243,0.0215311004784689,0.0,0.0023923444976076554,0.9641148325358851,0.03349282296650718,0.004784688995215311,0.0023923444976076554,0.0023923444976076554,0.009569377990430622,0.583732057416268,0.0023923444976076554,0.3923444976076555,0.0023923444976076554,0.0,0.0,0.03588516746411483,0.0023923444976076554,0.014354066985645933,0.0,0.007177033492822967,0.0,0.0430622009569378,0.023923444976076555,0.0,0.028708133971291867,0.004784688995215311,0.009569377990430622,418
KUL19,Normal,B cells,Unspecified Plasma,GSE144735,0.0,0.09017611669050044,0.0,0.0,0.0,0.0,0.0,0.0,0.05620922916394714,0.0956029866072659,0.01893206712244978,0.0,0.0,0.0,0.0,0.0,0.0,0.0,0.0,0.0,0.0,0.0,0.0,0.0,0.0,0.7907148594420005,0.0,0.0,0.0,0.0,0.0,0.0,0.0,1.687770927161639,0.0,0.0,0.0,0.0,0.0956029866072659,0.14207340244039732,0.0,0.1132075715616202,0.0,0.0,0.0,0.07326561342698854,0.0,0.0,0.0,0.0,0.0,0.0,0.0,0.0,0.10454502297419536,0.0,0.048541803614920664,0.0,0.05,0.0,0.0,0.0,0.0,0.0,0.0,0.05,0.05,0.05,0.0,0.0,0.0,0.0,0.0,0.0,0.0,0.0,0.0,0.0,0.0,0.0,0.0,0.0,0.45,0.0,0.0,0.0,0.0,0.0,0.0,0.0,0.85,0.0,0.0,0.0,0.0,0.05,0.15,0.0,0.1,0.0,0.0,0.0,0.05,0.0,0.0,0.0,0.0,0.0,0.0,0.0,0.0,0.05,0.0,0.05,20
KUL19,Normal,Epithelial cells,BEST4+ Enterocytes,GSE144735,0.0,0.07807481399508759,0.0,0.0,0.0,0.0,0.12927919449088296,0.0,0.0,0.0,0.0,0.0,0.0,0.0,0.0,0.0,0.0,0.0,0.0,0.0,1.9446338471004745,0.0,0.32030457714905086,0.0,0.0,0.3863212770728243,0.0,0.0,0.3752235578869414,0.10346857686961097,0.0,0.0,0.0,4.0012615626062855,0.0,0.0,0.0,0.0,0.0,3.5535517055419574,0.0,2.391193251569747,0.0,0.0,0.0,0.20502711553892924,0.0,0.0,0.0,0.0,0.0,0.030271809550076554,1.229917885650535,0.0,0.0,0.0,0.0,0.0,0.16666666666666666,0.0,0.0,0.0,0.0,0.16666666666666666,0.0,0.0,0.0,0.0,0.0,0.0,0.0,0.0,0.0,0.0,0.0,0.0,0.0,1.0,0.0,0.5,0.0,0.0,0.5,0.0,0.0,0.6666666666666666,0.16666666666666666,0.0,0.0,0.0,1.0,0.0,0.0,0.0,0.0,0.0,1.0,0.0,1.0,0.0,0.0,0.0,0.5,0.0,0.0,0.0,0.0,0.0,0.16666666666666666,0.8333333333333334,0.0,0.0,0.0,0.0,6
KUL19,Normal,Epithelial cells,Goblet cells,GSE144735,0.039012193482480924,0.01671920549436393,0.0,0.0,0.007796655440552313,0.0,0.0,0.011197562668848355,0.05601200698570039,0.1396158635227718,0.007136389260680004,0.0,0.0,0.027550720228435993,0.0,0.09721164025298377,0.0,0.029468070849767505,0.0,0.0,1.8157458103461526,0.025615661545461132,0.18908049422119286,0.0,0.01630487134754469,0.42155604088018345,0.0,0.0,0.039856081847324226,0.08193873203876663,0.012938548398654224,0.0,0.0,3.1470171961292235,0.05615212111597596,0.0,0.0,0.0,0.0,2.0878189990583373,0.025487089180904792,1.7337927568003497,0.0,0.0,0.0,0.0,0.008047833400367311,0.0,0.0,0.010127784108181277,0.010410257928012513,0.02481476694688142,0.2956413287312902,0.0,0.040189280908097494,0.0,0.010395938167884651,0.020833333333333332,0.041666666666666664,0.0,0.0,0.020833333333333332,0.0,0.0,0.020833333333333332,0.08333333333333333,0.16666666666666666,0.020833333333333332,0.0,0.0,0.020833333333333332,0.0,0.125,0.0,0.020833333333333332,0.0,0.0,0.8541666666666666,0.020833333333333332,0.3333333333333333,0.0,0.020833333333333332,0.5,0.0,0.0,0.0625,0.125,0.020833333333333332,0.0,0.0,0.9583333333333334,0.0625,0.0,0.0,0.0,0.0,0.9166666666666666,0.020833333333333332,0.8333333333333334,0.0,0.0,0.0,0.0,0.020833333333333332,0.0,0.0,0.020833333333333332,0.020833333333333332,0.0625,0.3541666666666667,0.0,0.0625,0.0,0.020833333333333332,48
KUL19,Normal,Epithelial cells,Intermediate,GSE144735,0.0,0.0,0.0,0.0,0.0,0.0,0.0,0.0,0.0,0.08730282947748029,0.0,0.0,0.0,0.0,0.0433595726535068,0.0,0.0,0.0,0.0,0.0,1.0286762674188938,0.0,0.25852777342650585,0.0,0.0,0.246152017422223,0.0,0.0,0.08755647611654638,0.12815200650247632,0.0,0.0,0.0,4.173134523209605,0.0,0.0,0.0,0.0,0.0,2.7540093416500904,0.0,1.4270784725527317,0.0,0.0,0.0,0.1831823295508475,0.0,0.0,0.0,0.0,0.0,0.036266255673793275,0.4453888748283375,0.0,0.0,0.0,0.0,0.0,0.0,0.0,0.0,0.0,0.0,0.0,0.0,0.0,0.047619047619047616,0.0,0.0,0.0,0.0,0.023809523809523808,0.0,0.0,0.0,0.0,0.0,0.47619047619047616,0.0,0.16666666666666666,0.0,0.0,0.11904761904761904,0.0,0.0,0.047619047619047616,0.07142857142857142,0.0,0.0,0.0,1.0,0.0,0.0,0.0,0.0,0.0,0.8809523809523809,0.0,0.5714285714285714,0.0,0.0,0.0,0.09523809523809523,0.0,0.0,0.0,0.0,0.0,0.023809523809523808,0.23809523809523808,0.0,0.0,0.0,0.0,42
KUL19,Normal,Epithelial cells,Mature Enterocytes,GSE144735,0.0,0.1429658486575066,0.0,0.0,0.0,0.0,0.0,0.0,0.08466453180835433,0.05527949080118726,0.0,0.0,0.0,0.0,0.0,0.031135201441570188,0.0,0.0,0.0,0.0,1.5467149118399253,0.0,0.50229216496487,0.0,0.0,0.5491596500112936,0.019380142897321657,0.0,0.06801524040426218,0.7610196719482077,0.010795494758230464,0.0,0.018425032674645795,5.160454241209124,0.0,0.0,0.0,0.0,0.021335996686685378,4.121987643936133,0.005513555088967309,1.8319052086308403,0.0,0.0,0.0,0.2000859889008935,0.0,0.0,0.0,0.00612222902945254,0.0,0.008274630059565379,0.9286395396758006,0.0,0.06307554453657171,0.0,0.006319412630618904,0.0,0.18518518518518517,0.0,0.0,0.0,0.0,0.0,0.0,0.05555555555555555,0.05555555555555555,0.0,0.0,0.0,0.0,0.0,0.018518518518518517,0.0,0.0,0.0,0.0,0.7777777777777778,0.0,0.5185185185185185,0.0,0.0,0.46296296296296297,0.018518518518518517,0.0,0.09259259259259259,0.46296296296296297,0.018518518518518517,0.0,0.018518518518518517,1.0,0.0,0.0,0.0,0.0,0.018518518518518517,0.9814814814814815,0.018518518518518517,0.6851851851851852,0.0,0.0,0.0,0.2777777777777778,0.0,0.0,0.0,0.018518518518518517,0.0,0.018518518518518517,0.6111111111111112,0.0,0.037037037037037035,0.0,0.018518518518518517,54
KUL19,Normal,Epithelial cells,Stem-like/TA,GSE144735,0.0,0.04188776951201798,0.0017565850872992205,0.0,0.001741747257760479,0.0,0.015484248924361262,0.003917726032967889,0.019504423652685295,0.25992611832263274,0.003686950420093576,0.0,0.0,0.0,0.045077730924768564,0.10511486027194128,0.0,0.0014947776431491972,0.0,0.0,1.555058133280115,0.0,0.46181931718696295,0.0,0.008620364959622597,0.48874908611112006,0.002247281703977226,0.0,0.1918125376145152,0.8691331505923856,0.030694853157368595,0.0,0.0029700162734443143,3.926276576393469,0.010275066167216412,0.0,0.0076345475470318905,0.0,0.0015296227606597206,2.889000438359997,0.016927677116695867,1.7457846454432395,0.0,0.003908976597535252,0.0,0.176171687862924,0.03538240034408876,0.005014599611873829,0.0,0.002395055581713005,0.0,0.04153613158438075,0.9752589796553148,0.0,0.018482677611117507,0.0,0.01317502105474126,0.0,0.08270676691729323,0.007518796992481203,0.0,0.007518796992481203,0.0,0.022556390977443608,0.007518796992481203,0.06015037593984962,0.3082706766917293,0.015037593984962405,0.0,0.0,0.0,0.07518796992481203,0.14285714285714285,0.0,0.007518796992481203,0.0,0.0,0.9323308270676691,0.0,0.6616541353383458,0.0,0.022556390977443608,0.631578947368421,0.007518796992481203,0.0,0.3609022556390977,0.7293233082706767,0.06766917293233082,0.0,0.007518796992481203,1.0,0.022556390977443608,0.0,0.015037593984962405,0.0,0.007518796992481203,0.9849624060150376,0.045112781954887216,0.9548872180451128,0.0,0.007518796992481203,0.0,0.3082706766917293,0.045112781954887216,0.015037593984962405,0.0,0.007518796992481203,0.0,0.09022556390977443,0.7969924812030075,0.0,0.045112781954887216,0.0,0.022556390977443608,133
KUL19,Normal,Epithelial cells,Tuft cells,GSE144735,0.0,0.0,0.0,0.0,0.0,0.0,0.0,0.0,0.5105292711232239,0.0,0.0,0.0,0.0,0.0,0.0,0.0,0.0,0.0,0.0,0.0,0.0,0.0,0.0,0.0,0.0,0.0,0.0,0.0,0.0,0.0,0.0,0.0,0.0,2.6536164935700848,0.0,0.0,0.0,0.0,0.0,0.6221338126971098,0.0,0.0,0.0,0.0,0.0,0.0,0.0,0.0,0.0,0.0,0.0,0.0,0.0,0.0,0.0,0.0,0.0,0.0,0.0,0.0,0.0,0.0,0.0,0.0,0.0,0.25,0.0,0.0,0.0,0.0,0.0,0.0,0.0,0.0,0.0,0.0,0.0,0.0,0.0,0.0,0.0,0.0,0.0,0.0,0.0,0.0,0.0,0.0,0.0,0.0,1.0,0.0,0.0,0.0,0.0,0.0,0.25,0.0,0.0,0.0,0.0,0.0,0.0,0.0,0.0,0.0,0.0,0.0,0.0,0.0,0.0,0.0,0.0,0.0,4
KUL19,Normal,Mast cells,Mast cells,GSE144735,0.0,0.0,0.0,0.0,0.0,0.0,0.0,0.0,0.0,0.0,0.0,0.0,0.0,0.0,0.0,0.0,0.0,0.0,0.0,0.0,0.0,0.0,0.0,0.0,0.0,2.910796505597928,0.0,0.0,0.0,0.0,0.0,0.0,0.0,5.193241846326762,0.0,0.0,0.0,0.0,0.0,1.5984342116299564,0.0,0.0,0.0,0.0,0.0,1.1824606677716785,0.0,0.0,0.0,0.0,0.0,0.0,0.0,0.0,0.0,0.0,0.0,0.0,0.0,0.0,0.0,0.0,0.0,0.0,0.0,0.0,0.0,0.0,0.0,0.0,0.0,0.0,0.0,0.0,0.0,0.0,0.0,0.0,0.0,0.0,0.0,0.0,1.0,0.0,0.0,0.0,0.0,0.0,0.0,0.0,1.0,0.0,0.0,0.0,0.0,0.0,0.5,0.0,0.0,0.0,0.0,0.0,0.5,0.0,0.0,0.0,0.0,0.0,0.0,0.0,0.0,0.0,0.0,0.0,2
KUL19,Normal,Myeloids,Anti-inflammatory,GSE144735,0.0,0.15220161923648284,0.0413437898988958,0.0,0.0,0.0,0.0,0.0,0.011214484146818334,0.019873067140844643,0.020272415356038926,0.0,0.0,0.0,0.026233898421948773,0.28081226679484766,0.017670110428179533,0.06165234842766882,0.0,0.32861896713658034,0.7864118613458395,0.03517492534940952,0.44179505956811094,0.0,0.019735559422526677,1.3291138703955303,0.020558042897217486,0.0,1.1741856417073178,0.00904214385158804,0.011591423956593832,0.0,0.021896980328681044,4.337125957017047,0.4626519019948306,0.0,1.5385118729428022,0.0,0.0,0.8547190507236915,0.014178442538366748,0.8759757127430354,0.0,0.0,0.0,1.8589670591636536,0.0,0.11448729486775902,0.0,0.0,0.0,0.024598238402064695,0.012496368047905639,0.0,0.6956959576130163,0.008622326902636082,0.05994718234634621,0.0,0.10743801652892562,0.03305785123966942,0.0,0.0,0.0,0.0,0.0,0.008264462809917356,0.024793388429752067,0.01652892561983471,0.0,0.0,0.0,0.01652892561983471,0.18181818181818182,0.008264462809917356,0.024793388429752067,0.0,0.23140495867768596,0.5206611570247934,0.024793388429752067,0.32231404958677684,0.0,0.01652892561983471,0.6859504132231405,0.008264462809917356,0.0,0.7024793388429752,0.008264462809917356,0.008264462809917356,0.0,0.01652892561983471,1.0,0.3140495867768595,0.0,0.7933884297520661,0.0,0.0,0.5041322314049587,0.008264462809917356,0.48760330578512395,0.0,0.0,0.0,0.9008264462809917,0.0,0.08264462809917356,0.0,0.0,0.0,0.01652892561983471,0.008264462809917356,0.0,0.2975206611570248,0.008264462809917356,0.04132231404958678,121
KUL19,Normal,Myeloids,Pro-inflammatory,GSE144735,0.010058054034356105,0.49083254168888457,0.154592415899264,0.0,0.039425021652604995,0.0,0.0,0.0,0.014319593292250616,0.06632416193980621,0.0,0.0,0.0,0.0,0.022591329028482793,0.9097036296417645,0.010608389400417622,0.06651968482279778,0.020285796704787754,0.08825071129990505,1.2967698245061656,0.19149873077400414,1.1218181439567656,0.0,0.01548679106845819,1.8145955607155977,0.0,0.0,1.1115000719868966,0.009538522433033747,0.057771483901826785,0.0,0.0,4.747633871076787,0.05463114309785285,0.0066852193338962675,0.5025120472855985,0.0,0.0,1.486032694930287,0.0,1.349964960049238,0.010345989230001193,0.0,0.0,1.4287799490280695,0.0,0.032241177863670895,0.0,0.01202397315671689,0.0,0.03599796636822247,0.01600113258415564,0.0,0.26943870572681244,0.0,0.043293169270119565,0.0136986301369863,0.410958904109589,0.136986301369863,0.0,0.0410958904109589,0.0,0.0,0.0,0.0136986301369863,0.0547945205479452,0.0,0.0,0.0,0.0,0.0273972602739726,0.4383561643835616,0.0136986301369863,0.0410958904109589,0.0136986301369863,0.0821917808219178,0.7123287671232876,0.136986301369863,0.6986301369863014,0.0,0.0136986301369863,0.8767123287671232,0.0,0.0,0.726027397260274,0.0136986301369863,0.0547945205479452,0.0,0.0,1.0,0.0547945205479452,0.0136986301369863,0.3972602739726027,0.0,0.0,0.863013698630137,0.0,0.726027397260274,0.0136986301369863,0.0,0.0,0.821917808219178,0.0,0.0410958904109589,0.0,0.0136986301369863,0.0,0.0410958904109589,0.0136986301369863,0.0,0.1095890410958904,0.0,0.0547945205479452,73
KUL19,Normal,Myeloids,Proliferating,GSE144735,0.0195845904443719,0.38905709733639743,0.03254215528635693,0.0,0.027829533312283803,0.0,0.0,0.0,0.015947476651213568,0.026094244688952137,0.0,0.0,0.0,0.0,0.8833387753013553,1.3448966568197185,0.22344595511278073,0.273767641842204,0.0,0.2681543001850666,1.9613151190243898,0.07844452947291274,1.8078704361693112,0.1533768243392139,0.0,1.6914341194080624,0.0,0.0,0.6650534822834044,0.0,0.0,0.0,0.022204264521679232,4.892152218493769,0.42421079706939974,0.0,0.9628904949094701,0.0,0.0,2.3060285872765673,0.0,1.1314512681823556,0.0,0.0,0.0,2.315946512036986,0.0,0.06262323281319,0.0,0.0,0.0,0.01417375088812978,0.016611816293423547,0.0,2.556646405867037,0.0,0.247725676467092,0.03225806451612903,0.4838709677419355,0.06451612903225806,0.0,0.06451612903225806,0.0,0.0,0.0,0.03225806451612903,0.03225806451612903,0.0,0.0,0.0,0.0,0.4838709677419355,0.8064516129032258,0.16129032258064516,0.12903225806451613,0.0,0.3548387096774194,1.0,0.12903225806451613,1.0,0.12903225806451613,0.0,0.9354838709677419,0.0,0.0,0.6451612903225806,0.0,0.0,0.0,0.03225806451612903,1.0,0.4838709677419355,0.0,0.8064516129032258,0.0,0.0,1.0,0.0,0.7419354838709677,0.0,0.0,0.0,1.0,0.0,0.0967741935483871,0.0,0.0,0.0,0.03225806451612903,0.03225806451612903,0.0,0.967741935483871,0.0,0.3225806451612903,31
KUL19,Normal,Myeloids,SPP1+A,GSE144735,0.0,1.6232327211231323,2.0518673396243896,0.0,0.0,0.0,0.0,0.0,0.0,0.0,0.0,0.0,0.0,0.0,0.0,0.8571706748649985,3.122529840219377,6.0011072714130185,0.0,0.0,2.9952709626086707,0.0,3.552833469328684,0.0,0.0,2.7676593382887793,0.0,0.0,0.8571706748649985,0.0,0.0,0.0,0.0,4.618874013336264,0.0,0.0,0.8571706748649985,0.0,0.0,1.8603422970516719,0.0,2.849422898955494,0.0,0.0,0.0,0.8571706748649985,0.0,0.8571706748649985,0.0,0.0,0.0,0.0,0.0,0.0,0.8571706748649985,0.0,0.0,0.0,1.0,1.0,0.0,0.0,0.0,0.0,0.0,0.0,0.0,0.0,0.0,0.0,0.0,0.0,1.0,1.0,1.0,0.0,0.0,1.0,0.0,1.0,0.0,0.0,1.0,0.0,0.0,1.0,0.0,0.0,0.0,0.0,1.0,0.0,0.0,1.0,0.0,0.0,1.0,0.0,1.0,0.0,0.0,0.0,1.0,0.0,1.0,0.0,0.0,0.0,0.0,0.0,0.0,1.0,0.0,0.0,1
KUL19,Normal,Myeloids,SPP1+B,GSE144735,0.0,0.928693217596391,0.0,0.04588605069908825,0.0,0.0,0.0,0.0,0.0,0.0,0.0,0.0,0.0,0.0,0.15422594295792746,0.23796488748729602,0.22478810726488996,0.5771077285265988,0.0,0.0,1.294576597100039,0.0,0.9416055842833373,0.04362875546771361,0.0,2.510975191303879,0.0,0.0,0.48295021461636,0.0,0.0,0.0,0.0,4.9164234806451725,0.04362875546771361,0.0,0.6442691342379595,0.0,0.0,2.241981667599265,0.0,1.2942484512317276,0.0,0.0,0.0,2.133146649203331,0.0,0.0,0.0,0.0,0.0,0.0,0.0,0.0,0.1067731500953381,0.0,0.04362875546771361,0.0,0.6666666666666666,0.0,0.16666666666666666,0.0,0.0,0.0,0.0,0.0,0.0,0.0,0.0,0.0,0.0,0.16666666666666666,0.16666666666666666,0.16666666666666666,0.16666666666666666,0.0,0.0,0.6666666666666666,0.0,0.8333333333333334,0.16666666666666666,0.0,1.0,0.0,0.0,0.5,0.0,0.0,0.0,0.0,1.0,0.16666666666666666,0.0,0.6666666666666666,0.0,0.0,1.0,0.0,0.5,0.0,0.0,0.0,1.0,0.0,0.0,0.0,0.0,0.0,0.0,0.0,0.0,0.16666666666666666,0.0,0.16666666666666666,6
KUL19,Normal,Myeloids,Unknown,GSE144735,0.0,0.21402922930364654,0.0,0.0,0.0,0.0,0.0,0.0,0.0,0.0,0.0,0.0,0.0,0.0,0.3678537365265673,1.460082800280423,0.0,0.0,0.0,0.21458929995809634,0.682650801274685,0.0,0.38248620306180703,0.0,0.0,0.808298665910944,0.0,0.0,0.5074190847471856,0.0,0.0,0.0,0.37241311200863236,5.469679037306861,0.0,0.0,0.0,0.0,0.0,1.9423219587939626,0.0,0.5074190847471856,0.0,0.0,0.0,1.7758058281302926,0.0,0.0,0.0,0.2510538132545809,0.0,0.0,0.2510538132545809,0.0,0.9665495990233242,0.0,0.5016612945424093,0.0,0.125,0.0,0.0,0.0,0.0,0.0,0.0,0.0,0.0,0.0,0.0,0.0,0.0,0.125,0.625,0.0,0.0,0.0,0.125,0.375,0.0,0.125,0.0,0.0,0.375,0.0,0.0,0.25,0.0,0.0,0.0,0.125,1.0,0.0,0.0,0.0,0.0,0.0,0.625,0.0,0.25,0.0,0.0,0.0,0.75,0.0,0.0,0.0,0.125,0.0,0.0,0.125,0.0,0.375,0.0,0.25,8
KUL19,Normal,Myeloids,cDC,GSE144735,0.0604495440532287,0.41233451777203634,0.0,0.0,0.030315088482282954,0.0,0.0,0.0,0.04199017291321141,0.0,0.0610674236512759,0.0,0.0,0.0,0.0,0.4062195813213156,0.025518568733505997,0.0,0.0,0.0,0.9733267463838106,0.08140744971018414,0.6146936584011871,0.0,0.0,1.6470458982248575,0.0,0.0,0.9660679723924643,0.0,0.027032543654532067,0.0,0.0,4.204907321936909,0.070058063375288,0.0,0.14394281301253595,0.0,0.0,1.1996548708432304,0.0,0.9803435360728555,0.0,0.0,0.0,0.803473294902403,0.0,0.03678697064998989,0.0,0.0,0.0,0.0,0.0,0.0,0.0,0.0,0.220094051464904,0.09523809523809523,0.38095238095238093,0.0,0.0,0.047619047619047616,0.0,0.0,0.0,0.047619047619047616,0.0,0.09523809523809523,0.0,0.0,0.0,0.0,0.3333333333333333,0.047619047619047616,0.0,0.0,0.0,0.5238095238095238,0.09523809523809523,0.6190476190476191,0.0,0.0,0.9523809523809523,0.0,0.0,0.8095238095238095,0.0,0.047619047619047616,0.0,0.0,1.0,0.09523809523809523,0.0,0.14285714285714285,0.0,0.0,0.8095238095238095,0.0,0.7142857142857143,0.0,0.0,0.0,0.6666666666666666,0.0,0.047619047619047616,0.0,0.0,0.0,0.0,0.0,0.0,0.0,0.0,0.19047619047619047,21
KUL19,Normal,Stromal cells,Enteric glial cells,GSE144735,0.0,0.8301207611928868,0.02070861071734215,0.0,0.048395227329389265,0.0,0.0,0.0,0.8563684695905562,0.23378092685448754,0.5369102746467627,0.0,0.0,0.24000237441042746,0.0,0.0,0.0,0.0,1.4488817950173667,0.0,0.41894619336262207,0.0,0.16212506362469578,0.0,0.022472030508164504,1.2224990363283323,2.631756426857289,0.0,0.279385574570961,0.021120329793715954,0.0,0.0,0.0,4.207691584915528,0.15654054195282438,0.018586159737056327,0.0,0.0,0.029175009196532396,1.4559996900731487,0.023636064207879195,3.6245790082449783,0.0,0.0,0.0,0.025314543437115578,0.0,0.3262628483969073,0.0,0.0,0.0,0.8124111619836848,0.0,0.0,0.11493100238944391,0.5956530170677123,3.2756250359735493,0.0,0.41975308641975306,0.012345679012345678,0.0,0.024691358024691357,0.0,0.0,0.0,0.4444444444444444,0.13580246913580246,0.2962962962962963,0.0,0.0,0.14814814814814814,0.0,0.0,0.0,0.0,0.5679012345679012,0.0,0.2345679012345679,0.0,0.1111111111111111,0.0,0.012345679012345678,0.6296296296296297,0.9135802469135802,0.0,0.16049382716049382,0.012345679012345678,0.0,0.0,0.0,1.0,0.1111111111111111,0.012345679012345678,0.0,0.0,0.012345679012345678,0.691358024691358,0.012345679012345678,0.9876543209876543,0.0,0.0,0.0,0.024691358024691357,0.0,0.1728395061728395,0.0,0.0,0.0,0.4074074074074074,0.0,0.0,0.06172839506172839,0.32098765432098764,1.0,81
KUL19,Normal,Stromal cells,Lymphatic ECs,GSE144735,0.06923980233267553,0.228571292784539,0.0,0.0,0.215836452739886,0.0,0.0,0.0,0.0,0.652627550575551,0.0,0.0,0.0,0.0,0.23915558203048293,0.0,0.0,0.0,0.0,0.0,0.2513066154188931,0.0,0.12610384807686198,0.0,0.0,1.7296443215678703,0.0,0.0,0.78577149321922,0.0,0.0,0.0,0.0,3.39765298200187,0.06923980233267553,0.0,0.0,0.0,0.0,1.336044411584529,0.0,1.5211471932044631,0.0,0.0,0.0,0.180140759977689,0.0,0.7380873315598377,0.0,0.0,0.0,0.0,0.31295545698380145,0.0,0.0,0.0,0.0,0.1,0.2,0.0,0.0,0.1,0.0,0.0,0.0,0.0,0.3,0.0,0.0,0.0,0.0,0.1,0.0,0.0,0.0,0.0,0.0,0.2,0.0,0.1,0.0,0.0,0.7,0.0,0.0,0.5,0.0,0.0,0.0,0.0,1.0,0.1,0.0,0.0,0.0,0.0,0.6,0.0,0.6,0.0,0.0,0.0,0.1,0.0,0.4,0.0,0.0,0.0,0.0,0.2,0.0,0.0,0.0,0.0,10
KUL19,Normal,Stromal cells,Myofibroblasts,GSE144735,0.0,0.153199257485976,0.0,0.153199257485976,0.0,0.0,0.0,0.0,1.0443709297852488,0.0,0.0,0.0,0.0,0.0,0.0,0.0,0.0,0.0,0.0,0.0,0.09361525250841847,0.0,0.0,0.0,0.0,2.059066205777943,0.0,0.19700099261919723,0.579036190102567,0.0,0.0,0.0,0.0,3.9268569116191094,0.3170491190400779,0.0,0.0,0.0,0.0,0.26032749836677094,0.0,0.7470197768868475,0.0,0.0,0.0,0.37251361520557397,0.0,0.0,0.0,0.0,0.0,0.9879870419402677,0.0,0.0,0.5372532473554719,0.0,0.0,0.0,0.16666666666666666,0.0,0.16666666666666666,0.0,0.0,0.0,0.0,0.3333333333333333,0.0,0.0,0.0,0.0,0.0,0.0,0.0,0.0,0.0,0.0,0.0,0.16666666666666666,0.0,0.0,0.0,0.0,0.6666666666666666,0.0,0.16666666666666666,0.3333333333333333,0.0,0.0,0.0,0.0,1.0,0.16666666666666666,0.0,0.0,0.0,0.0,0.16666666666666666,0.0,0.16666666666666666,0.0,0.0,0.0,0.16666666666666666,0.0,0.0,0.0,0.0,0.0,0.3333333333333333,0.0,0.0,0.16666666666666666,0.0,0.0,6
KUL19,Normal,Stromal cells,Pericytes,GSE144735,0.0,0.14855588229631317,0.0,0.0,0.5377617394544438,0.0,0.0,0.0,1.8846190715841762,0.1794099824964831,0.0,0.0,0.0,0.0,0.0,0.14511223023593398,0.0,0.0,0.0,0.0,0.3784706489009881,0.0,0.1538111663205704,0.0,1.6902052240011403,1.8724123753939683,0.0,0.0,0.6127560944023881,0.0,0.5402317386426126,0.0,0.0,3.5954708047597106,0.8750797205374415,0.0,0.0956985601399608,0.0,0.0,1.6026899183048386,0.0,2.77763799597171,0.0,0.0,0.0,0.0,0.0,0.328223119885808,0.0,0.0,0.0,0.913582862148959,0.0,0.0,0.15418396157835504,0.0,0.0,0.0,0.07692307692307693,0.0,0.0,0.3076923076923077,0.0,0.0,0.0,0.8461538461538461,0.15384615384615385,0.0,0.0,0.0,0.0,0.0,0.07692307692307693,0.0,0.0,0.0,0.0,0.3076923076923077,0.0,0.07692307692307693,0.0,0.8461538461538461,0.9230769230769231,0.0,0.0,0.38461538461538464,0.0,0.3076923076923077,0.0,0.0,1.0,0.46153846153846156,0.0,0.07692307692307693,0.0,0.0,0.7692307692307693,0.0,0.9230769230769231,0.0,0.0,0.0,0.0,0.0,0.15384615384615385,0.0,0.0,0.0,0.5384615384615384,0.0,0.0,0.07692307692307693,0.0,0.0,13
KUL19,Normal,Stromal cells,Smooth muscle cells,GSE144735,0.0,0.32377979551653685,0.012504529390670408,0.0,0.13933443307533128,0.0,0.0,0.04381507031708283,0.7849347143055797,1.0498072361335145,0.0,0.0,0.0,0.0,0.0,0.0,0.0,0.0,0.0,0.0,0.06645613552156857,0.0,0.31228217491304183,0.05057953692419057,0.09499735160492334,1.070087065800276,0.0,0.0,0.35097667565010837,0.0,0.0160463842394637,0.0,0.0,3.228873091080918,0.32800543434585827,0.0,0.0,0.0,0.0,1.0060567941991827,0.017761631250988147,2.177250170101875,0.0,0.0,0.0,0.03331391704786484,0.0,0.1728908117963009,0.0,0.024769821476431645,0.0,0.5944148892945088,0.0238099438391171,0.0,0.0,0.0,0.01538473084199254,0.0,0.2631578947368421,0.017543859649122806,0.0,0.08771929824561403,0.0,0.0,0.03508771929824561,0.5614035087719298,0.543859649122807,0.0,0.0,0.0,0.0,0.0,0.0,0.0,0.0,0.0,0.0,0.05263157894736842,0.0,0.21052631578947367,0.03508771929824561,0.05263157894736842,0.631578947368421,0.0,0.0,0.2631578947368421,0.0,0.017543859649122806,0.0,0.0,0.9824561403508771,0.24561403508771928,0.0,0.0,0.0,0.0,0.6140350877192983,0.017543859649122806,0.7017543859649122,0.0,0.0,0.0,0.03508771929824561,0.0,0.14035087719298245,0.0,0.017543859649122806,0.0,0.42105263157894735,0.017543859649122806,0.0,0.0,0.0,0.017543859649122806,57
KUL19,Normal,Stromal cells,Stalk-like ECs,GSE144735,0.0,0.44584801504801785,0.0,0.0,0.0,0.0,0.0,0.028121296786832395,0.028121296786832395,0.3761119448376523,1.0568118396651327,0.0,0.0,0.0,0.0,0.22095783712471892,0.0,0.0,0.0,0.0,0.7032734412298773,0.0,0.12904261711096934,0.4091894524343953,0.0,1.7992403387340852,0.0,0.0,0.5305718818506184,0.0,0.3519061449577314,0.0,0.0,3.1555506883899462,0.4324295647587241,0.0,0.0,0.0,0.0,1.605033968410395,0.0,1.7804041082692712,0.11906538645230363,0.0,0.0,0.0,0.0,0.0,0.0,0.0,0.0,0.0,0.12177596767966319,0.0,0.028121296786832395,0.0,0.0,0.0,0.38461538461538464,0.0,0.0,0.0,0.0,0.0,0.07692307692307693,0.07692307692307693,0.23076923076923078,0.6923076923076923,0.0,0.0,0.0,0.0,0.15384615384615385,0.0,0.0,0.0,0.0,0.5384615384615384,0.0,0.15384615384615385,0.23076923076923078,0.0,0.7692307692307693,0.0,0.0,0.46153846153846156,0.0,0.3076923076923077,0.0,0.0,1.0,0.3076923076923077,0.0,0.0,0.0,0.0,0.7692307692307693,0.0,0.6153846153846154,0.15384615384615385,0.0,0.0,0.0,0.0,0.0,0.0,0.0,0.0,0.0,0.07692307692307693,0.0,0.07692307692307693,0.0,0.0,13
KUL19,Normal,Stromal cells,Stromal 1,GSE144735,0.0,0.5090901673268498,0.0,0.042300815223419067,0.46290950937550296,0.0,0.0,0.0,2.9247007542520094,2.495223571854828,0.9779514030020756,0.01579300755047208,1.7615323465689152,0.0,1.6596215400509258,0.03882350261648553,0.062364321795114745,0.10573334384270879,0.0,0.0,0.3620776757344302,0.0,0.48017085956037703,0.0,0.02163599464922295,2.3260198557151885,0.0,0.0,2.4654881190188833,0.0,0.2384534386683037,0.0,0.0,3.9208501380627823,1.6369795680136419,0.0,0.0,0.0,0.0,1.599067048152166,0.01579300755047208,1.9826264894068542,0.0,0.0,0.0,0.17479659970553083,0.0,2.483223218326376,0.40433390750747594,0.9602307152280514,0.029134022523148093,2.084492960298885,0.047594886758144835,0.0,3.288205209344239,0.0,0.01718750796726258,0.0,0.4186046511627907,0.0,0.023255813953488372,0.37209302325581395,0.0,0.0,0.0,0.9767441860465116,0.9534883720930233,0.5813953488372093,0.023255813953488372,0.8604651162790697,0.0,0.6744186046511628,0.046511627906976744,0.023255813953488372,0.023255813953488372,0.0,0.0,0.23255813953488372,0.0,0.3488372093023256,0.0,0.023255813953488372,0.9767441860465116,0.0,0.0,0.9534883720930233,0.0,0.23255813953488372,0.0,0.0,1.0,0.8837209302325582,0.0,0.0,0.0,0.0,0.813953488372093,0.023255813953488372,0.7674418604651163,0.0,0.0,0.0,0.16279069767441862,0.0,0.8837209302325582,0.3023255813953488,0.3953488372093023,0.023255813953488372,0.9302325581395349,0.046511627906976744,0.0,0.9534883720930233,0.0,0.023255813953488372,43
KUL19,Normal,Stromal cells,Stromal 2,GSE144735,0.0,0.4053716851110593,0.05698531775085027,0.644909104548253,0.3637844025087764,0.0,0.0,0.0,3.3569233272803687,0.3568219524996271,0.0651685141359392,0.0,0.0,0.04953105877955626,0.0651685141359392,0.0,0.0,0.0,0.0,0.0,0.7845693365320601,0.0,0.9004826347894296,0.0,0.09244886813109623,3.382821494210682,0.0,0.0,2.035767210815864,0.0,0.21583283590448482,0.0,0.0,3.2388936065735385,0.2795144382139666,0.0,0.0,0.0,0.0,1.1651479651612084,0.0,3.4218775115785527,0.0,0.0,0.0,0.045786055532842616,0.0,0.05607632740954928,0.0,0.0,0.0,2.6197028304845045,0.0,0.0,1.5847127204137839,0.0,0.0,0.0,0.35,0.05,0.35,0.3,0.0,0.0,0.0,1.0,0.2,0.05,0.0,0.0,0.05,0.05,0.0,0.0,0.0,0.0,0.0,0.45,0.0,0.5,0.0,0.05,0.95,0.0,0.0,0.95,0.0,0.15,0.0,0.0,1.0,0.2,0.0,0.0,0.0,0.0,0.6,0.0,0.9,0.0,0.0,0.0,0.05,0.0,0.05,0.0,0.0,0.0,1.0,0.0,0.0,0.5,0.0,0.0,20
KUL19,Normal,Stromal cells,Stromal 3,GSE144735,0.0,0.4215713963075147,0.008558859420874813,0.0,0.433638673187126,0.0033716666469026406,0.004113825163569799,0.14142970837621643,2.1456647547738092,1.8872867497004646,1.3448448034124911,0.08976419859995025,0.3355102607881317,0.35215215947974715,0.0139118677939609,0.020221362547507643,0.008626526265171092,0.006827417619310329,0.0017247972164728528,0.006160270863399115,0.16779804384680544,0.0,0.31867753234805085,0.011246442704321345,0.04827643947335796,3.022913663750894,0.016320490557223205,0.0012304051407803415,1.5027991182886389,0.011020198679903436,0.10595213202792542,0.0,0.0,3.9822061050645687,2.1290040770678558,0.0015587814925874374,0.0,0.0,0.0037076846192008505,2.2235797900061294,0.0019598122665478047,1.030683731987305,0.024378361798243785,0.0,0.0,0.22862595101337857,0.0,0.4805410558053457,0.006771252525307542,0.6186618950224833,0.0023196552878553896,1.946950704319811,0.40166175152439393,0.0,0.21016062421610032,0.0029261753531230703,0.011029699668617556,0.0,0.4120734908136483,0.010498687664041995,0.0,0.4068241469816273,0.0026246719160104987,0.007874015748031496,0.14173228346456693,0.910761154855643,0.8556430446194225,0.6771653543307087,0.11023622047244094,0.2755905511811024,0.2992125984251969,0.013123359580052493,0.01837270341207349,0.010498687664041995,0.005249343832020997,0.0026246719160104987,0.005249343832020997,0.1679790026246719,0.0,0.32020997375328086,0.015748031496062992,0.05511811023622047,0.994750656167979,0.015748031496062992,0.0026246719160104987,0.8503937007874016,0.015748031496062992,0.11286089238845144,0.0,0.0,0.994750656167979,0.9133858267716536,0.0026246719160104987,0.0,0.0,0.005249343832020997,0.9658792650918635,0.0026246719160104987,0.6246719160104987,0.03412073490813648,0.0,0.0,0.24934383202099739,0.0,0.29133858267716534,0.0026246719160104987,0.25984251968503935,0.0026246719160104987,0.8503937007874016,0.24671916010498687,0.0,0.11286089238845144,0.0026246719160104987,0.010498687664041995,381
KUL19,Normal,Stromal cells,Tip-like ECs,GSE144735,0.0,0.4375390838405345,0.0,0.0,0.07809264573464644,0.0,0.0,0.0,0.10615299783290004,0.8616507554497649,0.38475982528288377,0.0,0.4358705976964441,0.0,0.011041350704678576,0.9249749497598011,0.0,0.0,0.0,0.0,0.10949329052848246,0.0,0.24173867252700165,0.08493546378454656,0.026441045201845943,0.6836066534900668,0.0,0.0,0.29840817534624087,0.0,0.49980762330744144,0.0,0.0,2.885101021180956,1.7610159938038,0.0,0.0,0.0,0.0,1.8027603037372033,0.0,2.836570841297609,0.14029616006853374,0.0,0.03952690843293736,0.04895663622075646,0.0,0.011041350704678576,0.0,0.0,0.0,0.011041350704678576,0.0,0.0,0.06435656268511025,0.0,0.0,0.0,0.2962962962962963,0.0,0.0,0.037037037037037035,0.0,0.0,0.0,0.07407407407407407,0.4444444444444444,0.2222222222222222,0.0,0.25925925925925924,0.0,0.037037037037037035,0.37037037037037035,0.0,0.0,0.0,0.0,0.07407407407407407,0.0,0.14814814814814814,0.07407407407407407,0.037037037037037035,0.3333333333333333,0.0,0.0,0.2222222222222222,0.0,0.37037037037037035,0.0,0.0,0.9629629629629629,0.7407407407407407,0.0,0.0,0.0,0.0,0.7777777777777778,0.0,0.8148148148148148,0.1111111111111111,0.0,0.037037037037037035,0.037037037037037035,0.0,0.037037037037037035,0.0,0.0,0.0,0.037037037037037035,0.0,0.0,0.037037037037037035,0.0,0.0,27
KUL19,Normal,T cells,CD4+ T cells,GSE144735,0.0,0.433880246305541,0.1641720485113772,0.0,0.0,0.13440261483879337,0.08328026449132639,0.0,0.024388366421458314,0.03615692158910617,0.0,0.0,0.0,0.0,0.0,0.0,0.0,0.0,0.0,0.0,0.04796370482077679,0.0,0.19503902939102394,0.0,0.023811803412965786,0.5781900941849335,0.0,0.0,0.08255482659458602,0.0,0.0862213602488492,0.0,0.0,3.146728521700503,0.0,0.23062761395764345,0.0,0.06869915907425135,0.38133754070895254,0.5631672608796398,0.0,0.5811920031255011,0.0,0.0,0.0,0.0,0.0,0.052148049517145724,0.0,0.0,0.0,0.0167313265549062,0.017965806317040683,0.0,0.03406388733732931,0.0,0.08000526841019316,0.0,0.2923076923076923,0.09230769230769231,0.0,0.0,0.07692307692307693,0.046153846153846156,0.0,0.015384615384615385,0.015384615384615385,0.0,0.0,0.0,0.0,0.0,0.0,0.0,0.0,0.0,0.0,0.03076923076923077,0.0,0.13846153846153847,0.0,0.015384615384615385,0.36923076923076925,0.0,0.0,0.046153846153846156,0.0,0.06153846153846154,0.0,0.0,0.9692307692307692,0.0,0.13846153846153847,0.0,0.046153846153846156,0.16923076923076924,0.3230769230769231,0.0,0.3384615384615385,0.0,0.0,0.0,0.0,0.0,0.03076923076923077,0.0,0.0,0.0,0.015384615384615385,0.015384615384615385,0.0,0.03076923076923077,0.0,0.046153846153846156,65
KUL19,Normal,T cells,CD8+ T cells,GSE144735,0.0,0.609526818883297,0.2915795781139609,0.0,0.0,1.6337482305746547,0.9988101268322475,0.0,0.050578525432843933,0.018941059142636364,0.0,0.0,0.0,0.0,0.019766994606330926,0.022160536089997292,0.0,0.0,0.025576443604306512,0.0,0.017628965708066435,0.0,0.13092681342556794,0.0,0.0,0.14596264166215264,0.0,0.0,0.017048411876442127,0.0,0.1355249980854807,0.0,0.0,2.6943967014457253,0.022398920432056654,1.4302773348488906,0.018459691468658647,0.3857563521147834,2.0555311073843066,0.4935368949282039,0.0,0.5265308966146576,0.0,0.0,0.0,0.041743456807899995,0.0,0.0,0.0,0.0,0.0,0.019337211738408737,0.019337211738408737,0.0,0.03959801573344174,0.0,0.05576988592396923,0.0,0.35135135135135137,0.16216216216216217,0.0,0.0,0.6621621621621622,0.5,0.0,0.02702702702702703,0.013513513513513514,0.0,0.0,0.0,0.0,0.013513513513513514,0.013513513513513514,0.0,0.0,0.013513513513513514,0.0,0.013513513513513514,0.0,0.08108108108108109,0.0,0.0,0.08108108108108109,0.0,0.0,0.013513513513513514,0.0,0.08108108108108109,0.0,0.0,0.9459459459459459,0.013513513513513514,0.6486486486486487,0.013513513513513514,0.17567567567567569,0.6756756756756757,0.28378378378378377,0.0,0.28378378378378377,0.0,0.0,0.0,0.02702702702702703,0.0,0.0,0.0,0.0,0.0,0.013513513513513514,0.013513513513513514,0.0,0.02702702702702703,0.0,0.02702702702702703,74
KUL19,Normal,T cells,NK cells,GSE144735,0.0,0.3975573813440096,0.11423660812920573,0.0,0.0,0.3623101743949705,0.29996442830533027,0.0,0.0,0.0,0.0,0.0,0.0,0.0,0.0,0.0,0.0,0.0,0.0,0.0,0.11423660812920573,0.0,0.0,0.0,0.0,0.3342639772969297,0.0,0.0,0.36679984314714986,0.0,0.23248895844902526,0.0,0.0,2.8517157273180205,0.0,2.1036741373667365,0.0,0.42400685234650826,1.4894251245040924,0.1999670125775605,0.0,1.1450399588976294,0.0,0.0,0.0,0.0,0.0,0.0,0.0,0.0,0.0,0.12292434372913386,0.0,0.0,0.0,0.0,0.6761924475590421,0.0,0.3076923076923077,0.07692307692307693,0.0,0.0,0.15384615384615385,0.15384615384615385,0.0,0.0,0.0,0.0,0.0,0.0,0.0,0.0,0.0,0.0,0.0,0.0,0.0,0.07692307692307693,0.0,0.0,0.0,0.0,0.23076923076923078,0.0,0.0,0.23076923076923078,0.0,0.15384615384615385,0.0,0.0,1.0,0.0,0.8461538461538461,0.0,0.15384615384615385,0.6153846153846154,0.15384615384615385,0.0,0.6153846153846154,0.0,0.0,0.0,0.0,0.0,0.0,0.0,0.0,0.0,0.07692307692307693,0.0,0.0,0.0,0.0,0.23076923076923078,13
KUL19,Normal,T cells,Regulatory T cells,GSE144735,0.0,0.8347082134950854,0.5809884734690314,0.0,0.0,0.0,0.0,0.0,0.0,0.08068817430969961,0.0,0.0,0.0,0.0,0.0,0.0,0.0,0.0,0.0,0.0,0.0,0.0,0.0,0.0,0.0,0.3444201659719742,0.0,0.0,0.0,0.0,0.09467779627172214,0.0,0.0,3.0002447331553035,0.0,0.2973033294208812,0.0,0.0,0.0,0.6250981772647846,0.0,0.5746617904599883,0.0,0.0,0.0,0.05799772491531353,0.0,0.0,0.0,0.0,0.0,0.20689307106595237,0.0,0.0,0.0,0.0,0.0,0.0,0.42105263157894735,0.3684210526315789,0.0,0.0,0.0,0.0,0.0,0.0,0.05263157894736842,0.0,0.0,0.0,0.0,0.0,0.0,0.0,0.0,0.0,0.0,0.0,0.0,0.0,0.0,0.0,0.21052631578947367,0.0,0.0,0.0,0.0,0.05263157894736842,0.0,0.0,0.9473684210526315,0.0,0.15789473684210525,0.0,0.0,0.0,0.42105263157894735,0.0,0.3684210526315789,0.0,0.0,0.0,0.05263157894736842,0.0,0.0,0.0,0.0,0.0,0.10526315789473684,0.0,0.0,0.0,0.0,0.0,19
KUL19,Normal,T cells,T follicular helper cells,GSE144735,0.0,1.0830956806778687,0.0,0.0,0.0,0.0,0.0,0.0,0.0,0.0,0.0,0.0,0.0,0.0,0.0,0.0,0.0,0.0,0.0,0.0,0.0,0.0,0.0,0.0,0.0,0.0,0.0,0.0,0.0,0.0,0.0,0.0,0.0,2.877660897393925,0.0,0.0,0.0,0.0,0.0,0.0,0.0,0.0,0.0,0.0,0.0,0.0,0.0,0.0,0.0,0.0,0.0,0.0,0.0,0.0,0.0,0.0,0.0,0.0,0.5,0.0,0.0,0.0,0.0,0.0,0.0,0.0,0.0,0.0,0.0,0.0,0.0,0.0,0.0,0.0,0.0,0.0,0.0,0.0,0.0,0.0,0.0,0.0,0.0,0.0,0.0,0.0,0.0,0.0,0.0,0.0,1.0,0.0,0.0,0.0,0.0,0.0,0.0,0.0,0.0,0.0,0.0,0.0,0.0,0.0,0.0,0.0,0.0,0.0,0.0,0.0,0.0,0.0,0.0,0.0,2
KUL19,Normal,T cells,T helper 17 cells,GSE144735,0.0,0.6445862891888191,0.07785182737384296,0.0,0.0,0.2889611716952845,0.0,0.0,0.0,0.06891677696440458,0.0,0.0,0.0,0.0,0.0,0.0,0.0,0.0,0.0,0.0,0.06836904417666041,0.0,0.40266056364085334,0.0,0.0,1.0269452848820853,0.0,0.0,0.0847274858000697,0.0,0.3598094934641425,0.0,0.0,3.370885578989311,0.06891677696440458,0.29856801786174764,0.0,0.12086012705345762,0.8176710160567847,0.9511271321947793,0.0,0.7122544376851171,0.0,0.0,0.0,0.08040356559904957,0.0,0.0,0.0,0.0,0.0,0.0,0.0,0.0,0.0,0.0,0.0678908810740832,0.0,0.4666666666666667,0.06666666666666667,0.0,0.0,0.13333333333333333,0.0,0.0,0.0,0.06666666666666667,0.0,0.0,0.0,0.0,0.0,0.0,0.0,0.0,0.0,0.0,0.06666666666666667,0.0,0.3333333333333333,0.0,0.0,0.7333333333333333,0.0,0.0,0.06666666666666667,0.0,0.26666666666666666,0.0,0.0,1.0,0.06666666666666667,0.13333333333333333,0.0,0.06666666666666667,0.4,0.5333333333333333,0.0,0.4666666666666667,0.0,0.0,0.0,0.06666666666666667,0.0,0.0,0.0,0.0,0.0,0.0,0.0,0.0,0.0,0.0,0.06666666666666667,15
KUL19,Normal,T cells,Unknown,GSE144735,0.0,1.1548953916916997,0.0,0.0,0.0,2.143437413277762,0.4979867580498926,0.0,0.0,0.0,0.0,0.0,0.0,0.0,0.0,0.0,0.0,0.0,0.0,0.0,0.0,0.0,0.4979867580498926,0.0,0.0,2.0134307459395604,0.0,0.0,0.0,0.0,0.6569086336418072,0.0,0.0,3.066234207470358,0.0,2.317404205307959,0.0,0.0,3.859151180928794,1.3993805487546704,0.0,1.4293050942174117,0.0,0.0,0.0,0.0,0.0,0.0,0.0,0.0,0.0,0.0,0.0,0.0,0.0,0.0,0.0,0.0,1.0,0.0,0.0,0.0,1.0,0.5,0.0,0.0,0.0,0.0,0.0,0.0,0.0,0.0,0.0,0.0,0.0,0.0,0.0,0.0,0.0,0.5,0.0,0.0,1.0,0.0,0.0,0.0,0.0,0.5,0.0,0.0,1.0,0.0,1.0,0.0,0.0,1.0,1.0,0.0,1.0,0.0,0.0,0.0,0.0,0.0,0.0,0.0,0.0,0.0,0.0,0.0,0.0,0.0,0.0,0.0,2
KUL19,Normal,T cells,gamma delta T cells,GSE144735,0.0,0.6631387108927559,0.11423509724813258,0.0,0.0,0.6964315325831866,0.0,0.0,0.0,0.0,0.0,0.0,0.0,0.0,0.0,0.0,0.0,0.0,0.0,0.0,0.19434819479848756,0.0,0.16555666786782286,0.0,0.0,0.5130605156680614,0.0,0.0,0.0,0.0,0.09203155821989606,0.0,0.0,2.77517383109244,0.0,1.4248380207810865,0.0,0.23968393326894996,1.9778975650739,0.3916915703389476,0.15366936790633953,0.3042157389559433,0.0,0.0,0.0,0.10231663657859151,0.0,0.0,0.0,0.0,0.0,0.0,0.0,0.0,0.12902918503785518,0.0,0.0,0.0,0.4166666666666667,0.08333333333333333,0.0,0.0,0.3333333333333333,0.0,0.0,0.0,0.0,0.0,0.0,0.0,0.0,0.0,0.0,0.0,0.0,0.0,0.0,0.16666666666666666,0.0,0.08333333333333333,0.0,0.0,0.3333333333333333,0.0,0.0,0.0,0.0,0.08333333333333333,0.0,0.0,1.0,0.0,0.75,0.0,0.16666666666666666,0.8333333333333334,0.25,0.08333333333333333,0.25,0.0,0.0,0.0,0.08333333333333333,0.0,0.0,0.0,0.0,0.0,0.0,0.0,0.0,0.08333333333333333,0.0,0.0,12
KUL19,Tumor,B cells,CD19+CD20+ B,GSE144735,0.0,0.06328906727837438,0.016188421989962957,0.0150118293072953,0.0,0.0,0.0,0.009171128933056251,0.054932525519390055,0.0221011224428799,0.02536872108903798,0.0,0.0,0.008818190045308379,0.02983590308821625,0.0,0.007216755508327192,0.01978153544999723,0.044277056388185604,0.0,0.03234474665285728,0.0,0.1392656836174794,0.041147809716404325,0.0029699494851030224,0.14977479301354013,0.0,0.0,0.01852915240119501,0.0023378283587360466,0.05298633122572514,0.0,0.0,3.1195750478195716,0.014449204616271848,0.0,0.002387907159595965,0.0017479365762684235,0.046678880862535695,0.19933988448279083,0.004657242409806163,0.113454972772342,0.0,0.0,0.0016380284678656771,0.1286429405051684,0.0,0.01909634095528001,0.0,0.02898205413893058,0.0,0.04326600981299044,0.015857749995118676,0.0,0.14395143194973542,0.0,0.0,0.0,0.04719101123595506,0.011235955056179775,0.01348314606741573,0.0,0.0,0.0,0.006741573033707865,0.0449438202247191,0.015730337078651686,0.017977528089887642,0.0,0.0,0.006741573033707865,0.02247191011235955,0.0,0.0044943820224719105,0.011235955056179775,0.033707865168539325,0.0,0.024719101123595506,0.0,0.1146067415730337,0.03146067415730337,0.0022471910112359553,0.1146067415730337,0.0,0.0,0.01348314606741573,0.0022471910112359553,0.04269662921348315,0.0,0.0,0.9932584269662922,0.01348314606741573,0.0,0.0022471910112359553,0.0022471910112359553,0.033707865168539325,0.14606741573033707,0.0022471910112359553,0.0853932584269663,0.0,0.0,0.0022471910112359553,0.09662921348314607,0.0,0.015730337078651686,0.0,0.024719101123595506,0.0,0.035955056179775284,0.01348314606741573,0.0,0.11685393258426967,0.0,0.0,445
KUL19,Tumor,B cells,IgA+ Plasma,GSE144735,0.0,0.007840893181421131,0.01660298635628318,0.01752914787353915,0.0,0.004930035024637693,0.01791638791735101,0.0,0.030501480782450626,0.022189792443121234,0.0,0.0,0.0,0.0,0.01302021710367197,0.006221784621969147,0.00501141765159508,0.0,0.0842399562330915,0.0,0.08376892416468272,0.0,0.08885840698156539,0.0,0.0,0.5440169179832159,0.0,0.0,0.02425548732397186,0.01064269921582687,0.11485542621422408,0.0,0.0,1.8670334403435296,0.0,0.0,0.0,0.0,0.11045141625526289,0.2715482234666438,0.0,0.08536641347477635,0.0,0.0,0.0,0.08030780758358298,0.0,0.01801749301906252,0.0,0.02673141665910213,0.0,0.05466597054188205,0.006045742937860098,0.0,0.22843146514680146,0.0,0.0,0.0,0.020833333333333332,0.0625,0.0625,0.0,0.020833333333333332,0.041666666666666664,0.0,0.125,0.08333333333333333,0.0,0.0,0.0,0.0,0.041666666666666664,0.020833333333333332,0.020833333333333332,0.0,0.2708333333333333,0.0,0.22916666666666666,0.0,0.2708333333333333,0.0,0.0,0.6875,0.0,0.0,0.08333333333333333,0.041666666666666664,0.2916666666666667,0.0,0.0,1.0,0.0,0.0,0.0,0.0,0.2916666666666667,0.6666666666666666,0.0,0.25,0.0,0.0,0.0,0.1875,0.0,0.0625,0.0,0.10416666666666667,0.0,0.20833333333333334,0.020833333333333332,0.0,0.5208333333333334,0.0,0.0,48
KUL19,Tumor,B cells,IgG+ Plasma,GSE144735,0.0,0.7630554886596308,0.0,0.7630554886596308,0.0,0.0,0.0,0.0,0.0,0.0,0.0,0.0,0.0,0.0,0.0,0.0,0.0,0.0,0.0,0.0,0.7630554886596308,0.0,0.0,0.0,0.0,0.0,0.0,0.0,0.0,0.0,0.0,0.0,0.0,1.7190595142031533,0.0,0.0,0.0,0.0,0.0,0.0,0.0,0.0,0.0,0.0,0.0,0.0,0.0,0.0,0.0,0.0,0.0,0.0,0.0,0.0,0.0,0.0,0.0,0.0,1.0,0.0,1.0,0.0,0.0,0.0,0.0,0.0,0.0,0.0,0.0,0.0,0.0,0.0,0.0,0.0,0.0,0.0,0.0,1.0,0.0,0.0,0.0,0.0,0.0,0.0,0.0,0.0,0.0,0.0,0.0,0.0,1.0,0.0,0.0,0.0,0.0,0.0,0.0,0.0,0.0,0.0,0.0,0.0,0.0,0.0,0.0,0.0,0.0,0.0,0.0,0.0,0.0,0.0,0.0,0.0,1
KUL19,Tumor,B cells,Unknown,GSE144735,0.0,0.0,0.0,0.0,0.0,0.0,0.13769427740681342,0.0,0.13546921402804765,0.0,0.0,0.0,0.0,0.0,0.0,0.0,0.0,0.0,0.10413974286955316,0.0,0.0,0.0,0.38742667176115003,0.0,0.0,0.3869674855847124,0.0,0.0,0.13546921402804765,0.0,0.0,0.0,0.0,3.5993000076146653,0.0,0.0,0.0,0.0,3.801341059374345,0.13047159900368416,0.0,0.38385454892689336,0.0,0.0,0.0,1.2235633265788775,0.0,0.0,0.0,0.0,0.0,0.2555084033745923,0.0,0.0,0.0,0.0,0.0,0.0,0.0,0.0,0.0,0.0,0.0,0.14285714285714285,0.0,0.14285714285714285,0.0,0.0,0.0,0.0,0.0,0.0,0.0,0.0,0.0,0.14285714285714285,0.0,0.0,0.0,0.2857142857142857,0.0,0.0,0.42857142857142855,0.0,0.0,0.14285714285714285,0.0,0.0,0.0,0.0,1.0,0.0,0.0,0.0,0.0,1.0,0.14285714285714285,0.0,0.42857142857142855,0.0,0.0,0.0,0.8571428571428571,0.0,0.0,0.0,0.0,0.0,0.2857142857142857,0.0,0.0,0.0,0.0,0.0,7
KUL19,Tumor,B cells,Unspecified Plasma,GSE144735,0.0,0.0,0.0,0.0,0.0,0.0,0.0,0.0,0.04802237562473855,0.11389490487422134,0.0,0.0,0.0,0.0,0.0,0.0,0.0,0.0,0.03410554552619717,0.0,0.07255552794647684,0.0,0.11079154600344955,0.06014350230057787,0.0,0.26756675257459456,0.0,0.0,0.0,0.04705195774147458,0.0,0.0,0.0,2.3414759453597034,0.05315376762026419,0.0,0.0,0.0,0.06975649035570937,0.3455123225069351,0.0,0.09786527102909065,0.0,0.0,0.0,0.07117057669699453,0.0,0.04477785662487848,0.0,0.0,0.0,0.053512527505760944,0.0,0.0,0.16250850059005043,0.0,0.0,0.0,0.0,0.0,0.0,0.0,0.0,0.0,0.0,0.027777777777777776,0.08333333333333333,0.0,0.0,0.0,0.0,0.0,0.0,0.0,0.0,0.027777777777777776,0.0,0.027777777777777776,0.0,0.08333333333333333,0.027777777777777776,0.0,0.16666666666666666,0.0,0.0,0.0,0.027777777777777776,0.0,0.0,0.0,0.9166666666666666,0.027777777777777776,0.0,0.0,0.0,0.05555555555555555,0.19444444444444445,0.0,0.05555555555555555,0.0,0.0,0.0,0.05555555555555555,0.0,0.027777777777777776,0.0,0.0,0.0,0.027777777777777776,0.0,0.0,0.1111111111111111,0.0,0.0,36
KUL19,Tumor,Epithelial cells,CMS1,GSE144735,0.0,0.0,0.0,0.0,0.0,0.0,0.0,0.0,0.0,0.1669730451437193,0.0,0.0,0.0,0.0,0.10607608256309724,0.14791935996149272,0.0,0.1693463583636383,0.0,0.0,0.19540021733638174,0.0,0.12550460227087468,0.0,0.0,0.22454099080215592,0.0,0.0,0.0,0.0,0.25399544252458994,0.0,0.0,4.900553762080178,0.0,0.0,0.0,0.0,1.017189348129349,2.43373735812665,0.0,0.6437725811576771,0.0,0.0,0.0,0.0,0.10607608256309724,0.0,0.0,0.0,0.0,0.12550460227087468,0.0,0.0,0.34605186672162624,0.0,0.0,0.0,0.0,0.0,0.0,0.0,0.0,0.0,0.0,0.0,0.07692307692307693,0.0,0.0,0.0,0.0,0.07692307692307693,0.07692307692307693,0.0,0.07692307692307693,0.0,0.0,0.07692307692307693,0.0,0.07692307692307693,0.0,0.0,0.07692307692307693,0.0,0.0,0.0,0.0,0.15384615384615385,0.0,0.0,1.0,0.0,0.0,0.0,0.0,0.46153846153846156,0.8461538461538461,0.0,0.23076923076923078,0.0,0.0,0.0,0.0,0.07692307692307693,0.0,0.0,0.0,0.0,0.07692307692307693,0.0,0.0,0.15384615384615385,0.0,0.0,13
KUL19,Tumor,Epithelial cells,CMS2,GSE144735,0.0,0.07657723471222608,0.0,0.02240035999477228,0.009682139875510025,0.005642542687479748,0.0016657368624126336,0.0040617463440275284,0.032576720762268634,0.05633074661212651,0.012429131889040514,0.0,0.0007819273952135859,0.0,0.07400605517677367,0.036126366973032426,0.0078076706277510725,0.004788073971817072,0.06863081102716521,0.003485227961489259,0.4876426652826201,0.0,0.29474229431812343,0.004137536770724246,0.0,0.4272331146027936,0.0,0.0,0.0521655828111892,0.15869833053983437,0.28863049665458135,0.0004614699995503376,0.018368066315345766,4.869195775367407,0.01990315366023947,0.0030035284216295612,0.0011235344507127302,0.004869077469899323,0.6979552309636817,2.4333336106202514,0.01205248807936237,0.4439201276280129,0.00048713359263726256,0.0,0.004886002802788024,0.052011164902701336,0.00830634028903885,0.016345181667845272,0.0,0.010945466121182123,0.0,0.084346534431612,0.13908836917243342,0.0,0.19682962965331582,0.0,0.0,0.0,0.08811475409836066,0.0,0.018442622950819672,0.006147540983606557,0.00819672131147541,0.0020491803278688526,0.004098360655737705,0.045081967213114756,0.04918032786885246,0.010245901639344262,0.0,0.0020491803278688526,0.0,0.06147540983606557,0.03483606557377049,0.00819672131147541,0.0020491803278688526,0.06147540983606557,0.0020491803278688526,0.3237704918032787,0.0,0.24795081967213115,0.0020491803278688526,0.0,0.29098360655737704,0.0,0.0,0.07377049180327869,0.125,0.23155737704918034,0.0020491803278688526,0.020491803278688523,0.9979508196721312,0.020491803278688523,0.006147540983606557,0.004098360655737705,0.004098360655737705,0.42827868852459017,0.889344262295082,0.02459016393442623,0.3012295081967213,0.0020491803278688526,0.0,0.0020491803278688526,0.05942622950819672,0.018442622950819672,0.018442622950819672,0.0,0.006147540983606557,0.0,0.07377049180327869,0.125,0.0,0.16188524590163936,0.0,0.0,488
KUL19,Tumor,Epithelial cells,CMS3,GSE144735,0.0,0.04042902520838642,0.0,0.0,0.0,0.0,0.0,0.0,0.052567712335255916,0.0,0.0,0.0,0.0,0.0,0.1540197140553817,0.03023799436314528,0.0,0.030272165586736063,0.09998235111065809,0.0,0.3093501645047043,0.0,0.2242599977810597,0.0,0.0,0.2998153734994493,0.0,0.0,0.021741324870578605,0.3004083083453901,0.32906325596892355,0.006254395521720678,0.05696066169216604,5.03121900192958,0.0,0.021455633747454038,0.0,0.03460019776762416,0.2819071830323412,1.8743061920583732,0.0,0.3435255045505489,0.0,0.0,0.0,0.04611650636195356,0.006254395521720678,0.021943210421942482,0.0,0.05110195467796651,0.0,0.02380323848357832,0.11795069149433234,0.0,0.11233209283718226,0.0,0.0,0.0,0.029850746268656716,0.0,0.0,0.0,0.0,0.0,0.0,0.05970149253731343,0.0,0.0,0.0,0.0,0.0,0.07462686567164178,0.014925373134328358,0.0,0.014925373134328358,0.04477611940298507,0.0,0.16417910447761194,0.0,0.1044776119402985,0.0,0.0,0.16417910447761194,0.0,0.0,0.014925373134328358,0.14925373134328357,0.19402985074626866,0.014925373134328358,0.029850746268656716,1.0,0.0,0.014925373134328358,0.0,0.014925373134328358,0.13432835820895522,0.6716417910447762,0.0,0.16417910447761194,0.0,0.0,0.0,0.029850746268656716,0.014925373134328358,0.014925373134328358,0.0,0.029850746268656716,0.0,0.029850746268656716,0.07462686567164178,0.0,0.05970149253731343,0.0,0.0,67
KUL19,Tumor,Epithelial cells,CMS4,GSE144735,0.0,0.0,0.0,0.0,0.0,0.0,0.0,0.0,0.3907022580480452,0.0,0.0,0.0,0.0,0.0,0.0,0.0,0.0,0.0,0.0,0.0,0.0,0.0,0.39284916763937744,0.0,0.0,0.7452151976303246,0.0,0.0,0.0,0.0,0.0,0.0,0.0,5.116918069182021,0.0,0.0,0.0,0.0,0.3786129259218282,1.725609225831599,0.0,0.6120188373661485,0.0,0.0,0.0,0.0,0.0,0.0,0.0,0.0,0.0,0.0,0.0,0.0,0.39284916763937744,0.0,0.0,0.0,0.0,0.0,0.0,0.0,0.0,0.0,0.0,0.16666666666666666,0.0,0.0,0.0,0.0,0.0,0.0,0.0,0.0,0.0,0.0,0.0,0.0,0.0,0.16666666666666666,0.0,0.0,0.3333333333333333,0.0,0.0,0.0,0.0,0.0,0.0,0.0,1.0,0.0,0.0,0.0,0.0,0.16666666666666666,0.6666666666666666,0.0,0.3333333333333333,0.0,0.0,0.0,0.0,0.0,0.0,0.0,0.0,0.0,0.0,0.0,0.0,0.16666666666666666,0.0,0.0,6
KUL19,Tumor,Mast cells,Mast cells,GSE144735,0.0,0.08082810242076162,0.0,0.0,0.0,0.06660068773636882,0.050538293356649694,0.0,0.22781962473155704,0.0,0.0,0.0,0.0,0.0,0.09224984979923942,0.0,0.0,0.0,0.06511457124057278,0.0,0.10418924643458918,0.0,0.1731300378813565,0.0,0.02265388408178927,1.5383214658054485,0.0399679555817315,0.0,0.0,0.0,0.10154109976610887,0.0,0.0,4.625487529945697,0.0,0.0,0.0,0.0,0.0,1.4620059067392703,0.0,1.5344650938438262,0.0,0.0,0.0,0.384028927818499,0.0,0.054018468595852624,0.0,0.10216760423254491,0.0,0.0,0.0,0.0,0.4867278029964842,0.0,0.0,0.0,0.06451612903225806,0.0,0.0,0.0,0.03225806451612903,0.03225806451612903,0.0,0.12903225806451613,0.0,0.0,0.0,0.0,0.0,0.06451612903225806,0.0,0.0,0.0,0.03225806451612903,0.0,0.0967741935483871,0.0,0.0967741935483871,0.0,0.03225806451612903,0.7096774193548387,0.03225806451612903,0.0,0.0,0.0,0.06451612903225806,0.0,0.0,1.0,0.0,0.0,0.0,0.0,0.0,0.7096774193548387,0.0,0.6129032258064516,0.0,0.0,0.0,0.22580645161290322,0.0,0.03225806451612903,0.0,0.06451612903225806,0.0,0.0,0.0,0.0,0.25806451612903225,0.0,0.0,31
KUL19,Tumor,Myeloids,Anti-inflammatory,GSE144735,0.0,0.0,0.0,0.0,0.0,0.16009857793992838,0.0,0.0,0.0,0.2524267111446723,0.0,0.0,0.0,0.0,0.0,0.0,0.0,0.13643134426242776,0.1890057996330974,1.2574035782592585,0.7861281671043798,0.0,0.6674617065464028,0.0,0.0,1.2236755476522452,0.0,0.0,0.9024651670043731,0.0,0.0,0.0,0.0,4.26185376765988,0.7391658366468625,0.0,1.6606019540527117,0.0,0.0,1.7632087750438064,0.0,0.7511020400898428,0.0,0.0,0.0,1.4694793521283547,0.0,0.37784090995786995,0.0,0.0,0.0,0.0,0.0,0.0,2.6987017988287154,0.0,0.0,0.0,0.0,0.0,0.0,0.0,0.14285714285714285,0.0,0.0,0.0,0.14285714285714285,0.0,0.0,0.0,0.0,0.0,0.0,0.0,0.14285714285714285,0.14285714285714285,0.7142857142857143,0.42857142857142855,0.0,0.42857142857142855,0.0,0.0,0.7142857142857143,0.0,0.0,0.7142857142857143,0.0,0.0,0.0,0.0,1.0,0.42857142857142855,0.0,1.0,0.0,0.0,1.0,0.0,0.5714285714285714,0.0,0.0,0.0,0.7142857142857143,0.0,0.2857142857142857,0.0,0.0,0.0,0.0,0.0,0.0,0.8571428571428571,0.0,0.0,7
KUL19,Tumor,Myeloids,Pro-inflammatory,GSE144735,0.0,0.34597665622124335,0.06561085448305444,0.023840117958190826,0.04551511709955479,0.0,0.0,0.0,0.055908701301102766,0.2312765200273319,0.0,0.0,0.0,0.0,0.0908262015926765,0.3204555859476793,0.10607852366362124,0.05606510466093038,0.19279498823993257,0.17757353460718758,1.5304891603121806,0.020987896170675542,1.0560767841402772,0.05337636329216747,0.0,1.8883879347400043,0.0,0.0,1.5506946894808469,0.016332878127643734,0.07032221875234938,0.0,0.0,4.3907409681109275,0.08066676645501936,0.01763350017548771,0.45822618377487184,0.014046959460253666,0.04525963079320848,1.222445959375298,0.0,1.107786685872647,0.0,0.0,0.0,1.2912506566803645,0.0,0.20664564145058742,0.0,0.06279285334768266,0.0,0.014046959460253666,0.016332878127643734,0.0,0.39446148257747954,0.0,0.10112834699744316,0.0,0.37142857142857144,0.08571428571428572,0.02857142857142857,0.05714285714285714,0.0,0.0,0.0,0.08571428571428572,0.14285714285714285,0.0,0.0,0.0,0.0,0.05714285714285714,0.2,0.05714285714285714,0.08571428571428572,0.11428571428571428,0.2,0.8857142857142857,0.02857142857142857,0.6571428571428571,0.02857142857142857,0.0,0.8857142857142857,0.0,0.0,0.8857142857142857,0.02857142857142857,0.05714285714285714,0.0,0.0,1.0,0.05714285714285714,0.02857142857142857,0.37142857142857144,0.02857142857142857,0.05714285714285714,0.7714285714285715,0.0,0.6285714285714286,0.0,0.0,0.0,0.8,0.0,0.17142857142857143,0.0,0.05714285714285714,0.0,0.02857142857142857,0.02857142857142857,0.0,0.37142857142857144,0.0,0.14285714285714285,35
KUL19,Tumor,Myeloids,Proliferating,GSE144735,0.0705585758328154,0.44601623116039396,0.06139822066392219,0.1292300622743776,0.010773977089139356,0.036485911692233475,0.0,0.008720827801988388,0.051676872904743085,0.0860715823006935,0.008595620423654865,0.0,0.0,0.012104750685647458,0.07374813548280724,0.23711101996070436,0.1312570789002225,0.226750609434014,0.5054058908907311,0.5217057580846454,1.146150137506602,0.022908880768557845,0.9710717169721094,0.056107591053377204,0.006835755124350017,1.1887655711033869,0.0,0.0,1.232107785717839,0.015380538494261154,0.04697663715308507,0.0,0.0,4.302135261305505,0.22887564490052034,0.022056164740500966,0.9133540576499518,0.0,0.10834657806228515,1.86330314391605,0.017375376126104652,0.39936863866599737,0.0,0.0,0.0,2.237782572632446,0.0,0.23064071956773957,0.0,0.0,0.0,0.0522335506779949,0.020009913617615324,0.0,3.3969547805589277,0.0,0.5598131859331394,0.13043478260869565,0.5942028985507246,0.11594202898550725,0.17391304347826086,0.014492753623188406,0.057971014492753624,0.0,0.014492753623188406,0.10144927536231885,0.08695652173913043,0.014492753623188406,0.0,0.0,0.028985507246376812,0.10144927536231885,0.2028985507246377,0.10144927536231885,0.14492753623188406,0.3188405797101449,0.5942028985507246,0.7971014492753623,0.043478260869565216,0.8840579710144928,0.10144927536231885,0.014492753623188406,0.8695652173913043,0.0,0.0,0.8985507246376812,0.014492753623188406,0.08695652173913043,0.0,0.0,1.0,0.3188405797101449,0.028985507246376812,0.7536231884057971,0.0,0.10144927536231885,0.9855072463768116,0.028985507246376812,0.4492753623188406,0.0,0.0,0.0,1.0,0.0,0.2898550724637681,0.0,0.0,0.0,0.10144927536231885,0.043478260869565216,0.0,0.9420289855072463,0.0,0.5217391304347826,69
KUL19,Tumor,Myeloids,SPP1+A,GSE144735,0.0,0.5606417029241966,0.0,0.0,0.0,0.0,0.0,0.0,0.0,0.0,0.0,0.0,0.0,0.0,0.6815072652590667,0.7751885437698028,0.1959004297896037,0.0,0.1959004297896037,0.4048524329844442,2.3664691386363583,0.1959004297896037,3.126344875524609,0.524076535819751,0.0,3.9129186653240122,0.0,0.0,0.9252246497611467,0.0,0.0,0.0,0.0,5.4474147617416495,0.0,0.0,0.3797705344134973,0.0,0.0,1.3662042718286298,0.0,1.1330182003538996,0.0,0.0,0.0,1.1299418480404038,0.0,1.083928010721075,0.0,0.14738355391395072,0.0,0.0,0.0,0.0,0.1959004297896037,0.0,0.43762036393634257,0.0,0.5,0.0,0.0,0.0,0.0,0.0,0.0,0.0,0.0,0.0,0.0,0.0,0.0,0.25,0.5,0.25,0.0,0.25,0.5,1.0,0.25,1.0,0.25,0.0,1.0,0.0,0.0,0.5,0.0,0.0,0.0,0.0,1.0,0.0,0.0,0.25,0.0,0.0,0.75,0.0,0.5,0.0,0.0,0.0,0.75,0.0,0.5,0.0,0.25,0.0,0.0,0.0,0.0,0.25,0.0,0.25,4
KUL19,Tumor,Myeloids,SPP1+B,GSE144735,0.011807747683371892,0.3592830444734092,0.1560623718046352,0.4271411492154187,0.011144969320271375,0.02444184511442594,0.0,0.0,0.11786760951927665,0.7239004799181422,0.0,0.0,0.015897012092785,0.0,0.038405471052635275,0.18433814515779953,0.0752759466338911,0.16922415301892482,1.9935634650985437,0.7295768543308427,0.8313867286764864,0.024281537278710505,1.7549692509807628,0.011074434957194453,0.01219135090768524,1.1923188858598688,0.0,0.0,0.8659494828537131,0.0,0.011074434957194453,0.0,0.0,5.030833995537375,0.06986042887186346,0.0,0.7948692001393531,0.0,0.057134802392278625,2.4020651113707805,0.0,0.8100397067098126,0.0,0.0,0.0,2.324237161909556,0.0,0.7293587331680502,0.1824719726653602,0.03861694643092326,0.0,0.1491167921584155,0.011807747683371892,0.0,3.583305315652127,0.0,0.1535965214289606,0.024390243902439025,0.3902439024390244,0.17073170731707318,0.2926829268292683,0.024390243902439025,0.024390243902439025,0.0,0.0,0.17073170731707318,0.34146341463414637,0.0,0.0,0.024390243902439025,0.0,0.07317073170731707,0.14634146341463414,0.024390243902439025,0.14634146341463414,0.6585365853658537,0.7560975609756098,0.6341463414634146,0.024390243902439025,0.9512195121951219,0.024390243902439025,0.024390243902439025,0.7804878048780488,0.0,0.0,0.7560975609756098,0.0,0.024390243902439025,0.0,0.0,1.0,0.07317073170731707,0.0,0.7073170731707317,0.0,0.12195121951219512,0.9512195121951219,0.0,0.5609756097560976,0.0,0.0,0.0,0.9512195121951219,0.0,0.34146341463414637,0.12195121951219512,0.04878048780487805,0.0,0.17073170731707318,0.024390243902439025,0.0,0.8780487804878049,0.0,0.14634146341463414,41
KUL19,Tumor,Myeloids,Unknown,GSE144735,0.0,0.136163919331173,0.0,0.23015301256789228,0.0,0.036248423963470236,0.0,0.0,0.0,0.13954251611183127,0.0,0.0,0.0,0.0,0.0,0.0,0.09711904832545729,0.34138498629402725,0.956659531808953,0.09584316287162373,0.16244745873703953,0.0,0.6328560063076999,0.0,0.0,0.28102449700316606,0.0,0.0,0.13914074342873695,0.0,0.0,0.0,0.0,4.595924915806965,0.0,0.05812577061235455,0.10110814902718866,0.0,0.09143351455530613,1.7655959005288682,0.028333431694826734,0.5457458513384892,0.0,0.0,0.0,1.7418655445000377,0.0,0.35181778812995956,0.14591812815993527,0.09143351455530613,0.0,0.0,0.09584316287162373,0.0,3.1696842632920266,0.0,0.40260793309300824,0.0,0.12,0.0,0.12,0.0,0.04,0.0,0.0,0.0,0.08,0.0,0.0,0.0,0.0,0.0,0.0,0.04,0.12,0.36,0.04,0.08,0.0,0.28,0.0,0.0,0.16,0.0,0.0,0.08,0.0,0.0,0.0,0.0,1.0,0.0,0.04,0.08,0.0,0.04,0.72,0.04,0.24,0.0,0.0,0.0,0.72,0.0,0.16,0.08,0.04,0.0,0.0,0.04,0.0,0.84,0.0,0.16,25
KUL19,Tumor,Myeloids,cDC,GSE144735,0.1370876589789506,0.35547827755703776,0.1052955288537614,0.03619265167297184,0.0,0.02341349305935322,0.0,0.0,0.07698814435629414,0.05594761159884626,0.050144330876214824,0.0,0.0,0.0,0.021398561780775465,0.02372841525075912,0.0,0.0302847465764247,0.037322063860348066,0.11568957545788025,0.71061841228533,0.08185681673908426,0.40782971036254356,0.0,0.02489719607799579,1.5425325401507737,0.0,0.0,1.1541955102545902,0.0,0.14188979040360777,0.0,0.021398561780775465,3.836477840290644,0.028995988303016255,0.03811003460851162,0.07826973643947871,0.0,0.027408732827470937,0.9131625654242828,0.03887286338568943,0.7849645439199022,0.0,0.0,0.0,1.0156220850439008,0.0,0.014696541549158403,0.015365344400101066,0.0,0.0,0.08780358531174626,0.0,0.0,0.22378270395342323,0.0,0.507035441294659,0.18518518518518517,0.4444444444444444,0.14814814814814814,0.07407407407407407,0.0,0.037037037037037035,0.0,0.0,0.1111111111111111,0.07407407407407407,0.07407407407407407,0.0,0.0,0.0,0.037037037037037035,0.037037037037037035,0.0,0.07407407407407407,0.037037037037037035,0.14814814814814814,0.5185185185185185,0.1111111111111111,0.4444444444444444,0.0,0.037037037037037035,0.8518518518518519,0.0,0.0,0.7777777777777778,0.0,0.18518518518518517,0.0,0.037037037037037035,1.0,0.037037037037037035,0.07407407407407407,0.1111111111111111,0.0,0.037037037037037035,0.8148148148148148,0.07407407407407407,0.5925925925925926,0.0,0.0,0.0,0.8518518518518519,0.0,0.037037037037037035,0.037037037037037035,0.0,0.0,0.1111111111111111,0.0,0.0,0.25925925925925924,0.0,0.4074074074074074,27
KUL19,Tumor,Stromal cells,Enteric glial cells,GSE144735,0.0,0.9598124401620908,0.0,0.0,0.19272930943881347,0.0,0.0,0.0,0.3337064617329745,0.12607400220486908,0.30932602772739004,0.07424436508195717,0.0,0.5306441217191293,0.0,0.12982482951451305,0.0,0.12982482951451305,1.3629430137187375,0.0,0.3713098265559139,0.0,0.6376190591580112,0.0,0.0,1.4559422442421746,1.762666927028888,0.0,0.9671056836543847,0.0,0.0,0.0,0.0,4.143026862602055,0.1564577851519753,0.0,0.0,0.0,0.0,1.5378899156109573,0.07424436508195717,2.9153534851904848,0.0,0.0,0.0,0.0,0.0,0.8763461668118406,0.0,0.0,0.0,0.671529495555343,0.0,0.0,0.9794444160605883,0.5760255554839021,2.3473713609743148,0.0,0.5,0.0,0.0,0.16666666666666666,0.0,0.0,0.0,0.16666666666666666,0.08333333333333333,0.25,0.08333333333333333,0.0,0.3333333333333333,0.0,0.08333333333333333,0.0,0.08333333333333333,0.6666666666666666,0.0,0.16666666666666666,0.0,0.25,0.0,0.0,0.75,0.75,0.0,0.5,0.0,0.0,0.0,0.0,1.0,0.08333333333333333,0.0,0.0,0.0,0.0,0.75,0.08333333333333333,1.0,0.0,0.0,0.0,0.0,0.0,0.4166666666666667,0.0,0.0,0.0,0.4166666666666667,0.0,0.0,0.25,0.4166666666666667,0.8333333333333334,12
KUL19,Tumor,Stromal cells,Lymphatic ECs,GSE144735,0.0,0.3935523589821909,0.0,0.0,1.0069931747844223,0.0,0.0,0.0,0.0,2.0730765239616997,0.0,0.0,0.0,0.0,0.0,0.0,0.2862269190147405,0.0,0.0,0.0,0.3347945936152542,0.0,0.5547749492737801,0.0,0.0,2.7931330362533147,0.0,0.0,0.9042963553733835,0.0,0.0875596154973164,0.0,0.0,3.6679189638966347,0.06052068205998692,0.0,0.0,0.0,0.13149352435162717,1.305845560481605,0.0,0.46803873619648584,0.0,0.0,0.0,0.10014923026399565,0.0,0.1966422052613621,0.0,0.0,0.0,0.06052068205998692,0.0,0.0,0.18581774233802267,0.0,0.0,0.0,0.5,0.0,0.0,0.75,0.0,0.0,0.0,0.0,1.0,0.0,0.0,0.0,0.0,0.0,0.0,0.125,0.0,0.0,0.0,0.375,0.0,0.375,0.0,0.0,0.875,0.0,0.0,0.625,0.0,0.125,0.0,0.0,1.0,0.125,0.0,0.0,0.0,0.25,0.875,0.0,0.375,0.0,0.0,0.0,0.125,0.0,0.125,0.0,0.0,0.0,0.125,0.0,0.0,0.25,0.0,0.0,8
KUL19,Tumor,Stromal cells,Myofibroblasts,GSE144735,0.0,0.5930994349071365,0.014671093558626938,0.3024423207357787,0.4123416421821504,0.03228591594639623,0.0,0.7548994264966665,3.0918188070519306,1.2874754854112913,0.8736045207416151,0.009137469577746353,0.007851107928301657,0.11891465087019497,0.6325524238594047,0.047686096362437216,0.0,0.060999878326772304,0.05697515155148078,0.043010226692503595,0.4169214798858585,0.009226500555010302,1.18559763015062,0.03477179656925334,0.013640682980100224,3.7102884163647554,0.0,0.055498404356536864,0.9237873675254114,0.03137109660491239,0.3856157946216247,0.05445385972042158,0.1554560243077321,3.9565283516662046,0.2271037026067995,0.010292929110041586,0.006858137414058233,0.0035244497994725344,0.06387341422935129,1.6756851702006736,0.011153524195724742,1.2611183920320366,0.017358794887418656,0.0,0.010572248295459552,0.08996140392877133,0.0,0.8342326842987302,0.01044016764711414,0.8700448706228183,0.007211373168297237,3.423581343574206,0.003263737727712457,0.0,0.4310562454585698,0.0,0.0,0.0,0.6363636363636364,0.030303030303030304,0.2222222222222222,0.5151515151515151,0.050505050505050504,0.0,0.6060606060606061,0.9292929292929293,0.696969696969697,0.6161616161616161,0.010101010101010102,0.010101010101010102,0.15151515151515152,0.31313131313131315,0.06060606060606061,0.0,0.0707070707070707,0.09090909090909091,0.0707070707070707,0.3838383838383838,0.020202020202020204,0.7373737373737373,0.04040404040404041,0.030303030303030304,1.0,0.0,0.030303030303030304,0.696969696969697,0.04040404040404041,0.45454545454545453,0.050505050505050504,0.09090909090909091,1.0,0.21212121212121213,0.020202020202020204,0.010101010101010102,0.010101010101010102,0.08080808080808081,0.9090909090909091,0.010101010101010102,0.7575757575757576,0.030303030303030304,0.0,0.020202020202020204,0.1414141414141414,0.0,0.47474747474747475,0.010101010101010102,0.46464646464646464,0.010101010101010102,0.9494949494949495,0.010101010101010102,0.0,0.37373737373737376,0.0,0.0,99
KUL19,Tumor,Stromal cells,Pericytes,GSE144735,0.0,0.45349188533370405,0.0,0.0,0.7938435075481127,0.0,0.02309228135285688,0.13294559570373649,2.3176480839377516,1.188837796221245,0.09120177029540404,0.0,0.0,0.11042103712492182,0.01992144360332166,0.048773511313584574,0.04199003000382779,0.0,0.16062230385560855,0.0,0.25990333983654534,0.0,0.32570119480429444,0.15378741465808535,0.45031735127793454,3.051837375169025,0.0,0.0,1.024314828473879,0.0,0.345535671075241,0.0,0.0,3.5772418588487858,0.09689178749412537,0.0,0.0,0.0,0.0,1.0696516383297123,0.055829219761441944,2.103327748030606,0.0,0.0,0.0,0.0739895677780545,0.0,0.3729265497082415,0.0,0.05892635027938845,0.05002556655124836,2.5774323370005723,0.0,0.0,0.35465489775994163,0.0,0.0,0.0,0.35714285714285715,0.0,0.0,0.6428571428571429,0.0,0.03571428571428571,0.10714285714285714,0.9285714285714286,0.6071428571428571,0.10714285714285714,0.0,0.0,0.03571428571428571,0.03571428571428571,0.07142857142857142,0.03571428571428571,0.0,0.14285714285714285,0.0,0.25,0.0,0.35714285714285715,0.07142857142857142,0.32142857142857145,0.9642857142857143,0.0,0.0,0.6071428571428571,0.0,0.35714285714285715,0.0,0.0,1.0,0.07142857142857142,0.0,0.0,0.0,0.0,0.7142857142857143,0.07142857142857142,0.7857142857142857,0.0,0.0,0.0,0.07142857142857142,0.0,0.2857142857142857,0.0,0.07142857142857142,0.03571428571428571,0.8571428571428571,0.0,0.0,0.35714285714285715,0.0,0.0,28
KUL19,Tumor,Stromal cells,Smooth muscle cells,GSE144735,0.0,0.5266389803409915,0.008027332636596718,0.0095089074899774,0.19604000970580304,0.0,0.02432568795633565,0.09742518319779246,0.6229166208182942,0.9564206295788976,0.040747073221652476,0.0,0.0,0.0,0.012400311527117326,0.0,0.0,0.0,0.03505884698367211,0.0,0.14895537408056236,0.0,0.30040965504524414,0.0,0.02572722734959199,1.7199716575657207,0.031992734322068006,0.0,1.2339765824994997,0.017812431075531533,0.09297932549341537,0.0,0.014132129284799252,3.6773905072162854,0.5554174168334811,0.0,0.0,0.0,0.03884581214711012,0.990622319190734,0.0,3.185915446904372,0.0,0.0,0.0,0.015668862839503604,0.015531866949195823,0.42044831162618596,0.0,0.0,0.0,0.49120669282198526,0.0,0.0,0.2066061719419479,0.0,0.03938787165884279,0.0,0.40625,0.015625,0.015625,0.203125,0.0,0.03125,0.09375,0.453125,0.59375,0.046875,0.0,0.0,0.0,0.015625,0.0,0.0,0.0,0.03125,0.0,0.140625,0.0,0.3125,0.0,0.015625,0.921875,0.015625,0.0,0.703125,0.015625,0.078125,0.0,0.015625,1.0,0.4375,0.0,0.0,0.0,0.046875,0.6875,0.0,0.9375,0.0,0.0,0.0,0.015625,0.015625,0.296875,0.0,0.0,0.0,0.390625,0.0,0.0,0.203125,0.0,0.03125,64
KUL19,Tumor,Stromal cells,Stalk-like ECs,GSE144735,0.0,0.46665119434765456,0.12319914365905178,0.020650169395233234,0.26520098579193346,0.00732013317993936,0.0,0.13162953552739437,0.10580305948039188,0.6019075964835584,0.5507546139731012,0.0,0.0,0.015394107284910698,0.00732013317993936,0.01360596520583784,0.0,0.04937618482044436,0.31152218248924995,0.0,0.2390282290607281,0.0,0.20501856168928215,0.07124296375120281,0.0,1.5453903435769056,0.0,0.04204099060851595,0.618621738506274,0.0,0.6713509578871567,0.0,0.0,2.8611645292207797,0.25913589321231456,0.0,0.027186794401533935,0.0,0.058541985932628895,1.3721520706171142,0.006999491141210901,0.8513158686886566,0.033072571408393085,0.010729757398970583,0.01238699360307935,0.18595934400058628,0.0,0.08933517310424384,0.0,0.0,0.06150450855919237,0.030484686719666816,0.014057524996706485,0.0,0.2088956935980194,0.0,0.0,0.0,0.48936170212765956,0.1276595744680851,0.0425531914893617,0.2978723404255319,0.02127659574468085,0.0,0.1702127659574468,0.1276595744680851,0.46808510638297873,0.40425531914893614,0.0,0.0,0.02127659574468085,0.02127659574468085,0.02127659574468085,0.0,0.0425531914893617,0.1702127659574468,0.0,0.2553191489361702,0.0,0.2765957446808511,0.0425531914893617,0.0,0.8936170212765957,0.0,0.0425531914893617,0.48936170212765956,0.0,0.6382978723404256,0.0,0.0,1.0,0.23404255319148937,0.0,0.02127659574468085,0.0,0.0851063829787234,0.8297872340425532,0.02127659574468085,0.5957446808510638,0.0425531914893617,0.02127659574468085,0.02127659574468085,0.2553191489361702,0.0,0.0851063829787234,0.0,0.0,0.0425531914893617,0.0425531914893617,0.02127659574468085,0.0,0.2553191489361702,0.0,0.0,47
KUL19,Tumor,Stromal cells,Stromal 1,GSE144735,0.0,0.3945352618818593,0.16055593929212428,3.1697298449724682,0.7028712628435385,0.0,0.0,1.050991304832725,3.857743071943698,1.0765742968445158,0.7351353283308699,0.16778935923832147,0.1423910467551244,0.0,2.5780425101279096,0.5243677159060108,0.0,0.44287273501738855,0.0,0.05094912948223445,1.3632621259171356,0.0,3.1879508222042507,0.5987766112169057,0.0,3.6719204434705537,0.0,0.4950391594814557,1.009618635554229,0.0,0.3875355217782462,0.1789701819104608,0.3065933452026593,5.52468465381515,0.09455443123798418,0.0,0.0,0.0,0.07649186226311036,1.7124510229416394,0.03796938609619819,3.0471400101256787,0.0,0.0,0.0,0.12744099174534482,0.0,1.9142240688796877,0.0,2.54698216764423,0.0,3.890870924742006,0.0,0.0,1.325906190420445,0.0,0.0,0.0,0.625,0.125,1.0,0.625,0.0,0.0,1.0,1.0,0.75,0.75,0.125,0.125,0.0,0.875,0.625,0.0,0.25,0.0,0.125,0.75,0.0,1.0,0.5,0.0,1.0,0.0,0.375,0.875,0.0,0.625,0.125,0.125,1.0,0.25,0.0,0.0,0.0,0.25,1.0,0.125,1.0,0.0,0.0,0.0,0.375,0.0,0.875,0.0,0.875,0.0,1.0,0.0,0.0,0.75,0.0,0.0,8
KUL19,Tumor,Stromal cells,Stromal 3,GSE144735,0.0,0.48404330010533675,0.02327481286956726,0.051828583829182304,0.3755058304033658,0.021081135151975964,0.0,0.5324896941484566,3.208085823421799,1.2653275576210956,1.1735751195282023,0.0035762852365827124,0.035674015673129396,0.20864183336432943,0.13705384318004066,0.03899273424824224,0.0,0.020824217143575362,0.04556597247845078,0.022645523672849402,0.1472429315351932,0.0,1.1292201789323746,0.07173593487277664,0.03291002593334085,3.0659799598464486,0.04419396591225978,0.006018903409304251,1.1750583754843553,0.017590541000989172,0.22804531403371467,0.009310774166559024,0.04370325376918887,3.7782769583862037,1.5630673387269345,0.036587527445197957,0.0,0.008608368369967987,0.0651108757342394,2.0093155575575796,0.0,1.7915617644130681,0.00604478355455456,0.021617671829858746,0.012666332025455569,0.2119731575285989,0.0,0.9519842550240502,0.018662761503533087,0.7638912352021212,0.0,3.363766842384874,0.344183457954554,0.0,0.4588646825901348,0.0,0.005986944368119319,0.0,0.5975609756097561,0.036585365853658534,0.036585365853658534,0.43902439024390244,0.012195121951219513,0.0,0.573170731707317,1.0,0.7560975609756098,0.7560975609756098,0.012195121951219513,0.04878048780487805,0.24390243902439024,0.0975609756097561,0.024390243902439025,0.0,0.024390243902439025,0.08536585365853659,0.04878048780487805,0.18292682926829268,0.0,0.7804878048780488,0.06097560975609756,0.06097560975609756,1.0,0.07317073170731707,0.012195121951219513,0.7439024390243902,0.024390243902439025,0.3048780487804878,0.012195121951219513,0.024390243902439025,1.0,0.8902439024390244,0.036585365853658534,0.0,0.012195121951219513,0.06097560975609756,0.9512195121951219,0.0,0.8536585365853658,0.012195121951219513,0.024390243902439025,0.024390243902439025,0.2804878048780488,0.0,0.5609756097560976,0.024390243902439025,0.3780487804878049,0.0,0.9878048780487805,0.25609756097560976,0.0,0.4268292682926829,0.0,0.012195121951219513,82
KUL19,Tumor,Stromal cells,Tip-like ECs,GSE144735,0.0,0.3712669790900327,0.017962704397471097,0.006458621081717578,0.5532631405803455,0.0,0.0,0.2420418904603871,0.05751917062179642,0.8147651278449907,0.33290340144321734,0.0,0.11217391387173636,0.00823583155411416,0.022438835056518322,0.10537702556746448,0.026935545329615125,0.034024743722153514,0.23084399949005066,0.0,0.24128603549083552,0.0,0.18845456355606985,0.006043492878068508,0.01594027333116285,1.426370158551348,0.0,0.07784862365921545,0.1813839406084151,0.02720762421011973,0.46304839438787043,0.0,0.0,2.750245661988825,0.9942450300639568,0.0026748644039182104,0.011625929615139119,0.0,0.040959332113365866,0.94535251851299,0.014821012051939676,0.7713069369081632,0.05589688783540101,0.0,0.026848789472082954,0.09198933546948158,0.0,0.03482045731159061,0.0,0.0,0.01688723655533544,0.12069405173947136,0.0,0.0,0.23280206850040797,0.0,0.023423088855174315,0.0,0.371900826446281,0.03305785123966942,0.01652892561983471,0.4628099173553719,0.0,0.0,0.24793388429752067,0.06611570247933884,0.4628099173553719,0.18181818181818182,0.0,0.08264462809917356,0.01652892561983471,0.03305785123966942,0.06611570247933884,0.01652892561983471,0.01652892561983471,0.1487603305785124,0.0,0.24793388429752067,0.0,0.23140495867768596,0.008264462809917356,0.024793388429752067,0.8099173553719008,0.0,0.06611570247933884,0.15702479338842976,0.024793388429752067,0.4297520661157025,0.0,0.0,0.9834710743801653,0.49586776859504134,0.008264462809917356,0.008264462809917356,0.0,0.05785123966942149,0.7024793388429752,0.01652892561983471,0.4462809917355372,0.0743801652892562,0.0,0.03305785123966942,0.09917355371900827,0.0,0.05785123966942149,0.0,0.0,0.01652892561983471,0.12396694214876033,0.0,0.0,0.256198347107438,0.0,0.01652892561983471,121
KUL19,Tumor,T cells,CD4+ T cells,GSE144735,0.004337154971794674,0.32721037992725316,0.08416538094989888,0.010155809708610677,0.005296735989109833,0.13523963434648123,0.12183779226124779,0.0,0.06329231253257633,0.019319713621157083,0.0020743850962347487,0.0,0.0,0.002611409020678888,0.013233730304651414,0.0064852023259975924,0.0022435585990444144,0.003327796631849489,0.036887543508853926,0.0033098732526571895,0.06999598581504773,0.0,0.15327749176674338,0.0,0.016010090221344253,0.47862130669655945,0.003524549546149122,0.0,0.021795665732993547,0.006259651929596512,0.21927343365271612,0.0,0.0,2.7941308811909282,0.006320810786900435,0.0982348790534117,0.00348920218201366,0.04335290034780518,0.05879243661156696,0.3802323682239479,0.006797517249158177,0.38913869507530596,0.002833347293113832,0.0,0.0,0.01983860011524015,0.0,0.012350359597778892,0.0,0.008403654996452356,0.0,0.06303647876389529,0.010725291526052593,0.0,0.15567965320129826,0.0,0.020709285666682953,0.002188183807439825,0.24070021881838075,0.06564551422319474,0.0087527352297593,0.00437636761487965,0.08315098468271334,0.07221006564551423,0.0,0.04814004376367615,0.015317286652078774,0.002188183807439825,0.0,0.0,0.002188183807439825,0.010940919037199124,0.00437636761487965,0.002188183807439825,0.002188183807439825,0.030634573304157548,0.002188183807439825,0.0525164113785558,0.0,0.1137855579868709,0.0,0.01312910284463895,0.3282275711159737,0.002188183807439825,0.0,0.015317286652078774,0.00437636761487965,0.16849015317286653,0.0,0.0,0.9781181619256017,0.002188183807439825,0.06345733041575492,0.002188183807439825,0.028446389496717725,0.03938730853391685,0.24726477024070023,0.00437636761487965,0.26258205689277897,0.002188183807439825,0.0,0.0,0.015317286652078774,0.0,0.0087527352297593,0.0,0.006564551422319475,0.0,0.05032822757111598,0.0087527352297593,0.0,0.11159737417943107,0.0,0.010940919037199124,457
KUL19,Tumor,T cells,CD8+ T cells,GSE144735,0.0,0.4322300531425157,0.1749423451017527,0.011659908769422892,0.0045716670123419805,1.6560578816961136,1.030730373906706,0.005981912855542681,0.04301420428888459,0.03669597488585595,0.0,0.0,0.0,0.0,0.013955756269763512,0.018678734573560046,0.0,0.003662897453439107,0.04409728658639743,0.004656818095148578,0.09158524988954594,0.0,0.11264297514458625,0.009409222620196915,0.0048134899750101896,0.16826108286534017,0.0,0.0,0.0395638202076654,0.015068866057392404,0.25668908654452705,0.0,0.0,2.709409495518068,0.013456560646209348,0.9196536682860114,0.0,0.41440892966195886,1.2027716727517583,0.6251912165446056,0.004716413381203163,0.7893903401481838,0.0,0.0,0.0,0.03746626153669109,0.0,0.015673989527701465,0.0,0.013195462648594823,0.0,0.08015786437103407,0.004962637765857163,0.0,0.18533863092307523,0.0,0.0033361583957947356,0.0,0.27350427350427353,0.11965811965811966,0.008547008547008548,0.002849002849002849,0.717948717948718,0.5384615384615384,0.002849002849002849,0.02849002849002849,0.02564102564102564,0.0,0.0,0.0,0.0,0.011396011396011397,0.011396011396011397,0.0,0.002849002849002849,0.02849002849002849,0.002849002849002849,0.06267806267806268,0.0,0.07692307692307693,0.005698005698005698,0.002849002849002849,0.10826210826210826,0.0,0.0,0.02564102564102564,0.011396011396011397,0.17094017094017094,0.0,0.0,0.9686609686609686,0.008547008547008548,0.46438746438746437,0.0,0.21937321937321938,0.3817663817663818,0.37606837606837606,0.002849002849002849,0.4358974358974359,0.0,0.0,0.0,0.02564102564102564,0.0,0.008547008547008548,0.0,0.008547008547008548,0.0,0.05128205128205128,0.002849002849002849,0.0,0.11965811965811966,0.0,0.002849002849002849,351
KUL19,Tumor,T cells,NK cells,GSE144735,0.0,0.3276274639409563,0.1022300729655998,0.0,0.0,0.0489549676788595,0.06798316851179961,0.0,0.0,0.043090894934533226,0.0,0.0,0.0,0.0,0.0,0.0435108972800365,0.0,0.0,0.05218294659833245,0.0,0.1535324388634195,0.0,0.159754272447988,0.0,0.08430779370028585,0.49130302056826314,0.0,0.0,0.32749242964718567,0.0,0.44470335025324015,0.0,0.0,2.762390880413581,0.057215490670905284,1.3118084166265898,0.03850380482200187,0.05218294659833245,1.2837831245518918,0.15450339166190633,0.0,0.2251889328215186,0.0,0.0,0.0,0.0,0.0,0.0,0.0,0.0,0.0,0.10287958292402445,0.0,0.0,0.16433434183458157,0.0,0.043090894934533226,0.0,0.16666666666666666,0.06666666666666667,0.0,0.0,0.03333333333333333,0.03333333333333333,0.0,0.0,0.03333333333333333,0.0,0.0,0.0,0.0,0.0,0.03333333333333333,0.0,0.0,0.03333333333333333,0.0,0.1,0.0,0.1,0.0,0.06666666666666667,0.3,0.0,0.0,0.2,0.0,0.3,0.0,0.0,1.0,0.03333333333333333,0.6,0.03333333333333333,0.03333333333333333,0.4,0.1,0.0,0.13333333333333333,0.0,0.0,0.0,0.0,0.0,0.0,0.0,0.0,0.0,0.06666666666666667,0.0,0.0,0.1,0.0,0.03333333333333333,30
KUL19,Tumor,T cells,Regulatory T cells,GSE144735,0.0,0.861246983860769,0.4299807970560628,0.011574878575661633,0.003686917157144777,0.04130415304256356,0.014341229411030307,0.007980368648980782,0.03658435012428798,0.023124280574846782,0.0,0.0,0.0,0.0,0.017569378506250927,0.004941513550249173,0.0,0.010226911193546797,0.05908916344149713,0.0,0.02511374849122862,0.0,0.13371459007534314,0.004102114015095585,0.007142059551358665,0.4760711394168975,0.009355128244206609,0.0,0.007166981411735585,0.003002130150942165,0.16034674840652988,0.003134828672933512,0.015928131524298787,3.1518697218317158,0.012344794262527976,0.2146766438210804,0.007099707850589888,0.04078545749430363,0.05537350970736982,0.7089911284394799,0.03020130372698741,0.7061489236591446,0.004264985604909824,0.0,0.0,0.05419452107634545,0.0,0.014351605247528293,0.0,0.024569777384888223,0.0,0.0609799273011155,0.0063185800793219525,0.0,0.23544130043335645,0.0,0.003978683605802083,0.0,0.5041551246537396,0.26869806094182824,0.008310249307479225,0.002770083102493075,0.0221606648199446,0.008310249307479225,0.00554016620498615,0.024930747922437674,0.01662049861495845,0.0,0.0,0.0,0.0,0.0110803324099723,0.002770083102493075,0.0,0.00554016620498615,0.04155124653739612,0.0,0.019390581717451522,0.0,0.0997229916897507,0.002770083102493075,0.00554016620498615,0.3047091412742382,0.00554016620498615,0.0,0.00554016620498615,0.002770083102493075,0.11357340720221606,0.002770083102493075,0.0110803324099723,0.997229916897507,0.008310249307479225,0.1440443213296399,0.00554016620498615,0.024930747922437674,0.036011080332409975,0.42382271468144045,0.01662049861495845,0.39335180055401664,0.002770083102493075,0.0,0.0,0.038781163434903045,0.0,0.0110803324099723,0.0,0.01662049861495845,0.0,0.0443213296398892,0.00554016620498615,0.0,0.1523545706371191,0.0,0.002770083102493075,361
KUL19,Tumor,T cells,T follicular helper cells,GSE144735,0.0,0.3893125348029807,0.012606727493488644,0.0,0.0,0.0,0.01916099812056083,0.0,0.0854858703902153,0.016942705880290804,0.0,0.0,0.0,0.0,0.02381156300165814,0.0,0.0,0.015363063528862577,0.028264947374055976,0.0,0.039271574696717264,0.0,0.19750566567595737,0.0,0.04594578211334237,0.2579454141314749,0.0,0.0,0.0,0.0,0.17661668419774523,0.0,0.016405963153591118,3.0216972764544567,0.0,0.05562035404109528,0.013828726325269484,0.05527352649009867,0.06813448351960003,0.16900875424143344,0.0,0.6871731262111714,0.0,0.0,0.0,0.031857383305120036,0.0,0.0,0.0,0.0,0.0,0.07112600677344755,0.0,0.0,0.2335453639361157,0.0,0.015178157548674085,0.0,0.2682926829268293,0.012195121951219513,0.0,0.0,0.0,0.012195121951219513,0.0,0.06097560975609756,0.012195121951219513,0.0,0.0,0.0,0.0,0.024390243902439025,0.0,0.0,0.012195121951219513,0.024390243902439025,0.0,0.024390243902439025,0.0,0.14634146341463414,0.0,0.036585365853658534,0.18292682926829268,0.0,0.0,0.0,0.0,0.13414634146341464,0.0,0.012195121951219513,1.0,0.0,0.04878048780487805,0.012195121951219513,0.036585365853658534,0.04878048780487805,0.10975609756097561,0.0,0.3902439024390244,0.0,0.0,0.0,0.024390243902439025,0.0,0.0,0.0,0.0,0.0,0.04878048780487805,0.0,0.0,0.15853658536585366,0.0,0.012195121951219513,82
KUL19,Tumor,T cells,T helper 17 cells,GSE144735,0.0,0.5108636881806129,0.14245617854772763,0.0,0.0,0.15190279471964346,0.1684867207854346,0.0,0.1431458789000989,0.0,0.0,0.0,0.0,0.0,0.0,0.0,0.0,0.0,0.15020722671589606,0.0,0.16054383172293316,0.0,0.19430505467435602,0.0,0.0,0.0926616489383019,0.0,0.0,0.0585025410992186,0.0,0.14126259246908834,0.0,0.0,3.0585049120313097,0.0,0.25457285877816577,0.0,0.12124605905847913,0.9413966889704961,1.1833407164262857,0.0,0.6163462401473634,0.0,0.0,0.0,0.0,0.0,0.0,0.0,0.0,0.0,0.06874673231644608,0.0,0.0,0.1783581930196269,0.0,0.0,0.0,0.3333333333333333,0.05555555555555555,0.0,0.0,0.1111111111111111,0.1111111111111111,0.0,0.1111111111111111,0.0,0.0,0.0,0.0,0.0,0.0,0.0,0.0,0.0,0.1111111111111111,0.0,0.1111111111111111,0.0,0.16666666666666666,0.0,0.0,0.05555555555555555,0.0,0.0,0.05555555555555555,0.0,0.1111111111111111,0.0,0.0,1.0,0.0,0.16666666666666666,0.0,0.05555555555555555,0.4444444444444444,0.6666666666666666,0.0,0.3333333333333333,0.0,0.0,0.0,0.0,0.0,0.0,0.0,0.0,0.0,0.05555555555555555,0.0,0.0,0.1111111111111111,0.0,0.0,18
KUL19,Tumor,T cells,Unknown,GSE144735,0.0,0.6076806159262602,0.0,0.0,0.0,0.4930082847352074,0.7065340851162415,0.0,0.0,0.20287687196101384,0.0,0.0,0.0,0.0,0.0,0.0,0.0,0.0,0.21388977436826426,0.0,0.0,0.0,0.19242151519849254,0.0,0.0,1.000143902479807,0.0,0.0,0.0,0.0,0.0,0.0,0.0,3.304818542422132,0.0,0.42570138711773226,0.0,0.0,1.3621209005950525,1.4827482806319199,0.0,0.6583917949815475,0.0,0.0,0.0,0.0,0.0,0.0,0.0,0.0,0.0,0.0,0.0,0.0,0.19508943325775752,0.0,0.0,0.0,0.375,0.0,0.0,0.0,0.25,0.375,0.0,0.0,0.125,0.0,0.0,0.0,0.0,0.0,0.0,0.0,0.0,0.125,0.0,0.0,0.0,0.125,0.0,0.0,0.5,0.0,0.0,0.0,0.0,0.0,0.0,0.0,1.0,0.0,0.25,0.0,0.0,0.5,0.75,0.0,0.375,0.0,0.0,0.0,0.0,0.0,0.0,0.0,0.0,0.0,0.0,0.0,0.0,0.125,0.0,0.0,8
KUL19,Tumor,T cells,gamma delta T cells,GSE144735,0.0,1.2552960186327469,0.5588865434252221,0.0,0.0,0.0,0.0,0.0,0.0,0.0,0.0,0.0,0.0,0.0,0.0,0.0,0.0,0.0,0.0,0.0,0.0,0.0,0.9477675095418424,0.0,0.0,0.0,0.0,0.0,0.0,0.0,0.0,0.0,0.0,3.652026282956086,0.0,2.7911879862078757,0.0,0.0,0.0,2.0591133004648676,0.0,0.0,0.0,0.0,0.0,0.0,0.0,0.0,0.0,0.5588865434252221,0.0,0.0,0.0,0.0,0.5588865434252221,0.0,0.0,0.0,0.5,0.5,0.0,0.0,0.0,0.0,0.0,0.0,0.0,0.0,0.0,0.0,0.0,0.0,0.0,0.0,0.0,0.0,0.0,0.0,0.0,0.5,0.0,0.0,0.0,0.0,0.0,0.0,0.0,0.0,0.0,0.0,1.0,0.0,1.0,0.0,0.0,0.0,1.0,0.0,0.0,0.0,0.0,0.0,0.0,0.0,0.0,0.0,0.5,0.0,0.0,0.0,0.0,0.5,0.0,0.0,2
KUL21,Border,B cells,CD19+CD20+ B,GSE144735,0.0,0.6917670411618498,0.0,0.0,0.0,0.0,0.0,0.0,0.7076222188319444,0.3264507063032179,0.0,0.0,0.0,0.0,0.0,0.0,0.0,0.0,0.2817693833257362,0.0,0.2817693833257362,0.0,0.0,0.0,0.0,0.2817693833257362,0.0,0.0,0.0,0.28889904221114615,0.3015794943917323,0.0,0.0,3.0927993579735547,0.0,0.0,0.0,0.0,0.0,0.0,0.0,0.0,0.0,0.0,0.0,0.0,0.0,0.0,0.0,0.0,0.0,0.32386204942632907,0.0,0.0,0.0,0.0,0.0,0.0,0.3333333333333333,0.0,0.0,0.0,0.0,0.0,0.0,0.3333333333333333,0.16666666666666666,0.0,0.0,0.0,0.0,0.0,0.0,0.0,0.0,0.16666666666666666,0.0,0.16666666666666666,0.0,0.0,0.0,0.0,0.16666666666666666,0.0,0.0,0.0,0.16666666666666666,0.16666666666666666,0.0,0.0,1.0,0.0,0.0,0.0,0.0,0.0,0.0,0.0,0.0,0.0,0.0,0.0,0.0,0.0,0.0,0.0,0.0,0.0,0.16666666666666666,0.0,0.0,0.0,0.0,0.0,6
KUL21,Border,B cells,IgA+ Plasma,GSE144735,0.0,0.0,0.0,0.0,0.0,0.0,0.0,0.0,0.7622010095366861,0.0,0.0,0.0,0.0,0.0,0.0,0.0,0.0,0.0,0.0,0.0,0.0,0.0,0.0,0.0,0.0,0.7622010095366861,0.0,0.0,0.0,0.0,0.0,0.0,0.0,2.0615227828622213,0.0,0.0,0.0,0.0,1.1896635759056073,0.0,0.0,0.0,0.0,0.0,0.0,0.0,0.0,0.0,0.0,0.0,0.0,0.0,0.0,0.0,0.0,0.0,0.0,0.0,0.0,0.0,0.0,0.0,0.0,0.0,0.0,1.0,0.0,0.0,0.0,0.0,0.0,0.0,0.0,0.0,0.0,0.0,0.0,0.0,0.0,0.0,0.0,0.0,1.0,0.0,0.0,0.0,0.0,0.0,0.0,0.0,1.0,0.0,0.0,0.0,0.0,1.0,0.0,0.0,0.0,0.0,0.0,0.0,0.0,0.0,0.0,0.0,0.0,0.0,0.0,0.0,0.0,0.0,0.0,0.0,1
KUL21,Border,B cells,IgG+ Plasma,GSE144735,0.0,0.0,0.07726403306212166,0.04763870455946723,0.0,0.0,0.0,0.0,0.8352199728323475,0.5650530490698324,0.03898742083301169,0.0,0.0,0.0,0.043616553479659224,0.04763870455946723,0.0,0.0,0.6684587040927221,0.0,0.2528258682096834,0.0,0.3427230047756196,0.0,0.0,1.0255920585607872,0.0,0.0,0.0,0.19046452350532858,0.11949834773861312,0.0,0.0,2.411751697577741,0.0,0.08051092690560144,0.09739220644158893,0.0,0.07726403306212166,0.3028058709687792,0.0,0.6170226474828924,0.0,0.0,0.0,0.07726403306212166,0.0,0.21107633718472868,0.03898742083301169,0.0,0.0,0.9978172554263379,0.15288594670405223,0.0,0.5227337814507698,0.0,0.0,0.0,0.0,0.14285714285714285,0.14285714285714285,0.0,0.0,0.0,0.0,0.8571428571428571,0.8571428571428571,0.14285714285714285,0.0,0.0,0.0,0.14285714285714285,0.14285714285714285,0.0,0.0,1.0,0.0,0.42857142857142855,0.0,0.5714285714285714,0.0,0.0,1.0,0.0,0.0,0.0,0.42857142857142855,0.2857142857142857,0.0,0.0,1.0,0.0,0.14285714285714285,0.14285714285714285,0.0,0.14285714285714285,0.5714285714285714,0.0,0.7142857142857143,0.0,0.0,0.0,0.14285714285714285,0.0,0.42857142857142855,0.14285714285714285,0.0,0.0,1.0,0.2857142857142857,0.0,0.8571428571428571,0.0,0.0,7
KUL21,Border,B cells,Unspecified Plasma,GSE144735,0.0,0.0,0.0,0.0,0.0,0.0,0.0,0.0,0.0,0.0,0.0,0.0,0.0,0.0,0.0,0.0,0.0,0.0,0.0,0.0,0.0,0.0,2.2159301587100253,0.0,0.0,0.0,0.0,0.0,0.0,0.0,0.0,0.0,0.0,0.0,0.0,0.0,0.0,0.0,0.0,0.0,0.0,0.0,0.0,0.0,0.0,0.0,0.0,0.0,0.0,0.0,0.0,2.2159301587100253,0.0,0.0,0.0,0.0,0.0,0.0,0.0,0.0,0.0,0.0,0.0,0.0,0.0,0.0,0.0,0.0,0.0,0.0,0.0,0.0,0.0,0.0,0.0,0.0,0.0,0.0,0.0,1.0,0.0,0.0,0.0,0.0,0.0,0.0,0.0,0.0,0.0,0.0,0.0,0.0,0.0,0.0,0.0,0.0,0.0,0.0,0.0,0.0,0.0,0.0,0.0,0.0,0.0,0.0,0.0,0.0,1.0,0.0,0.0,0.0,0.0,0.0,1
KUL21,Border,Epithelial cells,Epithelial cells,GSE144735,0.0,0.18162929590353444,0.0021611044709307684,0.014019712423687939,0.0150320768092788,0.0010045619022274503,0.00589996512783605,0.009148615439784758,0.7246551488267082,0.25177828077722586,0.014692913386812168,0.0,0.0,0.010152840647187222,0.44413997776904696,0.14748446168267831,0.0013707812746020854,0.007321315574784178,0.3016157240424648,0.0035358251159494838,0.8289279651322362,0.13373889719711304,0.21289364815914344,0.0008466978845118467,0.07363722365023483,1.480487611531674,0.0,0.0,0.1627097327242565,2.1925539074465794,0.5275079198136253,0.0019604502958000987,0.03098888848926066,3.9303233621628055,0.010434868521497618,0.01887753576537965,0.0014459344699548975,0.005813156462887144,0.012548895354823057,1.5990944527502955,0.013442065016557049,1.638999405893477,0.02530152413274196,0.0,0.0013663630474354416,0.16807807437047687,0.024307432495780962,0.05389614098605634,0.00904590391149253,0.0,0.0018563262399525758,0.7905146002717989,1.2836592319683513,0.0,0.21375651943491966,0.0,0.004036080511004683,0.0,0.21081081081081082,0.004054054054054054,0.016216216216216217,0.021621621621621623,0.002702702702702703,0.008108108108108109,0.013513513513513514,0.6297297297297297,0.3,0.016216216216216217,0.0,0.0,0.01756756756756757,0.35,0.13648648648648648,0.002702702702702703,0.014864864864864866,0.3554054054054054,0.005405405405405406,0.6040540540540541,0.1662162162162162,0.2648648648648649,0.0013513513513513514,0.09054054054054055,0.8702702702702703,0.0,0.0,0.20270270270270271,0.8662162162162163,0.45675675675675675,0.004054054054054054,0.032432432432432434,0.9972972972972973,0.013513513513513514,0.02702702702702703,0.002702702702702703,0.008108108108108109,0.016216216216216217,0.8486486486486486,0.016216216216216217,0.8418918918918918,0.03783783783783784,0.0,0.002702702702702703,0.21891891891891893,0.03513513513513514,0.051351351351351354,0.00945945945945946,0.0,0.002702702702702703,0.6837837837837838,0.7675675675675676,0.0,0.2581081081081081,0.0,0.008108108108108109,740
KUL21,Border,Mast cells,Mast cells,GSE144735,0.0,0.04816781883335417,0.0,0.0,0.024794051435912665,0.0,0.0,0.0,0.3958694197681899,0.13589497483529667,0.12122039315784901,0.0,0.0,0.0,0.049072742321858716,0.08910649860467121,0.0,0.0,0.19740091535881066,0.0,0.32363895966931333,0.02750006972002221,0.20128069730137968,0.0,0.0,2.1845893310963516,0.0,0.0,0.0,0.1203764701612068,0.09768461588182092,0.0,0.0,4.5297711913749446,0.0,0.0,0.0,0.027025165033204738,0.023144618547982908,0.8404538416824031,0.18974238236093155,1.2878020467911242,0.0,0.0,0.0,0.4927236810062322,0.0,0.18199046896904675,0.0,0.0,0.0,0.433767463147627,0.05580664778902604,0.0,0.8694592060723764,0.0,0.0,0.0,0.022727272727272728,0.0,0.0,0.022727272727272728,0.0,0.0,0.0,0.2727272727272727,0.09090909090909091,0.09090909090909091,0.0,0.0,0.0,0.045454545454545456,0.022727272727272728,0.0,0.0,0.13636363636363635,0.0,0.22727272727272727,0.022727272727272728,0.1590909090909091,0.0,0.0,0.8863636363636364,0.0,0.0,0.0,0.09090909090909091,0.06818181818181818,0.0,0.0,1.0,0.0,0.0,0.0,0.022727272727272728,0.022727272727272728,0.4318181818181818,0.11363636363636363,0.5681818181818182,0.0,0.0,0.0,0.3181818181818182,0.0,0.09090909090909091,0.0,0.0,0.0,0.29545454545454547,0.045454545454545456,0.0,0.4318181818181818,0.0,0.0,44
KUL21,Border,Myeloids,Anti-inflammatory,GSE144735,0.02421975550720043,0.020171277734585286,0.01510388532487063,0.0,0.0,0.0,0.0,0.0,0.6203262818606434,0.7230516107231336,0.01510388532487063,0.0,0.0,0.0,0.06908780155002986,1.1586947750967582,0.0,0.09050625260615083,1.575977798108639,0.43312883203699576,0.77503892081842,0.09712831791727297,0.7685924484921366,0.0902438745434602,0.07772826508188607,1.1065581423775632,0.0,0.0,0.7726708274287796,0.13553834097198625,0.0,0.0,0.0,4.9413565724592,0.19203532411258195,0.02949556917594509,1.573605376377805,0.0,0.0,1.1547985708283575,0.0,1.2374255151928288,0.0,0.0,0.0,1.8322838886296486,0.0,0.9162251698947382,0.0,0.0,0.0,0.6969931241861436,0.09177492887623691,0.0,2.8589024240693512,0.0,0.06575028219005662,0.022222222222222223,0.022222222222222223,0.022222222222222223,0.0,0.0,0.0,0.0,0.0,0.4222222222222222,0.37777777777777777,0.022222222222222223,0.0,0.0,0.0,0.044444444444444446,0.5555555555555556,0.0,0.022222222222222223,0.4222222222222222,0.3333333333333333,0.4666666666666667,0.06666666666666667,0.4666666666666667,0.06666666666666667,0.06666666666666667,0.6666666666666666,0.0,0.0,0.5111111111111111,0.1111111111111111,0.0,0.0,0.0,1.0,0.15555555555555556,0.022222222222222223,0.8222222222222222,0.0,0.0,0.6222222222222222,0.0,0.6666666666666666,0.0,0.0,0.0,0.8444444444444444,0.0,0.35555555555555557,0.0,0.0,0.0,0.5111111111111111,0.08888888888888889,0.0,0.8666666666666667,0.0,0.044444444444444446,45
KUL21,Border,Myeloids,Pro-inflammatory,GSE144735,0.0,0.1699982921713372,0.06665308766950324,0.0,0.024505452963633132,0.0,0.0,0.0,0.6391105519147822,1.4546649793872795,0.03722748620909541,0.0,0.0,0.017889841957887984,0.07933413282858512,1.1023329049864286,0.08423483402343837,0.08360767933623665,1.0973056284120706,0.157122303394456,1.0614523864155399,0.1565071912943169,1.5635267279731693,0.03797339120018395,0.026916063648646956,2.941877353825149,0.0,0.0,0.5214778650652916,0.19170569056930825,0.026916063648646956,0.019118561321497873,0.0,5.2766173483730725,0.0,0.0,0.8675296627117189,0.0,0.0,0.6571619388536388,0.0,1.44039725127962,0.0,0.0265612810447492,0.0,1.3249681161226496,0.0,0.09637212852418757,0.034349473162614316,0.0,0.0,0.50915634527216,0.03246989278196897,0.0,1.6317099122413787,0.0,0.018612043698546032,0.0,0.10526315789473684,0.03508771929824561,0.0,0.017543859649122806,0.0,0.0,0.0,0.43859649122807015,0.5964912280701754,0.017543859649122806,0.0,0.0,0.017543859649122806,0.05263157894736842,0.47368421052631576,0.03508771929824561,0.017543859649122806,0.42105263157894735,0.10526315789473684,0.5614035087719298,0.10526315789473684,0.8070175438596491,0.017543859649122806,0.017543859649122806,0.9649122807017544,0.0,0.0,0.3508771929824561,0.14035087719298245,0.017543859649122806,0.017543859649122806,0.0,1.0,0.0,0.0,0.5263157894736842,0.0,0.0,0.3684210526315789,0.0,0.5964912280701754,0.0,0.017543859649122806,0.0,0.6140350877192983,0.0,0.05263157894736842,0.017543859649122806,0.0,0.0,0.3157894736842105,0.017543859649122806,0.0,0.47368421052631576,0.0,0.017543859649122806,57
KUL21,Border,Myeloids,Proliferating,GSE144735,0.07442431152538044,0.18382422850547933,0.2038775714903638,0.02692297237397742,0.044931808043368465,0.0,0.0,0.0,0.7364957851523376,0.5210767102165713,0.016542920608399413,0.0,0.0,0.0,0.15321713416626848,0.16673110714441772,0.19815788464556736,0.42438722975396,2.6989232928136335,0.4728188104619369,0.4473798333976089,0.0,1.0806262984155237,0.07008913797808879,0.0,1.4777745902830892,0.0,0.0,0.4211253711160418,0.1252521090671532,0.12337463225877264,0.0,0.0,4.578080831817233,0.06261485610743385,0.0,1.3434113787963848,0.0,0.05354621736968937,1.8735061240334,0.0260963825452457,1.4752545851652037,0.0,0.0,0.0,2.472895190907713,0.0,1.248225636432971,0.03754038654915507,0.0,0.0,0.6188907153135533,0.0568127506368474,0.0,4.476848846732801,0.0,0.3287603555822325,0.125,0.25,0.20833333333333334,0.041666666666666664,0.041666666666666664,0.0,0.0,0.0,0.75,0.4583333333333333,0.041666666666666664,0.0,0.0,0.0,0.16666666666666666,0.125,0.16666666666666666,0.16666666666666666,0.8333333333333334,0.4583333333333333,0.4583333333333333,0.0,0.6666666666666666,0.08333333333333333,0.0,0.875,0.0,0.0,0.5,0.125,0.125,0.0,0.0,1.0,0.041666666666666664,0.0,0.9583333333333334,0.0,0.041666666666666664,0.9583333333333334,0.041666666666666664,0.8333333333333334,0.0,0.0,0.0,1.0,0.0,0.625,0.041666666666666664,0.0,0.0,0.6666666666666666,0.08333333333333333,0.0,0.9166666666666666,0.0,0.25,24
KUL21,Border,Myeloids,SPP1+B,GSE144735,0.0,0.12185749054259494,0.021879186299783485,0.08862409301900426,0.0,0.009296396594821284,0.0,0.01485562691530161,0.6382629814906647,1.6076746072608414,0.0,0.0,0.0,0.014434579350931188,0.13841133443836653,0.27608946214524815,0.03928967513901149,0.05405124482392169,4.760635376528939,0.36040198230477566,0.4498448093890507,0.008987336434683685,1.064114988582274,0.017899980533853364,0.0,2.8984275935057195,0.0,0.0,0.2557234979779808,0.21385019446954787,0.007893635149359087,0.0,0.0,5.324335998254411,0.0,0.0,0.8220591918518559,0.009613037600943774,0.0,1.6233537887914797,0.0,1.8248325330037207,0.0,0.012303683026457811,0.020331514981015774,1.859500617185274,0.0,1.4218795115014384,0.6483184490126476,0.0,0.0,0.6088363879236878,0.04056886389918171,0.0,3.4183731434085796,0.0,0.032108628663927885,0.0,0.12037037037037036,0.018518518518518517,0.06481481481481481,0.0,0.009259259259259259,0.0,0.018518518518518517,0.4444444444444444,0.6111111111111112,0.0,0.0,0.0,0.009259259259259259,0.10185185185185185,0.2037037037037037,0.027777777777777776,0.018518518518518517,0.9259259259259259,0.2777777777777778,0.3055555555555556,0.009259259259259259,0.5740740740740741,0.018518518518518517,0.0,0.9629629629629629,0.0,0.0,0.2222222222222222,0.1574074074074074,0.009259259259259259,0.0,0.0,1.0,0.0,0.0,0.5,0.009259259259259259,0.0,0.7592592592592593,0.0,0.7037037037037037,0.0,0.018518518518518517,0.009259259259259259,0.8240740740740741,0.0,0.49074074074074076,0.28703703703703703,0.0,0.0,0.4444444444444444,0.037037037037037035,0.0,0.8333333333333334,0.0,0.037037037037037035,108
KUL21,Border,Myeloids,Unknown,GSE144735,0.0,0.0,0.0,0.0,0.0,0.0,0.0,0.0,0.7915826740304596,0.6721514642277585,0.0,0.0,0.0,0.0,0.0,0.0,0.35950186446605614,0.0,2.728769262139109,0.0,0.0,0.0,0.0,0.0,0.0,0.615717163072325,0.0,0.0,0.0,0.37667713304574285,0.0,0.0,0.0,5.599862602651224,0.0,0.0,0.0,0.0,0.0,1.2623070826199434,0.0,0.35950186446605614,0.0,0.0,0.0,1.4182003124313465,0.0,0.6565932886799951,0.0,0.0,0.0,0.0,0.0,0.0,4.774152763428175,0.0,0.0,0.0,0.0,0.0,0.0,0.0,0.0,0.0,0.0,0.3333333333333333,0.3333333333333333,0.0,0.0,0.0,0.0,0.0,0.0,0.16666666666666666,0.0,0.6666666666666666,0.0,0.0,0.0,0.0,0.0,0.0,0.3333333333333333,0.0,0.0,0.0,0.16666666666666666,0.0,0.0,0.0,1.0,0.0,0.0,0.0,0.0,0.0,0.5,0.0,0.16666666666666666,0.0,0.0,0.0,0.5,0.0,0.16666666666666666,0.0,0.0,0.0,0.0,0.0,0.0,1.0,0.0,0.0,6
KUL21,Border,Myeloids,cDC,GSE144735,0.0,0.2806043894143257,0.0,0.0,0.0,0.0,0.0,0.0,0.38437637649231804,0.28865275813865754,0.0,0.0,0.0,0.0,0.0,0.11502676964369939,0.0,0.0,0.4879524936349943,0.15953140825033238,0.7044860605401526,0.0,0.88493713159047,0.0,0.0,2.1355213328150553,0.0,0.0,0.7614890287677568,0.38681911094411064,0.14245954694851262,0.0,0.0,5.048307994939438,0.11502676964369939,0.0,0.11502676964369939,0.0,0.0,1.2006725340057451,0.0,1.0376410239329894,0.0,0.0,0.0,1.149454535269638,0.0,0.0,0.0,0.0,0.0,0.5975694989414705,0.0,0.0,0.2668089405679242,0.0,0.429495281255758,0.0,0.3333333333333333,0.0,0.0,0.0,0.0,0.0,0.0,0.3333333333333333,0.3333333333333333,0.0,0.0,0.0,0.0,0.0,0.16666666666666666,0.0,0.0,0.5,0.16666666666666666,0.3333333333333333,0.0,0.8333333333333334,0.0,0.0,1.0,0.0,0.0,0.6666666666666666,0.5,0.16666666666666666,0.0,0.0,1.0,0.16666666666666666,0.0,0.16666666666666666,0.0,0.0,0.8333333333333334,0.0,0.8333333333333334,0.0,0.0,0.0,0.8333333333333334,0.0,0.0,0.0,0.0,0.0,0.6666666666666666,0.0,0.0,0.3333333333333333,0.0,0.16666666666666666,6
KUL21,Border,Stromal cells,Lymphatic ECs,GSE144735,0.0,0.0,0.0,0.0,0.8020734895602141,0.0,0.0,0.2924253571126681,1.5558128080670357,2.5211015710052065,0.0,0.0,0.0,0.0,0.47572199167808893,0.0,0.0,0.0,0.3441907422434654,0.2924253571126681,0.0,0.0,0.9407285757985342,0.0,0.0,3.1292045344486707,0.0,0.0,0.6366160993561335,0.0,0.0,0.0,0.0,3.752221977486016,0.0,0.0,0.0,0.0,0.0,0.6895686364574002,0.0,1.3481999729401228,0.0,0.0,0.0,0.0,0.0,0.2924253571126681,0.0,0.0,0.0,2.024644100740234,0.0,0.0,0.47572199167808893,0.0,0.0,0.0,0.0,0.0,0.0,0.5,0.0,0.0,0.5,0.5,1.0,0.0,0.0,0.0,0.0,0.5,0.0,0.0,0.0,0.5,0.5,0.0,0.0,0.5,0.0,0.0,1.0,0.0,0.0,1.0,0.0,0.0,0.0,0.0,1.0,0.0,0.0,0.0,0.0,0.0,0.5,0.0,1.0,0.0,0.0,0.0,0.0,0.0,0.5,0.0,0.0,0.0,1.0,0.0,0.0,0.5,0.0,0.0,2
KUL21,Border,Stromal cells,Myofibroblasts,GSE144735,0.0,0.24678363761194463,0.0063283300332909465,0.05457977926777181,0.1905557033171181,0.0,0.0,0.950935987843027,4.040137960729302,3.54125869391293,0.812659215395136,0.014652347599996056,0.0,0.1713090849166219,0.09591059611633766,0.028778392115709903,0.01689818829179772,0.05224769250031842,0.3191510859647662,0.16573152734636845,0.4342670674257857,0.0026238189534351784,0.5236981892852928,0.012205583730581688,0.0163284564877572,3.0989510161478715,0.0,0.007098080590099956,0.1650537614066494,0.2248112855728016,0.3517147156125249,0.0,0.004913404235137724,3.867651861754592,0.15617780742722184,0.014056119441589838,0.01219339011871075,0.007876560735333854,0.0017350537482561633,0.994863193425002,0.029950607851386424,2.365055568085857,0.012488412931503951,0.0,0.008409387702615578,0.1972975160911873,0.0042223449871920705,0.12412897646763925,0.009499708253207999,0.026430047786491485,0.006982754607827219,4.302913826993735,0.05901643686092371,0.0,0.651536520856981,0.0,0.007817943543140643,0.0,0.27102803738317754,0.009345794392523364,0.04672897196261682,0.22429906542056074,0.0,0.0,0.6962616822429907,0.9672897196261683,0.9579439252336449,0.5981308411214953,0.028037383177570093,0.0,0.20093457943925233,0.102803738317757,0.028037383177570093,0.009345794392523364,0.03271028037383177,0.35046728971962615,0.16355140186915887,0.397196261682243,0.004672897196261682,0.46261682242990654,0.009345794392523364,0.018691588785046728,0.9579439252336449,0.0,0.004672897196261682,0.1822429906542056,0.2616822429906542,0.32242990654205606,0.0,0.004672897196261682,0.9906542056074766,0.1542056074766355,0.009345794392523364,0.014018691588785047,0.009345794392523364,0.004672897196261682,0.6588785046728972,0.03271028037383177,0.8878504672897196,0.014018691588785047,0.0,0.014018691588785047,0.20093457943925233,0.004672897196261682,0.12149532710280374,0.018691588785046728,0.02336448598130841,0.009345794392523364,0.9672897196261683,0.06542056074766354,0.0,0.46261682242990654,0.0,0.009345794392523364,214
KUL21,Border,Stromal cells,Pericytes,GSE144735,0.0,0.24399701574409172,0.0,0.028766039534335316,0.9099523642334505,0.0,0.0,0.5508377160667342,3.7867756449302856,3.201976946032215,0.24315620417841513,0.0,0.0,0.14183650998096714,0.043809345844727565,0.15281986928787505,0.05894775339022709,0.009678558899740489,0.39328942381198767,0.09044731181221688,0.2890244464912491,0.01207470874311844,0.502840002988415,0.05095585543532064,0.3050248651200899,4.188973364583961,0.0,0.0,0.3638933250005543,0.19058406573282985,0.7127268409505558,0.0,0.0,3.614397386923683,0.040641571300654086,0.11885940707714066,0.0,0.0,0.015789547169552786,0.9194432396040358,0.02867592567828996,2.250440964895662,0.03657466562585839,0.0,0.008817465103877981,0.1631055824301674,0.0,0.7094621944439375,0.00847785776269837,0.0237070486065393,0.0,4.007618647046235,0.04245351395600536,0.0,0.9632115828208844,0.0,0.0,0.0,0.2916666666666667,0.0,0.020833333333333332,0.6875,0.0,0.0,0.4583333333333333,1.0,0.9583333333333334,0.2708333333333333,0.0,0.0,0.14583333333333334,0.0625,0.08333333333333333,0.041666666666666664,0.020833333333333332,0.3541666666666667,0.10416666666666667,0.2916666666666667,0.020833333333333332,0.3541666666666667,0.0625,0.25,1.0,0.0,0.0,0.3541666666666667,0.2708333333333333,0.625,0.0,0.0,1.0,0.0625,0.14583333333333334,0.0,0.0,0.020833333333333332,0.7083333333333334,0.041666666666666664,0.9583333333333334,0.041666666666666664,0.0,0.020833333333333332,0.125,0.0,0.5,0.020833333333333332,0.020833333333333332,0.0,1.0,0.0625,0.0,0.5416666666666666,0.0,0.0,48
KUL21,Border,Stromal cells,Smooth muscle cells,GSE144735,0.0,1.1074721304344346,0.0,0.04685194944626536,0.29107022639817537,0.0,0.0,0.2022997688309878,2.293730037943655,2.4004378030725446,0.09163901049278782,0.0,0.0,0.0,0.09411482629689125,0.07508482965436115,0.43801139612527806,0.5491688025584013,0.2599409402999884,0.0,0.14714171105284815,0.0,0.9984737556130738,0.0,0.0,3.018226537025111,0.0,0.0,0.30659684149006944,0.13489329903257505,0.45881598533029416,0.0,0.035374894421863104,4.206474913632096,0.09077101288717372,0.0,0.0,0.042214409409916914,0.02781820576219812,0.6875833604994189,0.09498968203491544,2.6790518433483292,0.0,0.0,0.0,0.11723804569516724,0.0,0.14552170428663552,0.0,0.0,0.0,1.838543274071685,0.08671534408707447,0.0,0.2056243476459926,0.0,0.0,0.0,0.64,0.0,0.04,0.32,0.0,0.0,0.2,0.96,0.92,0.12,0.0,0.0,0.0,0.12,0.08,0.16,0.16,0.28,0.0,0.16,0.0,0.56,0.0,0.0,0.92,0.0,0.0,0.28,0.16,0.36,0.0,0.04,1.0,0.12,0.0,0.0,0.04,0.04,0.52,0.12,0.96,0.0,0.0,0.0,0.12,0.0,0.16,0.0,0.0,0.0,0.96,0.08,0.0,0.16,0.0,0.0,25
KUL21,Border,Stromal cells,Stalk-like ECs,GSE144735,0.0,0.06453411655692265,0.0,0.0,1.4176344186209546,0.0,0.0,0.33050983844101767,0.18340588356119372,1.883081058690091,0.6512854094512096,0.0,0.0,0.0,0.0,0.0,0.0,0.0,0.6034331293270379,0.0,0.18340588356119372,0.0,0.4870430200528171,0.48875097383674637,0.0,2.6965612680616844,0.0,0.0,0.38896048952715656,0.47227296612837427,0.9427318571688992,0.0,0.0,2.8566534885097696,0.0,0.0,0.0,0.0,0.0,1.0878412820263688,0.06453411655692265,0.18734092736073815,0.0,0.0,0.0,0.0,0.0,0.0,0.0,0.0,0.0,0.5604845746705829,0.06453411655692265,0.0,0.13700166930218638,0.0,0.0,0.0,0.16666666666666666,0.0,0.0,0.8333333333333334,0.0,0.0,0.5,0.3333333333333333,0.8333333333333334,0.3333333333333333,0.0,0.0,0.0,0.0,0.0,0.0,0.0,0.6666666666666666,0.0,0.3333333333333333,0.0,0.5,0.16666666666666666,0.0,1.0,0.0,0.0,0.3333333333333333,0.5,0.8333333333333334,0.0,0.0,1.0,0.0,0.0,0.0,0.0,0.0,0.6666666666666666,0.16666666666666666,0.3333333333333333,0.0,0.0,0.0,0.0,0.0,0.0,0.0,0.0,0.0,0.5,0.16666666666666666,0.0,0.3333333333333333,0.0,0.0,6
KUL21,Border,Stromal cells,Stromal 1,GSE144735,0.0,0.13850837413361572,0.01778593964454456,1.1013201995802366,0.676463904252561,0.0,0.0,0.9005207371461131,4.470571368593721,2.493127300342448,0.6882343859872243,0.0,0.0,0.19060685131892502,2.8652589241434665,0.8593306860894141,0.04781678243753531,0.0,0.1098060902597502,0.29827404570872645,1.852538674547269,0.027802104464532126,2.599250353641139,0.10124016498675317,0.0,3.6106911689773584,0.0,0.0,0.3191626671225121,0.09883720622404611,0.6318774134382356,0.0,0.0,5.300399924134897,0.05088899445717825,0.0,0.0,0.0,0.0,1.2481840504391999,0.0,3.976295541350792,0.03862935299878121,0.0,0.0,0.2885224328110765,0.0,1.3032016538256936,0.020843413354236652,0.4289822117353508,0.3417164208569048,4.06146734021974,0.0,0.0,1.2917207365283279,0.0,0.0,0.0,0.16,0.04,0.56,0.68,0.0,0.0,0.76,1.0,1.0,0.6,0.0,0.0,0.2,0.88,0.52,0.04,0.0,0.2,0.36,0.8,0.04,1.0,0.08,0.0,1.0,0.0,0.0,0.32,0.16,0.52,0.0,0.0,1.0,0.08,0.0,0.0,0.0,0.0,0.8,0.0,1.0,0.08,0.0,0.0,0.28,0.0,0.64,0.04,0.24,0.2,1.0,0.0,0.0,0.6,0.0,0.0,25
KUL21,Border,Stromal cells,Stromal 3,GSE144735,0.0,0.26473982817715075,0.0,0.33482626205192373,0.15949193413778529,0.010105258496957972,0.007860721209951575,0.7340099752550685,5.014416390406747,1.9704258655896956,0.5644377811014205,0.0,0.008344854725552712,0.28303308283829137,0.0655963728532481,0.2035076385437333,0.0,0.007544634203211959,0.31404929961455463,0.016229276784764574,1.0011695682825343,0.02227741753410874,1.5074936719818635,0.023242283042010675,0.19182466271417264,3.220144209745952,0.005442330337627481,0.013602310126931255,0.6711829341400634,0.2305141892352694,0.20672688572284967,0.0,0.0,4.114092917594585,1.0520996654857562,0.010132704154584556,0.004756153249110072,0.01845796079141936,0.04357027117359705,0.8510179388136618,0.02063294040987714,3.33386395188466,0.017817659124314066,0.018205263156839336,0.0034994638740708014,0.08041852872883191,0.004471730263260741,0.7786779559887601,0.0115490905290613,0.027650430383167973,0.003454239457574538,5.253865463523118,0.07737543904353009,0.0,1.9935676537309228,0.0,0.007972687046754906,0.0,0.44545454545454544,0.0,0.32727272727272727,0.2727272727272727,0.00909090909090909,0.01818181818181818,0.7909090909090909,1.0,0.9818181818181818,0.6363636363636364,0.0,0.01818181818181818,0.4090909090909091,0.14545454545454545,0.13636363636363635,0.0,0.01818181818181818,0.5272727272727272,0.02727272727272727,0.7454545454545455,0.045454545454545456,0.8090909090909091,0.045454545454545456,0.2545454545454545,0.9818181818181818,0.00909090909090909,0.01818181818181818,0.7,0.43636363636363634,0.39090909090909093,0.0,0.0,1.0,0.8454545454545455,0.00909090909090909,0.00909090909090909,0.01818181818181818,0.05454545454545454,0.8272727272727273,0.045454545454545456,0.990909090909091,0.03636363636363636,0.02727272727272727,0.00909090909090909,0.16363636363636364,0.00909090909090909,0.5909090909090909,0.01818181818181818,0.045454545454545456,0.00909090909090909,1.0,0.15454545454545454,0.0,0.9545454545454546,0.0,0.01818181818181818,110
KUL21,Border,Stromal cells,Tip-like ECs,GSE144735,0.0,0.0915589659460764,0.011963827600435822,0.0,0.8499948642118125,0.029344881355356157,0.019200480749475994,0.22765299610916054,0.593741984327065,0.43385521690486734,0.03697200392472299,0.0,0.0,0.021966613321420955,0.014837892572529958,0.2721839191216447,0.01980038126663009,0.02338752224772744,0.3830384435769873,0.0,0.5712464803028261,0.0,0.6068877876619401,0.056312964058899725,0.0,1.6589203204346938,0.0,0.0811065661779792,0.1067559664136197,0.133925575427416,0.20594254553864794,0.0,0.0,2.7308831198605135,0.16724795970647224,0.0,0.031847491880732624,0.016543919951395956,0.0,0.2854284210174901,0.0,1.1226133144386623,0.04397443015144077,0.0,0.02338752224772744,0.05122001667197732,0.047112072724364275,0.36307556502789845,0.0,0.0,0.10517513267395834,0.6348416950719586,0.03149561795954303,0.0,0.20619441429346502,0.0,0.0,0.0,0.13333333333333333,0.022222222222222223,0.0,0.5555555555555556,0.022222222222222223,0.022222222222222223,0.2222222222222222,0.4444444444444444,0.3333333333333333,0.044444444444444446,0.0,0.0,0.022222222222222223,0.022222222222222223,0.15555555555555556,0.022222222222222223,0.022222222222222223,0.2,0.0,0.4444444444444444,0.0,0.4444444444444444,0.06666666666666667,0.0,0.8666666666666667,0.0,0.06666666666666667,0.08888888888888889,0.15555555555555556,0.17777777777777778,0.0,0.0,0.9333333333333333,0.1111111111111111,0.0,0.022222222222222223,0.022222222222222223,0.0,0.3111111111111111,0.0,0.5777777777777777,0.022222222222222223,0.0,0.022222222222222223,0.044444444444444446,0.044444444444444446,0.2222222222222222,0.0,0.0,0.044444444444444446,0.5333333333333333,0.022222222222222223,0.0,0.17777777777777778,0.0,0.0,45
KUL21,Border,T cells,CD4+ T cells,GSE144735,0.0,0.4003487396277836,0.11046305141442381,0.0,0.021773925491257506,0.16835618103293587,0.10994368285503968,0.0,0.49685151441341613,0.21673078908202462,0.0,0.0,0.0,0.0,0.03414592810651102,0.023675600053740923,0.0,0.0,0.2403219837066738,0.0,0.1171227067655806,0.0,0.09680177680212704,0.0,0.010073743191157307,0.6908572043657484,0.0,0.0,0.07477590873174982,0.23616768926630052,0.29283210058461334,0.0,0.0,3.108247062747008,0.0,0.2575826443127609,0.0,0.07769794150733646,0.25314440406190303,0.6168200974600305,0.0,1.158403872752512,0.0,0.0,0.0,0.04182375913408651,0.0,0.03265218535377443,0.0,0.0,0.012365131991932949,0.48346075131245253,0.044173461985738176,0.0,0.1264641895367322,0.0,0.01470906454324796,0.0,0.21794871794871795,0.0641025641025641,0.0,0.01282051282051282,0.07692307692307693,0.05128205128205128,0.0,0.27564102564102566,0.12179487179487179,0.0,0.0,0.0,0.0,0.019230769230769232,0.01282051282051282,0.0,0.0,0.1346153846153846,0.0,0.07692307692307693,0.0,0.057692307692307696,0.0,0.00641025641025641,0.3525641025641026,0.0,0.0,0.04487179487179487,0.1282051282051282,0.16025641025641027,0.0,0.0,0.967948717948718,0.0,0.1282051282051282,0.0,0.038461538461538464,0.10256410256410256,0.32051282051282054,0.0,0.5256410256410257,0.0,0.0,0.0,0.02564102564102564,0.0,0.019230769230769232,0.0,0.0,0.00641025641025641,0.2692307692307692,0.02564102564102564,0.0,0.07051282051282051,0.0,0.00641025641025641,156
KUL21,Border,T cells,CD8+ T cells,GSE144735,0.0,0.2124318087311272,0.0867780318715233,0.08379929714057459,0.0,1.3752643076501614,1.258869205489126,0.0,0.3533974534239977,0.1732379396720164,0.07551414742482243,0.0,0.0,0.0,0.0,0.0,0.0,0.0,0.08472803461179153,0.0,0.0,0.0,0.0,0.0,0.08313443410723219,0.0842088593565668,0.0,0.0,0.0,0.17150606648331482,0.2523163125473921,0.0,0.0,2.7036999426969284,0.0,0.6491344000835315,0.0,0.5604884904883559,1.4452269662291473,0.46783032457237145,0.0,1.6232060046495491,0.0,0.0,0.0,0.0,0.0,0.0,0.0,0.0,0.0,0.7185520203927757,0.0,0.0,0.10075719942404925,0.0,0.0,0.0,0.13636363636363635,0.045454545454545456,0.045454545454545456,0.0,0.5454545454545454,0.5454545454545454,0.0,0.18181818181818182,0.09090909090909091,0.045454545454545456,0.0,0.0,0.0,0.0,0.0,0.0,0.0,0.045454545454545456,0.0,0.0,0.0,0.0,0.0,0.045454545454545456,0.045454545454545456,0.0,0.0,0.0,0.09090909090909091,0.13636363636363635,0.0,0.0,0.8636363636363636,0.0,0.3181818181818182,0.0,0.2727272727272727,0.5,0.22727272727272727,0.0,0.5909090909090909,0.0,0.0,0.0,0.0,0.0,0.0,0.0,0.0,0.0,0.36363636363636365,0.0,0.0,0.045454545454545456,0.0,0.0,22
KUL21,Border,T cells,NK cells,GSE144735,0.0,0.8336720170232768,0.0,0.0,0.0,0.3015783562481413,0.0,0.0,0.7236449194962977,0.28763919372861274,0.0,0.0,0.0,0.0,0.0,0.0,0.0,0.0,0.3015783562481413,0.0,0.0,0.0,0.24545919458170798,0.0,0.0,1.1992318900051624,0.0,0.0,0.0,0.0,0.1988926826517071,0.0,0.0,3.0138196607243017,0.0,2.328211862134608,0.0,0.48601659514715495,2.41904842622159,0.2792930422628826,0.0,0.964386148254132,0.0,0.0,0.0,0.0,0.0,0.0,0.0,0.0,0.0,0.24545919458170798,0.0,0.0,0.1988926826517071,0.0,0.0,0.0,0.42857142857142855,0.0,0.0,0.0,0.14285714285714285,0.0,0.0,0.42857142857142855,0.14285714285714285,0.0,0.0,0.0,0.0,0.0,0.0,0.0,0.0,0.14285714285714285,0.0,0.0,0.0,0.14285714285714285,0.0,0.0,0.5714285714285714,0.0,0.0,0.0,0.0,0.14285714285714285,0.0,0.0,1.0,0.0,0.8571428571428571,0.0,0.14285714285714285,0.7142857142857143,0.14285714285714285,0.0,0.42857142857142855,0.0,0.0,0.0,0.0,0.0,0.0,0.0,0.0,0.0,0.14285714285714285,0.0,0.0,0.14285714285714285,0.0,0.0,7
KUL21,Border,T cells,Regulatory T cells,GSE144735,0.0,1.1100598068597105,0.18566721933407995,0.0,0.0,0.0,0.0,0.0,0.5058786031797302,0.3679056842685947,0.1498897001665051,0.0,0.0,0.0,0.05853989433376601,0.0,0.0,0.0,0.4569951862131039,0.0,0.0,0.0,0.14005767380221443,0.0,0.0,0.6547113340335055,0.0,0.0,0.0,0.24603061838072945,0.0,0.0,0.0,3.057997019049146,0.0,0.3090840550831122,0.0,0.0,0.2349740696428093,0.6806583099972785,0.0,1.4583367340391702,0.0,0.0,0.0,0.07720876836694471,0.0,0.0,0.0,0.0,0.0,0.5068905393134078,0.0,0.0,0.08171264904088196,0.0,0.0,0.0,0.5714285714285714,0.09523809523809523,0.0,0.0,0.0,0.0,0.0,0.3333333333333333,0.23809523809523808,0.09523809523809523,0.0,0.0,0.0,0.047619047619047616,0.0,0.0,0.0,0.2857142857142857,0.0,0.0,0.0,0.09523809523809523,0.0,0.0,0.38095238095238093,0.0,0.0,0.0,0.14285714285714285,0.0,0.0,0.0,1.0,0.0,0.19047619047619047,0.0,0.0,0.047619047619047616,0.38095238095238093,0.0,0.6666666666666666,0.0,0.0,0.0,0.047619047619047616,0.0,0.0,0.0,0.0,0.0,0.2857142857142857,0.0,0.0,0.047619047619047616,0.0,0.0,21
KUL21,Border,T cells,T helper 17 cells,GSE144735,0.0,0.0,0.5604546337792349,0.0,0.0,0.6280120914034498,0.790949864620455,0.0,0.0,0.0,0.0,0.0,0.0,0.0,0.0,0.0,0.0,0.0,0.0,0.0,0.9216214344058793,0.0,0.0,0.0,0.0,1.0998397019169102,0.0,0.0,0.0,0.42764026175411296,0.8828349663832855,0.0,0.0,3.190826740334204,0.0,0.6756412732737366,0.0,0.0,1.9441106359737768,0.6570607623300333,0.2958939617033889,1.1180450804228272,0.0,0.0,0.0,0.0,0.0,0.0,0.0,0.0,0.0,0.36116680062664447,0.0,0.0,0.0,0.0,0.0,0.0,0.0,0.25,0.0,0.0,0.25,0.25,0.0,0.0,0.0,0.0,0.0,0.0,0.0,0.0,0.0,0.0,0.0,0.0,0.0,0.5,0.0,0.0,0.0,0.0,0.5,0.0,0.0,0.0,0.25,0.5,0.0,0.0,1.0,0.0,0.5,0.0,0.0,0.5,0.5,0.25,0.5,0.0,0.0,0.0,0.0,0.0,0.0,0.0,0.0,0.0,0.25,0.0,0.0,0.0,0.0,0.0,4
KUL21,Border,T cells,Unknown,GSE144735,0.0,0.5802914045578128,0.3245792757232768,0.0,0.0,1.4784961241716004,1.2866321646782124,0.0,0.7513507620107605,0.14241270934147854,0.0,0.0,0.0,0.0,0.3944116373750445,0.0,0.0,0.0,0.47199526094808114,0.0,0.0,0.0,0.14241270934147854,0.0,0.0,0.3084263158613825,0.0,0.0,0.15856566920337287,0.15072493118100724,0.8594513360271764,0.0,0.0,3.029976130753736,0.0,0.47223835736593006,0.0,1.2020195869659756,2.4953051508636026,0.8010353081035773,0.0,2.131808299583158,0.0,0.0,0.0,0.0,0.0,0.15856566920337287,0.0,0.0,0.0,0.4509937557938668,0.0,0.0,0.4018595746915757,0.0,0.0,0.0,0.3333333333333333,0.2222222222222222,0.0,0.0,0.7777777777777778,0.6666666666666666,0.0,0.4444444444444444,0.1111111111111111,0.0,0.0,0.0,0.0,0.2222222222222222,0.0,0.0,0.0,0.3333333333333333,0.0,0.0,0.0,0.1111111111111111,0.0,0.0,0.2222222222222222,0.0,0.0,0.1111111111111111,0.1111111111111111,0.5555555555555556,0.0,0.0,1.0,0.0,0.3333333333333333,0.0,0.5555555555555556,0.6666666666666666,0.4444444444444444,0.0,0.7777777777777778,0.0,0.0,0.0,0.0,0.0,0.1111111111111111,0.0,0.0,0.0,0.3333333333333333,0.0,0.0,0.2222222222222222,0.0,0.0,9
KUL21,Border,T cells,gamma delta T cells,GSE144735,0.0,0.0,0.0,0.0,0.0,0.0,0.0,0.0,1.0719679617125997,0.0,0.0,0.0,0.0,0.0,0.0,0.0,0.0,0.0,0.0,0.0,0.7808038696515925,0.0,0.0,0.0,0.0,0.7808038696515925,0.0,0.0,0.0,0.0,0.7808038696515925,0.0,0.0,2.6891504626679303,0.0,0.0,0.0,0.0,0.7808038696515925,0.0,0.0,0.7808038696515925,0.0,0.0,0.0,0.0,0.0,0.0,0.0,0.0,0.0,2.205004422817012,0.0,0.0,0.0,0.0,0.0,0.0,0.0,0.0,0.0,0.0,0.0,0.0,0.0,0.5,0.0,0.0,0.0,0.0,0.0,0.0,0.0,0.0,0.0,0.0,0.0,0.5,0.0,0.0,0.0,0.0,0.5,0.0,0.0,0.0,0.0,0.5,0.0,0.0,1.0,0.0,0.0,0.0,0.0,0.5,0.0,0.0,0.5,0.0,0.0,0.0,0.0,0.0,0.0,0.0,0.0,0.0,1.0,0.0,0.0,0.0,0.0,0.0,2
KUL21,Normal,B cells,CD19+CD20+ B,GSE144735,0.0,0.046339180615902344,0.02708382647182261,0.0,0.0,0.02902850954793891,0.0,0.0,0.0,0.024484501036345387,0.0,0.0,0.0,0.0,0.0,0.0,0.0,0.0,0.0,0.0,0.0,0.0,0.07837452061826672,0.06168386876877586,0.0,0.02044915979601696,0.0,0.0,0.0,0.0,0.0,0.0,0.0,3.0270744581684346,0.0,0.0,0.0,0.0,0.0,0.017674788269035742,0.0,0.14340397706787034,0.0,0.0,0.0,0.08928075883148276,0.0,0.0,0.0,0.0,0.0,0.0,0.02253389388969786,0.0,0.0,0.0,0.024484501036345387,0.0,0.028169014084507043,0.014084507042253521,0.0,0.0,0.014084507042253521,0.0,0.0,0.0,0.014084507042253521,0.0,0.0,0.0,0.0,0.0,0.0,0.0,0.0,0.0,0.0,0.0,0.0,0.056338028169014086,0.028169014084507043,0.0,0.014084507042253521,0.0,0.0,0.0,0.0,0.0,0.0,0.0,0.9577464788732394,0.0,0.0,0.0,0.0,0.0,0.014084507042253521,0.0,0.08450704225352113,0.0,0.0,0.0,0.056338028169014086,0.0,0.0,0.0,0.0,0.0,0.0,0.014084507042253521,0.0,0.0,0.0,0.014084507042253521,71
KUL21,Normal,B cells,IgA+ Plasma,GSE144735,0.0,0.014212584405202405,0.009598161754141419,0.0,0.0014943896787441807,0.0,0.001745553700443089,0.0,0.011280026359433317,0.0072518291850077535,0.005969547735669288,0.0021951675322595646,0.0,0.03896227861211871,0.001848678803231057,0.0,0.0,0.0,0.0,0.0,0.03068704005727939,0.0058002451638897055,0.06271567345501806,0.002239917925182356,0.003284115026343602,0.6736843630571457,0.0,0.0,0.005771323748698447,0.0,0.011763911544232161,0.0,0.0,1.7484225915207596,0.010702957621884496,0.0043115769442695325,0.0014003724897395577,0.006019746920567288,0.0030201369447035104,0.22313658346890686,0.0022297483904596153,0.21386911009484932,0.0029185743089060537,0.0,0.0,0.004595802543616282,0.0,0.004493922096770862,0.0,0.001848678803231057,0.0,0.017035292121856095,0.00691382791223561,0.0,0.010112844581001678,0.0,0.0,0.0,0.021834061135371178,0.017467248908296942,0.0,0.004366812227074236,0.0,0.004366812227074236,0.0,0.021834061135371178,0.017467248908296942,0.008733624454148471,0.004366812227074236,0.0,0.06986899563318777,0.004366812227074236,0.0,0.0,0.0,0.0,0.0,0.039301310043668124,0.008733624454148471,0.11790393013100436,0.004366812227074236,0.008733624454148471,0.5720524017467249,0.0,0.0,0.013100436681222707,0.0,0.017467248908296942,0.0,0.0,0.9781659388646288,0.021834061135371178,0.013100436681222707,0.004366812227074236,0.013100436681222707,0.008733624454148471,0.36681222707423583,0.004366812227074236,0.3318777292576419,0.004366812227074236,0.0,0.0,0.008733624454148471,0.0,0.008733624454148471,0.0,0.004366812227074236,0.0,0.03056768558951965,0.017467248908296942,0.0,0.017467248908296942,0.0,0.0,229
KUL21,Normal,B cells,IgG+ Plasma,GSE144735,0.0,0.0,0.0,0.0,0.0,0.0,0.0,0.0,0.0,0.0,0.0,0.0,0.0,0.0,0.0,0.0,0.0,0.0,0.0,0.0,1.1222945528973096,0.0,0.0,0.0,0.0,0.7109612505513709,0.0,0.0,0.0,0.0,0.0,0.0,0.0,4.659948904453594,0.0,0.0,0.0,0.0,0.0,1.9762570239371269,0.0,0.7109612505513709,0.0,0.0,0.0,0.0,0.0,0.0,0.0,0.0,0.0,0.0,0.0,0.0,0.0,0.0,0.0,0.0,0.0,0.0,0.0,0.0,0.0,0.0,0.0,0.0,0.0,0.0,0.0,0.0,0.0,0.0,0.0,0.0,0.0,0.0,0.0,1.0,0.0,0.0,0.0,0.0,1.0,0.0,0.0,0.0,0.0,0.0,0.0,0.0,1.0,0.0,0.0,0.0,0.0,0.0,1.0,0.0,1.0,0.0,0.0,0.0,0.0,0.0,0.0,0.0,0.0,0.0,0.0,0.0,0.0,0.0,0.0,0.0,1
KUL21,Normal,B cells,Unspecified Plasma,GSE144735,0.0,0.0,0.0,0.0,0.0,0.0,0.0,0.0,0.0,0.03456391615195933,0.0,0.0,0.0,0.06958264272738242,0.0,0.0,0.0,0.0,0.0,0.03456391615195933,0.0,0.0,0.06536696933245252,0.0,0.0,0.42689341924927515,0.0,0.0,0.0,0.0,0.0,0.0,0.0,1.4861472957239907,0.0,0.0,0.0,0.0,0.0,0.09465258572983568,0.0,0.18228521554708868,0.0,0.0,0.0,0.0,0.0,0.0,0.0,0.0,0.0,0.0,0.0,0.0,0.0,0.0,0.0,0.0,0.0,0.0,0.0,0.0,0.0,0.0,0.0,0.0,0.03571428571428571,0.0,0.0,0.0,0.03571428571428571,0.0,0.0,0.0,0.0,0.0,0.03571428571428571,0.0,0.0,0.03571428571428571,0.0,0.0,0.21428571428571427,0.0,0.0,0.0,0.0,0.0,0.0,0.0,0.75,0.0,0.0,0.0,0.0,0.0,0.03571428571428571,0.0,0.10714285714285714,0.0,0.0,0.0,0.0,0.0,0.0,0.0,0.0,0.0,0.0,0.0,0.0,0.0,0.0,0.0,28
KUL21,Normal,Epithelial cells,BEST4+ Enterocytes,GSE144735,0.0,0.0,0.0,0.0,0.0,0.0,0.0,0.0,0.0,0.0,0.0,0.0,0.0,0.0,0.0,0.0,0.0,0.0,0.0,0.0,0.9470770590693405,0.0,0.43063223189149574,0.0,0.0,0.0,0.0,0.0,0.19459617837068566,0.0,0.0,0.0,0.0,4.138255955886772,0.0,0.0,0.0,0.0,0.0,2.9110579528192746,0.0,3.1306585363524633,0.0,0.0,0.0,0.24913941074990537,0.0,0.0,0.0,0.0,0.0,0.0,1.6252816228274152,0.0,0.0,0.0,0.0,0.0,0.0,0.0,0.0,0.0,0.0,0.0,0.0,0.0,0.0,0.0,0.0,0.0,0.0,0.0,0.0,0.0,0.0,0.0,0.0,0.8,0.0,0.4,0.0,0.0,0.0,0.0,0.0,0.2,0.0,0.0,0.0,0.0,1.0,0.0,0.0,0.0,0.0,0.0,1.0,0.0,1.0,0.0,0.0,0.0,0.4,0.0,0.0,0.0,0.0,0.0,0.0,1.0,0.0,0.0,0.0,0.0,5
KUL21,Normal,Epithelial cells,Goblet cells,GSE144735,0.0,0.10972190911599668,0.0,0.0,0.0,0.0,0.03579375872422553,0.015759416422082274,0.0,0.0,0.0,0.0,0.0,0.0,0.03133864217120233,0.0,0.0,0.0,0.0,0.0,0.22074912567060626,0.0,0.16825957623510093,0.0,0.0,0.26216914195154223,0.0,0.0,0.04682607001944567,0.0,0.013830388040591652,0.0,0.0,2.7763025882391448,0.023087011764712534,0.0,0.016244072180693004,0.0,0.011736734736332792,2.3046094470567953,0.0,1.1102373774295546,0.0,0.0,0.0,0.04134186922084051,0.0,0.031702442184407785,0.0,0.0,0.0,0.0,0.21790349168825685,0.0,0.052659820928026124,0.0,0.016244072180693004,0.0,0.06666666666666667,0.0,0.0,0.0,0.0,0.022222222222222223,0.022222222222222223,0.0,0.0,0.0,0.0,0.0,0.0,0.022222222222222223,0.0,0.0,0.0,0.0,0.0,0.2222222222222222,0.0,0.15555555555555556,0.0,0.0,0.2,0.0,0.0,0.06666666666666667,0.0,0.022222222222222223,0.0,0.0,0.9555555555555556,0.022222222222222223,0.0,0.022222222222222223,0.0,0.022222222222222223,0.8888888888888888,0.0,0.5777777777777777,0.0,0.0,0.0,0.044444444444444446,0.0,0.022222222222222223,0.0,0.0,0.0,0.0,0.15555555555555556,0.0,0.022222222222222223,0.0,0.022222222222222223,45
KUL21,Normal,Epithelial cells,Intermediate,GSE144735,0.0,0.019683271334097346,0.0,0.0,0.0,0.0,0.0,0.0,0.024330299671026078,0.0374175887993634,0.0,0.0,0.0,0.0,0.0,0.0,0.0,0.0,0.0,0.0,0.12302511755927899,0.0,0.19745644379791494,0.0,0.0,0.19974692834208072,0.0,0.0,0.014552338278027013,0.1291183425829387,0.0,0.0,0.0,4.421835486244938,0.0,0.0,0.0,0.0,0.0,2.318596190516704,0.017080286824632064,1.8359557085961575,0.0,0.0,0.0,0.0,0.0,0.0,0.0,0.0,0.0,0.0,0.39299026339237647,0.0,0.0,0.0,0.0,0.0,0.01020408163265306,0.0,0.0,0.0,0.0,0.0,0.0,0.01020408163265306,0.02040816326530612,0.0,0.0,0.0,0.0,0.0,0.0,0.0,0.0,0.0,0.0,0.061224489795918366,0.0,0.11224489795918367,0.0,0.0,0.10204081632653061,0.0,0.0,0.01020408163265306,0.08163265306122448,0.0,0.0,0.0,0.9897959183673469,0.0,0.0,0.0,0.0,0.0,0.8469387755102041,0.01020408163265306,0.6530612244897959,0.0,0.0,0.0,0.0,0.0,0.0,0.0,0.0,0.0,0.0,0.19387755102040816,0.0,0.0,0.0,0.0,98
KUL21,Normal,Epithelial cells,Mature Enterocytes,GSE144735,0.0,0.05082428412124455,0.0,0.0,0.0,0.0,0.0,0.0,0.06785383884501335,0.08020753277726148,0.05380438647184151,0.0,0.0,0.0,0.0,0.0,0.0,0.0,0.0,0.0,0.3326944789170641,0.0,0.0800858890726794,0.0,0.0,0.10125247096014678,0.0,0.0,0.0,0.08323166119889887,0.0,0.0,0.0,5.6644531101857805,0.0,0.0,0.0,0.0,0.0,3.5379073847106604,0.0,2.9802214574797063,0.0,0.0,0.0,0.1760727616527113,0.0,0.0,0.0,0.0,0.0,0.03326548786409353,0.6161591291002424,0.0,0.0,0.0,0.0,0.0,0.05405405405405406,0.0,0.0,0.0,0.0,0.0,0.0,0.02702702702702703,0.05405405405405406,0.02702702702702703,0.0,0.0,0.0,0.0,0.0,0.0,0.0,0.0,0.0,0.24324324324324326,0.0,0.08108108108108109,0.0,0.0,0.10810810810810811,0.0,0.0,0.0,0.05405405405405406,0.0,0.0,0.0,1.0,0.0,0.0,0.0,0.0,0.0,0.972972972972973,0.0,0.8378378378378378,0.0,0.0,0.0,0.16216216216216217,0.0,0.0,0.0,0.0,0.0,0.02702702702702703,0.3783783783783784,0.0,0.0,0.0,0.0,37
KUL21,Normal,Epithelial cells,Stem-like/TA,GSE144735,0.0,0.038006681661886914,0.0,0.007970589397173345,0.0,0.013374135278201391,0.0,0.0,0.014400123321727814,0.037062823962715305,0.010686320026010514,0.0,0.0,0.0,0.0,0.047618459376540564,0.0,0.0,0.0,0.0,0.4048416837142261,0.0,0.5411934539128364,0.0,0.0,0.200290750379994,0.0,0.0,0.09030294975029937,0.3202972099676159,0.02619787917705746,0.0,0.0,3.9368088271785173,0.0,0.0,0.0,0.01381407162638977,0.006213902246551488,2.670230210454311,0.0034647448775641794,2.1242172178665797,0.0,0.0,0.0,0.08076242438855534,0.0,0.0,0.0,0.0,0.0,0.020435236064409154,1.0103508641845456,0.0,0.0,0.0,0.0,0.0,0.06557377049180328,0.0,0.01639344262295082,0.0,0.01639344262295082,0.0,0.0,0.01639344262295082,0.03278688524590164,0.01639344262295082,0.0,0.0,0.0,0.0,0.11475409836065574,0.0,0.0,0.0,0.0,0.5245901639344263,0.0,0.6065573770491803,0.0,0.0,0.32786885245901637,0.0,0.0,0.16393442622950818,0.4426229508196721,0.06557377049180328,0.0,0.0,1.0,0.0,0.0,0.0,0.03278688524590164,0.01639344262295082,0.9836065573770492,0.01639344262295082,0.9836065573770492,0.0,0.0,0.0,0.16393442622950818,0.0,0.0,0.0,0.0,0.0,0.03278688524590164,0.819672131147541,0.0,0.0,0.0,0.0,61
KUL21,Normal,Epithelial cells,Tuft cells,GSE144735,0.0,0.0,0.0,0.0,0.0,0.0,0.0,0.0,0.0,0.0,0.0,0.0,0.0,0.0,0.0,0.0,0.0,0.0,0.0,0.0,0.0,0.0,0.0,0.0,0.0,0.961803820470148,0.0,0.0,0.0,0.0,0.0,0.0,0.0,3.5329924982298953,0.0,0.0,0.0,0.0,0.0,0.6926518208231092,0.0,0.6308856089062272,0.0,0.0,0.0,0.0,0.0,0.0,0.0,0.0,0.0,0.0,0.0,0.0,0.0,0.0,0.0,0.0,0.0,0.0,0.0,0.0,0.0,0.0,0.0,0.0,0.0,0.0,0.0,0.0,0.0,0.0,0.0,0.0,0.0,0.0,0.0,0.0,0.0,0.0,0.0,0.0,0.3333333333333333,0.0,0.0,0.0,0.0,0.0,0.0,0.0,1.0,0.0,0.0,0.0,0.0,0.0,0.3333333333333333,0.0,0.3333333333333333,0.0,0.0,0.0,0.0,0.0,0.0,0.0,0.0,0.0,0.0,0.0,0.0,0.0,0.0,0.0,3
KUL21,Normal,Mast cells,Mast cells,GSE144735,0.0,0.0,0.0,0.0,0.0,0.0,0.0,0.0,0.0,0.0,0.0,0.0,0.0,0.0,0.0,0.0,0.0,0.0,0.0,0.0,0.0,0.0,0.0,0.0,0.0,1.097724386104034,0.0,0.0,0.0,0.0,0.0,0.0,0.0,4.075778786028804,0.0,0.0,0.0,0.0,0.0,0.0,0.0,0.0,0.0,0.0,0.0,0.0,0.0,1.097724386104034,0.0,0.0,0.0,0.0,0.0,0.0,0.5687711317330996,0.0,0.0,0.0,0.0,0.0,0.0,0.0,0.0,0.0,0.0,0.0,0.0,0.0,0.0,0.0,0.0,0.0,0.0,0.0,0.0,0.0,0.0,0.0,0.0,0.0,0.0,0.0,0.5,0.0,0.0,0.0,0.0,0.0,0.0,0.0,1.0,0.0,0.0,0.0,0.0,0.0,0.0,0.0,0.0,0.0,0.0,0.0,0.0,0.0,0.5,0.0,0.0,0.0,0.0,0.0,0.0,0.5,0.0,0.0,2
KUL21,Normal,Myeloids,Anti-inflammatory,GSE144735,0.0,0.06578387487739479,0.0,0.0,0.0,0.0,0.0,0.0,0.0,0.0,0.024192073578921926,0.0,0.0,0.007383500642194647,0.0,0.5490731209704964,0.0,0.0,0.20394430580167427,0.5786562879445121,0.6958266088942535,0.05087023029927086,0.4523732132025713,0.0,0.0,1.2430984978643405,0.0,0.0,0.6768306807355242,0.0,0.0,0.0,0.0,4.271150564878357,0.4480065930039115,0.0,1.3902850606938595,0.0,0.0,0.6708273478046859,0.0,0.792035554934448,0.0,0.0,0.0,1.5999893605270283,0.0,0.3026906958546554,0.0,0.032747494227793446,0.0,0.04749178807850491,0.0,0.0,1.1051464540290432,0.0,0.0,0.0,0.05405405405405406,0.0,0.0,0.0,0.0,0.0,0.0,0.0,0.0,0.02702702702702703,0.0,0.0,0.02702702702702703,0.0,0.21621621621621623,0.0,0.0,0.08108108108108109,0.32432432432432434,0.40540540540540543,0.02702702702702703,0.2972972972972973,0.0,0.0,0.6486486486486487,0.0,0.0,0.4594594594594595,0.0,0.0,0.0,0.0,1.0,0.2702702702702703,0.0,0.7837837837837838,0.0,0.0,0.40540540540540543,0.0,0.3783783783783784,0.0,0.0,0.0,0.7837837837837838,0.0,0.1891891891891892,0.0,0.02702702702702703,0.0,0.02702702702702703,0.0,0.0,0.40540540540540543,0.0,0.0,37
KUL21,Normal,Myeloids,Pro-inflammatory,GSE144735,0.0,0.27823317009375614,0.0,0.0,0.0,0.0,0.0,0.0,0.0,0.0,0.0,0.0,0.0,0.027187991376359803,0.0,0.5694240978232352,0.0,0.0,0.0,0.44331531400045676,1.112734035973847,0.21279181663912386,1.2268203189840823,0.11604701292000412,0.13018253475731126,1.6674274917086036,0.0,0.0,0.6255240712154719,0.0,0.03013473516029993,0.0,0.0,4.486606519318362,0.0,0.0,0.7995536098789089,0.0,0.0,0.5908530777059555,0.0,2.2247630121514317,0.0,0.05960081947675627,0.0,1.1134875833084457,0.0,0.0,0.0,0.0,0.0,0.0,0.09492814798341023,0.0,0.05341302687071052,0.0,0.043821088230546736,0.0,0.1935483870967742,0.0,0.0,0.0,0.0,0.0,0.0,0.0,0.0,0.0,0.0,0.0,0.03225806451612903,0.0,0.25806451612903225,0.0,0.0,0.0,0.2903225806451613,0.5806451612903226,0.12903225806451613,0.5806451612903226,0.06451612903225806,0.06451612903225806,0.7741935483870968,0.0,0.0,0.3870967741935484,0.0,0.03225806451612903,0.0,0.0,1.0,0.0,0.0,0.4838709677419355,0.0,0.0,0.3870967741935484,0.0,0.7741935483870968,0.0,0.03225806451612903,0.0,0.6451612903225806,0.0,0.0,0.0,0.0,0.0,0.0,0.06451612903225806,0.0,0.03225806451612903,0.0,0.03225806451612903,31
KUL21,Normal,Myeloids,Proliferating,GSE144735,0.0,0.24419284131702096,0.0,0.0,0.0,0.0,0.0,0.0,0.0,0.0,0.0,0.0,0.0,0.0,0.0,0.0,0.0,0.0,0.0,0.24419284131702096,0.24419284131702096,0.0,0.4075422406768751,0.0,0.0,0.8327512658824991,0.0,0.0,0.0,0.0,0.0,0.0,0.0,4.180137474243507,0.6868741809633233,0.0,1.1232515357709045,0.0,0.0,2.4344196738365933,0.0,0.0,0.0,0.0,0.0,2.7126950662570835,0.0,0.0,0.0,0.0,0.0,0.0,0.0,0.0,1.5355238932159503,0.0,0.5885584245654781,0.0,0.5,0.0,0.0,0.0,0.0,0.0,0.0,0.0,0.0,0.0,0.0,0.0,0.0,0.0,0.0,0.0,0.0,0.0,0.5,0.5,0.0,0.5,0.0,0.0,1.0,0.0,0.0,0.0,0.0,0.0,0.0,0.0,1.0,1.0,0.0,1.0,0.0,0.0,1.0,0.0,0.0,0.0,0.0,0.0,1.0,0.0,0.0,0.0,0.0,0.0,0.0,0.0,0.0,1.0,0.0,0.5,2
KUL21,Normal,Myeloids,Unknown,GSE144735,0.0,0.0,0.0,0.0,0.0,0.0,0.0,0.0,0.0,0.0,0.0,0.0,0.0,0.0,0.0,0.0,0.0,0.0,0.0,0.0,0.0,0.0,0.6419195953306291,0.0,0.0,1.056382662393536,0.0,0.0,0.0,0.0,0.0,0.0,0.0,5.261155597304826,0.0,0.0,0.23480400443003263,0.0,0.0,1.8031808612456683,0.0,0.0,0.0,0.0,0.0,0.8926497485535927,0.0,0.0,0.0,0.0,0.0,0.0,0.0,0.0,0.5325075563216151,0.0,0.4070619199015052,0.0,0.0,0.0,0.0,0.0,0.0,0.0,0.0,0.0,0.0,0.0,0.0,0.0,0.0,0.0,0.0,0.0,0.0,0.0,0.0,0.0,0.0,0.25,0.0,0.0,0.5,0.0,0.0,0.0,0.0,0.0,0.0,0.0,1.0,0.0,0.0,0.125,0.0,0.0,0.625,0.0,0.0,0.0,0.0,0.0,0.375,0.0,0.0,0.0,0.0,0.0,0.0,0.0,0.0,0.25,0.0,0.125,8
KUL21,Normal,Myeloids,cDC,GSE144735,0.056344680000672456,0.3244654008903474,0.0,0.0,0.0,0.0,0.0,0.0,0.0,0.0,0.0,0.0,0.0,0.0,0.0,0.13605917558992153,0.0,0.0,0.0,0.04605700581832143,0.12229399543536063,0.06124649812698134,0.3419930595868928,0.0,0.0,1.6092090582139804,0.0,0.0,0.49198621276323057,0.0,0.0,0.0,0.0,3.9776824143214413,0.059159149139282004,0.0,0.3047500285957467,0.0,0.0,0.8559025810163287,0.0,1.199096898839922,0.0,0.0,0.0,1.0165757106885158,0.0,0.06033796418024707,0.0,0.0,0.0,0.0,0.0,0.0,0.12047814392768698,0.0,0.42024135148487207,0.06666666666666667,0.4,0.0,0.0,0.0,0.0,0.0,0.0,0.0,0.0,0.0,0.0,0.0,0.0,0.0,0.13333333333333333,0.0,0.0,0.0,0.06666666666666667,0.13333333333333333,0.06666666666666667,0.4,0.0,0.0,1.0,0.0,0.0,0.4,0.0,0.0,0.0,0.0,1.0,0.06666666666666667,0.0,0.26666666666666666,0.0,0.0,0.8,0.0,0.7333333333333333,0.0,0.0,0.0,0.8,0.0,0.06666666666666667,0.0,0.0,0.0,0.0,0.0,0.0,0.13333333333333333,0.0,0.3333333333333333,15
KUL21,Normal,Stromal cells,Enteric glial cells,GSE144735,0.0,0.7516094209171651,0.0,0.0,0.0,0.0,0.0,0.0,0.39028320258596716,0.7516094209171651,0.8052641633527736,0.32604762846977137,0.0,0.0,0.0,0.0,0.0,0.0,2.1701555839703017,0.0,0.0,0.0,0.0,0.0,0.0,0.929156460036593,2.064748806917158,0.0,0.0,0.0,0.0,0.0,0.0,4.026889292853711,0.0,0.0,0.0,0.0,0.0,0.39028320258596716,0.0,3.5120643333342585,0.0,0.0,0.0,0.0,0.0,0.6487569364497032,0.0,0.0,0.0,1.4330634475089403,0.0,0.0,0.39028320258596716,0.32604762846977137,3.484199613866668,0.0,0.4,0.0,0.0,0.0,0.0,0.0,0.0,0.2,0.4,0.4,0.2,0.0,0.0,0.0,0.0,0.0,0.0,0.8,0.0,0.0,0.0,0.0,0.0,0.0,0.4,0.8,0.0,0.0,0.0,0.0,0.0,0.0,1.0,0.0,0.0,0.0,0.0,0.0,0.2,0.0,1.0,0.0,0.0,0.0,0.0,0.0,0.2,0.0,0.0,0.0,0.6,0.0,0.0,0.2,0.2,1.0,5
KUL21,Normal,Stromal cells,Lymphatic ECs,GSE144735,0.0,0.0,0.0,0.0,0.0,0.0,0.0,0.0,0.0,2.4267929412568976,0.0,0.0,0.0,0.0,0.0,0.0,0.0,0.0,0.0,0.0,0.0,0.0,0.0,0.0,0.0,1.396729192503585,0.0,0.0,0.7434639356672396,0.0,0.0,0.0,0.0,3.7450806008584445,0.0,0.0,0.0,0.0,0.0,1.3437175966233514,0.0,2.619218459455138,0.0,0.0,0.0,0.0,0.0,1.0798600909388825,0.0,0.0,0.0,0.0,0.0,0.0,0.0,0.0,0.0,0.0,0.0,0.0,0.0,0.0,0.0,0.0,0.0,0.0,1.0,0.0,0.0,0.0,0.0,0.0,0.0,0.0,0.0,0.0,0.0,0.0,0.0,0.0,0.0,0.0,0.5,0.0,0.0,0.5,0.0,0.0,0.0,0.0,1.0,0.0,0.0,0.0,0.0,0.0,0.5,0.0,1.0,0.0,0.0,0.0,0.0,0.0,0.5,0.0,0.0,0.0,0.0,0.0,0.0,0.0,0.0,0.0,2
KUL21,Normal,Stromal cells,Myofibroblasts,GSE144735,0.0,0.0,0.0,0.0,0.0,0.0,0.0,0.0,0.7938967936407312,2.4750024437500726,0.0,0.0,0.0,0.0,0.0,0.0,0.0,0.0,0.0,0.0,0.0,0.0,0.0,0.0,0.0,2.83600464705397,0.0,0.0,0.0,0.0,0.0,0.0,0.0,3.7936611979133197,0.0,0.0,0.0,0.0,0.0,0.7938967936407312,0.0,0.7782977787422345,0.0,0.0,0.0,0.0,0.0,0.0,0.0,0.0,0.0,0.7938967936407312,0.0,0.0,0.0,0.0,0.0,0.0,0.0,0.0,0.0,0.0,0.0,0.0,0.0,0.3333333333333333,1.0,0.0,0.0,0.0,0.0,0.0,0.0,0.0,0.0,0.0,0.0,0.0,0.0,0.0,0.0,0.0,1.0,0.0,0.0,0.0,0.0,0.0,0.0,0.0,1.0,0.0,0.0,0.0,0.0,0.0,0.3333333333333333,0.0,0.3333333333333333,0.0,0.0,0.0,0.0,0.0,0.0,0.0,0.0,0.0,0.3333333333333333,0.0,0.0,0.0,0.0,0.0,3
KUL21,Normal,Stromal cells,Pericytes,GSE144735,0.0,0.0,0.0,0.0,0.5694453960181852,0.0,0.0,0.0,1.8696496984591953,0.26153069600603546,0.0,0.0,0.0,0.0,0.0,0.0,0.0,0.0,0.0,0.0,0.22584833877708438,0.0,0.0,0.0,2.0022569490255537,0.9920191649191139,0.0,0.0,0.8811088469037991,0.0,0.5035176077509358,0.0,0.0,3.4165797269836555,0.7632250461457358,0.0,0.0,0.0,0.0,0.0,0.0,2.7079958914139715,0.0,0.0,0.0,0.0,0.0,1.1660168347805069,0.0,0.0,0.0,0.8827344633361183,0.0,0.0,0.0,0.0,0.0,0.0,0.0,0.0,0.0,0.2857142857142857,0.0,0.0,0.0,0.7142857142857143,0.14285714285714285,0.0,0.0,0.0,0.0,0.0,0.0,0.0,0.0,0.0,0.0,0.14285714285714285,0.0,0.0,0.0,0.7142857142857143,0.42857142857142855,0.0,0.0,0.42857142857142855,0.0,0.2857142857142857,0.0,0.0,1.0,0.42857142857142855,0.0,0.0,0.0,0.0,0.0,0.0,0.7142857142857143,0.0,0.0,0.0,0.0,0.0,0.2857142857142857,0.0,0.0,0.0,0.42857142857142855,0.0,0.0,0.0,0.0,0.0,7
KUL21,Normal,Stromal cells,Smooth muscle cells,GSE144735,0.0,0.4551959588536039,0.0,0.0,0.31250866892619267,0.0,0.0,0.0,0.7208500588136064,0.8423357786971253,0.0,0.0,0.0,0.0,0.0,0.0,0.0,0.0,0.0,0.0,0.0,0.0,0.13780630066578745,0.0,0.0,1.3972220435177698,0.0,0.0,0.34691630383549676,0.0,0.0,0.0,0.0,2.8529807521167454,0.11431796200574768,0.0,0.0,0.0,0.11431796200574768,0.19713269463500135,0.0,1.764660452602479,0.0,0.0,0.0,0.0,0.0,0.1902676950094872,0.0,0.0,0.0,0.6295152112239017,0.0,0.0,0.0,0.0,0.0,0.0,0.3076923076923077,0.0,0.0,0.23076923076923078,0.0,0.0,0.0,0.38461538461538464,0.38461538461538464,0.0,0.0,0.0,0.0,0.0,0.0,0.0,0.0,0.0,0.0,0.0,0.0,0.15384615384615385,0.0,0.0,0.6923076923076923,0.0,0.0,0.15384615384615385,0.0,0.0,0.0,0.0,0.9230769230769231,0.07692307692307693,0.0,0.0,0.0,0.07692307692307693,0.15384615384615385,0.0,0.5384615384615384,0.0,0.0,0.0,0.0,0.0,0.07692307692307693,0.0,0.0,0.0,0.38461538461538464,0.0,0.0,0.0,0.0,0.0,13
KUL21,Normal,Stromal cells,Stalk-like ECs,GSE144735,0.0,0.2693415215864549,0.0,0.0,0.0,0.0,0.0,0.0,0.0,0.0,0.5935324182862055,0.0,0.0,0.0,0.0,0.0,0.0,0.0,0.0,0.0,0.0,0.0,0.0,0.0,0.0,0.41634185927461914,0.0,0.0,0.0,0.0,0.0,0.0,0.0,2.582580852672758,0.0,0.0,0.0,0.0,0.0,0.41634185927461914,0.0,3.458606653421864,0.0,0.0,0.0,0.0,0.0,0.0,0.0,0.0,0.9681692608455124,0.0,0.0,0.0,0.0,0.0,0.0,0.0,0.3333333333333333,0.0,0.0,0.0,0.0,0.0,0.0,0.0,0.0,0.3333333333333333,0.0,0.0,0.0,0.0,0.0,0.0,0.0,0.0,0.0,0.0,0.0,0.0,0.0,0.0,0.3333333333333333,0.0,0.0,0.0,0.0,0.0,0.0,0.0,1.0,0.0,0.0,0.0,0.0,0.0,0.3333333333333333,0.0,1.0,0.0,0.0,0.0,0.0,0.0,0.0,0.0,0.0,0.3333333333333333,0.0,0.0,0.0,0.0,0.0,0.0,3
KUL21,Normal,Stromal cells,Stromal 1,GSE144735,0.0,0.08299191823935276,0.0,0.0,0.5742409061928275,0.0,0.0,0.0,2.7939212950920123,3.006041415368355,0.3990762365929983,0.0,0.8531518626701617,0.0,0.26371373391464176,0.0,0.0,0.0,0.0,0.0,0.16536944761614794,0.0,0.18380416882525838,0.0,0.0,1.6097562085649122,0.0,0.0,0.2933783447836161,0.0,0.23763683466399435,0.0,0.0,3.705429332726721,1.3620757730809263,0.0,0.0,0.0,0.0,0.4932883015052454,0.0,1.1530562424678097,0.0,0.0,0.0,0.0,0.0,1.6027793306237461,0.0,0.47406686473605464,0.0,2.0299777193424795,0.0,0.0,3.004238195086243,0.0,0.0,0.0,0.05555555555555555,0.0,0.0,0.3333333333333333,0.0,0.0,0.0,0.8888888888888888,1.0,0.16666666666666666,0.0,0.5,0.0,0.05555555555555555,0.0,0.0,0.0,0.0,0.0,0.05555555555555555,0.0,0.1111111111111111,0.0,0.0,0.6666666666666666,0.0,0.0,0.16666666666666666,0.0,0.1111111111111111,0.0,0.0,0.9444444444444444,0.5555555555555556,0.0,0.0,0.0,0.0,0.2777777777777778,0.0,0.3888888888888889,0.0,0.0,0.0,0.0,0.0,0.6666666666666666,0.0,0.16666666666666666,0.0,0.7777777777777778,0.0,0.0,0.8888888888888888,0.0,0.0,18
KUL21,Normal,Stromal cells,Stromal 2,GSE144735,0.0,0.3938072891764739,0.36786122531838306,0.2944407490099039,0.16176798133105968,0.0,0.0,0.0,3.1734266912591194,0.188571121061523,0.0,0.0,0.0,0.0,0.0,0.0,0.0,0.0,0.0,0.0,0.0,0.0,0.16176798133105968,0.0,0.0,2.6734359927315023,0.0,0.0,0.7123783433225883,0.0,0.2471358111343679,0.0,0.0,2.8531004569332667,1.0186573670546393,0.0,0.0,0.0,0.14682510377805896,1.1787856559001277,0.0,1.9079742206861863,0.0,0.0,0.0,0.0,0.0,0.0,0.0,0.0,0.0,2.640538689514142,0.0,0.0,1.0093708767372556,0.0,0.0,0.0,0.2222222222222222,0.2222222222222222,0.1111111111111111,0.1111111111111111,0.0,0.0,0.0,1.0,0.1111111111111111,0.0,0.0,0.0,0.0,0.0,0.0,0.0,0.0,0.0,0.0,0.0,0.0,0.1111111111111111,0.0,0.0,0.8888888888888888,0.0,0.0,0.3333333333333333,0.0,0.1111111111111111,0.0,0.0,0.8888888888888888,0.4444444444444444,0.0,0.0,0.0,0.1111111111111111,0.6666666666666666,0.0,0.8888888888888888,0.0,0.0,0.0,0.0,0.0,0.0,0.0,0.0,0.0,1.0,0.0,0.0,0.3333333333333333,0.0,0.0,9
KUL21,Normal,Stromal cells,Stromal 3,GSE144735,0.0,0.25025532514932985,0.0,0.0,0.2667696217421113,0.0,0.027959725440780493,0.10013195164551669,2.490899820965541,2.2462410363645287,1.4711908319333662,0.12869490325771413,0.4234239872665287,0.36751802092444497,0.0,0.0,0.0,0.049017612053822324,0.0,0.016129524284990367,0.02354918827458418,0.0,0.3751779225696038,0.0,0.09576059795237396,3.237535101630238,0.0,0.0,0.4911430137874083,0.0,0.14820987573636193,0.0,0.0,3.8855546381242183,2.099517880297012,0.0,0.014037881180407283,0.0,0.0,1.264892980855096,0.0,1.3820706896700201,0.06124472383907149,0.0,0.0,0.247309305574062,0.0,0.4651439979749215,0.0,0.821432718639889,0.0,2.2724577256293244,1.022433504441904,0.0,0.6927309289266824,0.0,0.0,0.0,0.22580645161290322,0.0,0.0,0.21505376344086022,0.0,0.021505376344086023,0.07526881720430108,0.9354838709677419,0.8709677419354839,0.6666666666666666,0.0967741935483871,0.25806451612903225,0.25806451612903225,0.0,0.0,0.0,0.010752688172043012,0.0,0.010752688172043012,0.021505376344086023,0.0,0.23655913978494625,0.0,0.06451612903225806,0.989247311827957,0.0,0.0,0.3225806451612903,0.0,0.10752688172043011,0.0,0.0,0.978494623655914,0.8387096774193549,0.0,0.010752688172043012,0.0,0.0,0.6989247311827957,0.0,0.6451612903225806,0.043010752688172046,0.0,0.0,0.20430107526881722,0.0,0.20430107526881722,0.0,0.24731182795698925,0.0,0.8279569892473119,0.3978494623655914,0.0,0.26881720430107525,0.0,0.0,93
KUL21,Normal,Stromal cells,Tip-like ECs,GSE144735,0.0,0.1174679709375065,0.0,0.0,0.3298830859715376,0.0,0.0,0.0,0.25838999017246955,0.33164604200197095,0.0,0.0,0.7273623786881053,0.0,0.0,0.47703864818343894,0.0,0.0,0.0,0.0,0.0,0.0,0.0,0.3053776307022365,0.0,1.2014487780082075,0.0,0.0,0.0,0.0,0.2248898630809401,0.0,0.0,2.7597875571934147,1.5871690355586527,0.0,0.0,0.0,0.0,0.28101727973622,0.0,2.257236116950908,0.0,0.0,0.0,0.0,0.0,0.4216259243141158,0.0,0.0,0.0,0.1174679709375065,0.0,0.0,0.1174679709375065,0.0,0.0,0.0,0.14285714285714285,0.0,0.0,0.14285714285714285,0.0,0.0,0.0,0.14285714285714285,0.14285714285714285,0.0,0.0,0.2857142857142857,0.0,0.0,0.14285714285714285,0.0,0.0,0.0,0.0,0.0,0.0,0.0,0.14285714285714285,0.0,0.5714285714285714,0.0,0.0,0.0,0.0,0.14285714285714285,0.0,0.0,0.8571428571428571,0.5714285714285714,0.0,0.0,0.0,0.0,0.14285714285714285,0.0,0.7142857142857143,0.0,0.0,0.0,0.0,0.0,0.14285714285714285,0.0,0.0,0.0,0.14285714285714285,0.0,0.0,0.14285714285714285,0.0,0.0,7
KUL21,Normal,T cells,CD4+ T cells,GSE144735,0.0,0.2921540147558407,0.04457712804179647,0.0,0.0,0.11590225519793024,0.08827194291112173,0.0,0.007034726151476547,0.012034773491705236,0.0,0.0,0.0,0.0,0.0,0.004952319529157182,0.0,0.0,0.01973625274896821,0.0,0.06385562201133826,0.0,0.10979856525965066,0.0,0.021534184176518686,0.46824701466691326,0.0,0.0,0.014041144282746599,0.0,0.16598964467027383,0.0,0.0,2.777278604470468,0.010752447745344715,0.1144212428525052,0.0,0.03224589482226532,0.019638679568647385,0.28274156787459437,0.0,0.5481538927359477,0.0,0.0,0.0,0.0,0.0,0.0048028521682428466,0.0,0.0,0.0,0.012616979708540312,0.0,0.0,0.0,0.0,0.0,0.0,0.15946843853820597,0.023255813953488372,0.0,0.0,0.0664451827242525,0.04318936877076412,0.0,0.0033222591362126247,0.006644518272425249,0.0,0.0,0.0,0.0,0.0,0.0033222591362126247,0.0,0.0,0.009966777408637873,0.0,0.036544850498338874,0.0,0.06312292358803986,0.0,0.013289036544850499,0.24916943521594684,0.0,0.0,0.006644518272425249,0.0,0.09634551495016612,0.0,0.0,0.9634551495016611,0.006644518272425249,0.06312292358803986,0.0,0.016611295681063124,0.009966777408637873,0.15282392026578073,0.0,0.292358803986711,0.0,0.0,0.0,0.0,0.0,0.0033222591362126247,0.0,0.0,0.0,0.006644518272425249,0.0,0.0,0.0,0.0,0.0,301
KUL21,Normal,T cells,CD8+ T cells,GSE144735,0.0,0.18113108814519488,0.07778416855226145,0.0,0.0,1.5435491388733786,1.555787833940148,0.0,0.0,0.0,0.01952489498376811,0.0,0.0,0.0,0.0,0.0,0.0,0.0,0.0,0.0,0.01598349663870346,0.0,0.1490900650329387,0.0,0.016861072197738868,0.13562518859987346,0.019660102903927477,0.0,0.01593967964781581,0.0,0.1852379378829178,0.0,0.0,2.6545925460088085,0.01647252497225191,0.7275992959854068,0.0,0.44210264562057794,0.7306284235138848,0.4791903749737043,0.0,0.6783989778504521,0.0,0.0,0.0,0.03459801821267443,0.0,0.0,0.0,0.0,0.0,0.01909221784351074,0.017953334293255383,0.0,0.016491443095327796,0.0,0.0,0.0,0.09473684210526316,0.042105263157894736,0.0,0.0,0.6842105263157895,0.7052631578947368,0.0,0.0,0.0,0.010526315789473684,0.0,0.0,0.0,0.0,0.0,0.0,0.0,0.0,0.0,0.010526315789473684,0.0,0.08421052631578947,0.0,0.010526315789473684,0.07368421052631578,0.010526315789473684,0.0,0.010526315789473684,0.0,0.10526315789473684,0.0,0.0,0.9578947368421052,0.010526315789473684,0.35789473684210527,0.0,0.16842105263157894,0.3368421052631579,0.2631578947368421,0.0,0.3473684210526316,0.0,0.0,0.0,0.021052631578947368,0.0,0.0,0.0,0.0,0.0,0.010526315789473684,0.010526315789473684,0.0,0.010526315789473684,0.0,0.0,95
KUL21,Normal,T cells,NK cells,GSE144735,0.0,0.23849739307286483,0.20454509649380467,0.0,0.0,0.4930844587024435,0.16887173332110006,0.0,0.0,0.0,0.0,0.0,0.0,0.0,0.0,0.0,0.0,0.0,0.0,0.0,0.1263688460326932,0.0,0.0,0.0,0.0,0.4461067061578992,0.0,0.0,0.1263688460326932,0.0,0.13504812745447498,0.0,0.0,2.6576018857618466,0.0,2.2455275260194894,0.0,0.30391470715086655,2.3784836905335056,0.06895418998088929,0.0,0.7272236893216597,0.0,0.0,0.0,0.0,0.0,0.09060209123848648,0.0,0.0,0.0,0.0,0.0,0.0,0.0,0.0,0.09394549908740349,0.0,0.11764705882352941,0.11764705882352941,0.0,0.0,0.23529411764705882,0.11764705882352941,0.0,0.0,0.0,0.0,0.0,0.0,0.0,0.0,0.0,0.0,0.0,0.0,0.0,0.058823529411764705,0.0,0.0,0.0,0.0,0.23529411764705882,0.0,0.0,0.058823529411764705,0.0,0.058823529411764705,0.0,0.0,0.9411764705882353,0.0,0.8235294117647058,0.0,0.17647058823529413,0.7647058823529411,0.058823529411764705,0.0,0.35294117647058826,0.0,0.0,0.0,0.0,0.0,0.058823529411764705,0.0,0.0,0.0,0.0,0.0,0.0,0.0,0.0,0.058823529411764705,17
KUL21,Normal,T cells,Regulatory T cells,GSE144735,0.0,1.8971295190931896,0.0,0.0,0.0,0.0,0.0,0.0,0.0,0.0,0.0,0.0,0.0,0.0,0.0,0.0,0.0,0.0,0.35641219529392154,0.0,0.0,0.0,0.0,0.0,0.0,0.0,0.0,0.0,0.0,0.0,0.31031892473551154,0.0,0.0,3.0067868567118374,0.0,0.0,0.0,0.0,0.0,0.0,0.0,0.9949892031615032,0.0,0.0,0.0,0.31031892473551154,0.0,0.0,0.0,0.0,0.0,0.0,0.0,0.0,0.0,0.0,0.0,0.0,1.0,0.0,0.0,0.0,0.0,0.0,0.0,0.0,0.0,0.0,0.0,0.0,0.0,0.0,0.0,0.0,0.0,0.25,0.0,0.0,0.0,0.0,0.0,0.0,0.0,0.0,0.0,0.0,0.0,0.25,0.0,0.0,1.0,0.0,0.0,0.0,0.0,0.0,0.0,0.0,0.5,0.0,0.0,0.0,0.25,0.0,0.0,0.0,0.0,0.0,0.0,0.0,0.0,0.0,0.0,0.0,4
KUL21,Normal,T cells,T follicular helper cells,GSE144735,0.0,0.19004171449034035,0.0,0.0,0.0,0.0,0.2151711560207218,0.0,0.0,0.0,0.0,0.0,0.0,0.0,0.0,0.0,0.0,0.0,0.0,0.0,0.0,0.0,0.16524365356380727,0.0,0.0,0.0,0.0,0.0,0.0,0.0,0.13889898191311406,0.0,0.0,2.844714136570127,0.0,0.3285359354506419,0.0,0.5670051613869693,0.0,0.13889898191311406,0.0,1.809591973074574,0.0,0.0,0.0,0.0,0.0,0.0,0.0,0.0,0.0,0.0,0.0,0.0,0.0,0.0,0.0,0.0,0.1111111111111111,0.0,0.0,0.0,0.0,0.1111111111111111,0.0,0.0,0.0,0.0,0.0,0.0,0.0,0.0,0.0,0.0,0.0,0.0,0.0,0.0,0.0,0.1111111111111111,0.0,0.0,0.0,0.0,0.0,0.0,0.0,0.1111111111111111,0.0,0.0,1.0,0.0,0.2222222222222222,0.0,0.2222222222222222,0.0,0.1111111111111111,0.0,0.7777777777777778,0.0,0.0,0.0,0.0,0.0,0.0,0.0,0.0,0.0,0.0,0.0,0.0,0.0,0.0,0.0,9
KUL21,Normal,T cells,T helper 17 cells,GSE144735,0.0,0.22686093073222932,0.0,0.0,0.0,0.30267709738947596,0.5816208237260282,0.0,0.0,0.0,0.0,0.0,0.0,0.0,0.0,0.0,0.0,0.0,0.0,0.0,0.0,0.0,0.4756463070818246,0.0,0.0,0.4740661619994104,0.0,0.0,0.0,0.0,0.22528078564981507,0.0,0.0,2.7761662572133265,0.0,0.29598086824306025,0.0,0.0,0.0,0.24878537634959527,0.0,0.22686093073222932,0.0,0.0,0.0,0.0,0.0,0.0,0.0,0.0,0.0,0.0,0.0,0.0,0.24878537634959527,0.0,0.0,0.0,0.14285714285714285,0.0,0.0,0.0,0.14285714285714285,0.2857142857142857,0.0,0.0,0.0,0.0,0.0,0.0,0.0,0.0,0.0,0.0,0.0,0.0,0.0,0.0,0.0,0.2857142857142857,0.0,0.0,0.2857142857142857,0.0,0.0,0.0,0.0,0.14285714285714285,0.0,0.0,1.0,0.0,0.14285714285714285,0.0,0.0,0.0,0.14285714285714285,0.0,0.14285714285714285,0.0,0.0,0.0,0.0,0.0,0.0,0.0,0.0,0.0,0.0,0.0,0.0,0.14285714285714285,0.0,0.0,7
KUL21,Normal,T cells,gamma delta T cells,GSE144735,0.0,0.3409618995492866,0.04443835073467371,0.0,0.0,0.7494845173966,0.36738462593075616,0.0,0.0,0.029905727415874127,0.0,0.0,0.0,0.0,0.0,0.0,0.0,0.0,0.0,0.0,0.018937940761024955,0.0,0.13031385724904668,0.0,0.021744837692066813,0.4015575212549807,0.0,0.0,0.10859462145084958,0.0,0.12434332938251054,0.0,0.0,2.589975800072004,0.0,1.3369257110105393,0.0,0.15439010995882937,1.2278372789317993,0.22262618349183,0.0,0.1305227565247818,0.0,0.0,0.0,0.024145633755183662,0.0,0.022919574280263665,0.0,0.0,0.0,0.020511832419786342,0.0,0.0,0.0,0.0,0.022214999116544263,0.0,0.21621621621621623,0.02702702702702703,0.0,0.0,0.35135135135135137,0.21621621621621623,0.0,0.0,0.013513513513513514,0.0,0.0,0.0,0.0,0.0,0.0,0.0,0.0,0.0,0.0,0.013513513513513514,0.0,0.08108108108108109,0.0,0.013513513513513514,0.24324324324324326,0.0,0.0,0.06756756756756757,0.0,0.08108108108108109,0.0,0.0,0.9594594594594594,0.0,0.6351351351351351,0.0,0.08108108108108109,0.5945945945945946,0.13513513513513514,0.0,0.08108108108108109,0.0,0.0,0.0,0.013513513513513514,0.0,0.013513513513513514,0.0,0.0,0.0,0.013513513513513514,0.0,0.0,0.0,0.0,0.013513513513513514,74
KUL21,Tumor,B cells,CD19+CD20+ B,GSE144735,0.0,0.11037111191188191,0.09231427451311851,0.0,0.0,0.0,0.0,0.0,0.9290274677226975,0.1739917799725711,0.0,0.0,0.0,0.0,0.2907397129040753,0.0,0.0,0.0,0.186191677100089,0.0,0.11500269637317942,0.0,0.0,0.0,0.0,0.7213351568681285,0.0,0.0,0.0,0.08167750545945257,0.2898078126843887,0.0,0.0,3.277145397863838,0.0,0.0,0.0,0.0,0.0,0.0,0.0,0.604804421205356,0.0,0.0,0.0,0.076071578111009,0.0,0.0,0.0,0.0,0.0,0.9961155133321713,0.0,0.0,0.08496573075507217,0.0,0.0,0.0,0.05555555555555555,0.05555555555555555,0.0,0.0,0.0,0.0,0.0,0.5,0.1111111111111111,0.0,0.0,0.0,0.0,0.16666666666666666,0.0,0.0,0.0,0.1111111111111111,0.0,0.05555555555555555,0.0,0.0,0.0,0.0,0.3888888888888889,0.0,0.0,0.0,0.05555555555555555,0.16666666666666666,0.0,0.0,1.0,0.0,0.0,0.0,0.0,0.0,0.0,0.0,0.3333333333333333,0.0,0.0,0.0,0.05555555555555555,0.0,0.0,0.0,0.0,0.0,0.5,0.0,0.0,0.05555555555555555,0.0,0.0,18
KUL21,Tumor,B cells,IgG+ Plasma,GSE144735,0.0,0.043641397130202264,0.05414316831539156,0.012858039755836584,0.007280728309108371,0.0,0.0,0.02912724439333683,1.2838268778158217,0.48802974223299256,0.045694451046678956,0.0,0.0,0.033378608262534616,0.13749388897555262,0.0053958489630908085,0.0,0.0034763180535831288,0.46376412677807505,0.0,0.2779591438507675,0.019580820419183964,0.27014802325300336,0.02069636649815523,0.011495772795476505,0.8387073641646983,0.0,0.0,0.0035984568634666687,0.46622318433355076,0.026235973899557962,0.0,0.012159708425147943,2.489391151375086,0.004596568268724981,0.031339199230632137,0.0,0.0,0.1013613666152039,0.38189587796059205,0.006200783389891439,0.7344609322261043,0.0,0.0,0.0,0.07101064639290022,0.0,0.10504428637305714,0.0,0.020322714147009507,0.006319749266807548,1.391826457945861,0.10416775263058338,0.0,0.3468653459809579,0.0,0.0,0.0,0.06578947368421052,0.07894736842105263,0.02631578947368421,0.013157894736842105,0.0,0.0,0.05263157894736842,0.9473684210526315,0.631578947368421,0.07894736842105263,0.0,0.0,0.06578947368421052,0.2631578947368421,0.013157894736842105,0.0,0.013157894736842105,0.5789473684210527,0.0,0.3815789473684211,0.039473684210526314,0.35526315789473684,0.02631578947368421,0.02631578947368421,0.8421052631578947,0.0,0.0,0.013157894736842105,0.6052631578947368,0.039473684210526314,0.0,0.02631578947368421,1.0,0.013157894736842105,0.05263157894736842,0.0,0.0,0.14473684210526316,0.5263157894736842,0.013157894736842105,0.7894736842105263,0.0,0.0,0.0,0.11842105263157894,0.0,0.15789473684210525,0.0,0.039473684210526314,0.013157894736842105,0.9605263157894737,0.21052631578947367,0.0,0.5,0.0,0.0,76
KUL21,Tumor,B cells,Unknown,GSE144735,0.0,0.0,0.0,1.232255002114295,0.0,0.0,0.0,0.0,1.232255002114295,0.0,0.0,0.0,0.0,0.0,0.0,0.0,0.0,0.0,0.0,0.0,0.0,0.0,1.232255002114295,0.0,0.0,1.232255002114295,0.0,0.0,0.0,0.0,0.0,0.0,0.0,3.129413946360256,0.0,0.0,0.0,0.0,4.040696247611585,0.0,0.0,1.232255002114295,0.0,0.0,0.0,1.767792243226166,0.0,0.0,0.0,0.0,0.0,0.0,0.0,0.0,1.232255002114295,0.0,0.0,0.0,0.0,0.0,1.0,0.0,0.0,0.0,0.0,1.0,0.0,0.0,0.0,0.0,0.0,0.0,0.0,0.0,0.0,0.0,0.0,0.0,0.0,1.0,0.0,0.0,1.0,0.0,0.0,0.0,0.0,0.0,0.0,0.0,1.0,0.0,0.0,0.0,0.0,1.0,0.0,0.0,1.0,0.0,0.0,0.0,1.0,0.0,0.0,0.0,0.0,0.0,0.0,0.0,0.0,1.0,0.0,0.0,1
KUL21,Tumor,B cells,Unspecified Plasma,GSE144735,0.0,0.09318948693588468,0.0,0.0,0.0,0.0,0.0,0.0,0.46719690755743365,0.09318948693588468,0.0,0.0,0.0,0.0,0.0,0.0,0.0,0.0,0.0,0.0,0.13135141511770146,0.0,0.14802308542519194,0.0,0.0,0.7049465403486613,0.0,0.0,0.14802308542519194,0.25859393236634637,0.13135141511770146,0.0,0.0,2.31689680056427,0.0,0.0,0.0,0.0,0.0,0.09318948693588468,0.0,0.552898984777457,0.0,0.0,0.0,0.0,0.0,0.2868619102587546,0.0,0.0,0.0,1.255070029412377,0.0,0.0,0.0,0.0,0.0,0.0,0.1111111111111111,0.0,0.0,0.0,0.0,0.0,0.0,0.3333333333333333,0.1111111111111111,0.0,0.0,0.0,0.0,0.0,0.0,0.0,0.0,0.0,0.0,0.1111111111111111,0.0,0.1111111111111111,0.0,0.0,0.4444444444444444,0.0,0.0,0.1111111111111111,0.1111111111111111,0.1111111111111111,0.0,0.0,1.0,0.0,0.0,0.0,0.0,0.0,0.1111111111111111,0.0,0.4444444444444444,0.0,0.0,0.0,0.0,0.0,0.2222222222222222,0.0,0.0,0.0,0.6666666666666666,0.0,0.0,0.0,0.0,0.0,9
KUL21,Tumor,Epithelial cells,CMS1,GSE144735,0.0,0.10771531936520753,0.0010054079575750224,0.021471751388817,0.013727489761220539,0.001919897976003424,0.0033196121450318606,0.03161524790302675,0.9615888456567419,0.4000967139757706,0.02285813726004193,0.0015407828497774557,0.0,0.006952985950829165,0.33290551149165265,0.09681479718096367,0.0,0.0037085959028158215,0.31763162946069795,0.004827832902785339,0.748821205087421,0.09160281850582094,0.1954664396146528,0.009176807540793074,0.08879063854848467,1.396816385359035,0.0,0.0,0.09393446284213508,2.4481528748151073,0.33857811548401084,0.0038763758979942047,0.032270716257269356,4.095569534763026,0.007981913563598895,0.018097827991919842,0.0073375277488559095,0.0,0.002512788235598067,1.6089847840925766,0.019180127988363382,1.549874391319905,0.017747713579169575,0.0,0.002897137416280899,0.14879160783063383,0.014908391296833755,0.07222337594166124,0.012889417442103325,0.009301487846263825,0.0033189624900546778,1.0936531531603146,1.2619859209991973,0.0,0.16980959870606246,0.0,0.0,0.0,0.1462882096069869,0.002183406113537118,0.034934497816593885,0.021834061135371178,0.002183406113537118,0.006550218340611353,0.04585152838427948,0.759825327510917,0.44541484716157204,0.03275109170305677,0.002183406113537118,0.0,0.013100436681222707,0.3034934497816594,0.09606986899563319,0.0,0.004366812227074236,0.3799126637554585,0.008733624454148471,0.5873362445414847,0.11135371179039301,0.2663755458515284,0.008733624454148471,0.1091703056768559,0.8624454148471615,0.0,0.0,0.14410480349344978,0.9475982532751092,0.37117903930131,0.004366812227074236,0.034934497816593885,0.9978165938864629,0.017467248908296942,0.03275109170305677,0.008733624454148471,0.0,0.004366812227074236,0.8384279475982532,0.024017467248908297,0.8275109170305677,0.034934497816593885,0.0,0.006550218340611353,0.2052401746724891,0.03275109170305677,0.11353711790393013,0.015283842794759825,0.013100436681222707,0.004366812227074236,0.8056768558951966,0.7816593886462883,0.0,0.2423580786026201,0.0,0.0,458
KUL21,Tumor,Epithelial cells,CMS2,GSE144735,0.0,0.0,0.0,0.0,0.0,0.0,0.0,0.0,0.33910069711858865,0.0,0.0,0.0,0.0,0.0,0.0,0.0,0.0,0.0,0.15003696442319867,0.0,0.15003696442319867,0.29173101207041363,0.0,0.0,0.0,1.0866592439816964,0.0,0.0,0.0,2.014648220639844,0.15003696442319867,0.0,0.0,4.300489517209306,0.0,0.0,0.0,0.0,0.0,0.8753765295875874,0.0,1.9344784164814808,0.0,0.0,0.0,0.0,0.0,0.0,0.0,0.0,0.0,0.5836455175171738,0.9996549955115939,0.0,0.33910069711858865,0.0,0.0,0.0,0.0,0.0,0.0,0.0,0.0,0.0,0.0,0.14285714285714285,0.0,0.0,0.0,0.0,0.0,0.0,0.0,0.0,0.0,0.14285714285714285,0.0,0.14285714285714285,0.14285714285714285,0.0,0.0,0.0,0.5714285714285714,0.0,0.0,0.0,0.7142857142857143,0.14285714285714285,0.0,0.0,1.0,0.0,0.0,0.0,0.0,0.0,0.42857142857142855,0.0,0.7142857142857143,0.0,0.0,0.0,0.0,0.0,0.0,0.0,0.0,0.0,0.2857142857142857,0.5714285714285714,0.0,0.14285714285714285,0.0,0.0,7
KUL21,Tumor,Epithelial cells,CMS3,GSE144735,0.0,0.13992553651207507,0.0013064702297374325,0.015925981687453468,0.004816587716267038,0.0,0.005777109205723631,0.0322083680143276,0.9367918300968971,0.34612964337339397,0.04602931762647443,0.0,0.0,0.009504221590109404,0.3168203137157648,0.06253102306091828,0.0,0.0022121223910649794,0.3204451637263363,0.0013282102698768574,0.9362034640164277,0.09754797919489859,0.1936302712423893,0.0038347113269466904,0.11143208901567525,1.4493418453654852,0.0,0.0,0.1366743379769636,2.5089180802622755,0.4358131591878397,0.0,0.009516703376657602,4.124785031408368,0.013984154661162753,0.010095958123585175,0.009454226673826319,0.003452769251150938,0.006019089316817082,1.8714352475817915,0.009184681271067733,1.234102897561203,0.011596436071858248,0.0,0.0,0.18746767537231246,0.01298771312050897,0.10389316853409127,0.013192347938040257,0.007484095945616599,0.0037888359303799406,0.986290807988579,1.3825117731008811,0.0,0.19221565377349825,0.0,0.0,0.0,0.2087912087912088,0.003663003663003663,0.03296703296703297,0.007326007326007326,0.0,0.01098901098901099,0.05128205128205128,0.7912087912087912,0.42857142857142855,0.0695970695970696,0.0,0.0,0.014652014652014652,0.30036630036630035,0.08424908424908426,0.0,0.003663003663003663,0.39194139194139194,0.003663003663003663,0.684981684981685,0.1391941391941392,0.27472527472527475,0.007326007326007326,0.15384615384615385,0.8827838827838828,0.0,0.0,0.19413919413919414,0.9487179487179487,0.4835164835164835,0.0,0.018315018315018316,1.0,0.02197802197802198,0.018315018315018316,0.014652014652014652,0.003663003663003663,0.007326007326007326,0.9230769230769231,0.018315018315018316,0.8021978021978022,0.02197802197802198,0.0,0.0,0.25274725274725274,0.02197802197802198,0.12454212454212454,0.007326007326007326,0.007326007326007326,0.007326007326007326,0.7912087912087912,0.8058608058608059,0.0,0.25274725274725274,0.0,0.0,273
KUL21,Tumor,Epithelial cells,CMS4,GSE144735,0.0,0.0,0.0,0.09813811176097291,0.0,0.0,0.0,0.0,1.6284001735488933,0.437220924008658,0.0,0.0,0.0,0.0,0.32088333082239356,0.16873452166928726,0.0,0.0,0.07686794017022618,0.0,0.23418548807153955,0.2809272556763559,0.031150612549933232,0.0,0.0745755938838327,0.9128375601597882,0.0,0.0,0.23830170473399126,1.0647629495946822,0.158708866959749,0.0,0.0,4.429806572398578,0.0,0.0,0.0,0.0,0.04571732762029294,1.4881570670472106,0.0,1.32692815963328,0.0,0.0,0.0,0.14576064136885827,0.0,0.0,0.0,0.0,0.0,1.6315248585924196,0.6726682564949467,0.0,0.2557981234271914,0.0,0.0,0.0,0.0,0.0,0.09523809523809523,0.0,0.0,0.0,0.0,0.6666666666666666,0.2857142857142857,0.0,0.0,0.0,0.0,0.14285714285714285,0.09523809523809523,0.0,0.0,0.09523809523809523,0.0,0.19047619047619047,0.14285714285714285,0.047619047619047616,0.0,0.047619047619047616,0.47619047619047616,0.0,0.0,0.14285714285714285,0.42857142857142855,0.09523809523809523,0.0,0.0,1.0,0.0,0.0,0.0,0.0,0.047619047619047616,0.6666666666666666,0.0,0.6190476190476191,0.0,0.0,0.0,0.09523809523809523,0.0,0.0,0.0,0.0,0.0,0.7142857142857143,0.3333333333333333,0.0,0.14285714285714285,0.0,0.0,21
KUL21,Tumor,Mast cells,Mast cells,GSE144735,0.0,0.035436788557814514,0.0,0.0,0.0,0.0,0.0,0.0,0.5315865204951211,0.5171669536229443,0.19181911891840608,0.0,0.0,0.0,0.09273258790102971,0.5114069486925304,0.0,0.0,0.04677236561027151,0.0,0.1660726202876467,0.0,0.16213956932236617,0.0,0.0,2.4655423830329664,0.0,0.0,0.0,0.32607440521920605,0.11889503332630237,0.0,0.0,4.366593161458633,0.0,0.0,0.0,0.0,0.045960222290758204,0.8297970770198707,0.11264172044665023,1.8993359350350667,0.0,0.0,0.0,0.4721688117544779,0.0,0.1659292847400416,0.0,0.04941721072866771,0.0,0.8716855754701371,0.08098032052559173,0.0,0.45951390046358387,0.0,0.0,0.0,0.037037037037037035,0.0,0.0,0.0,0.0,0.0,0.0,0.37037037037037035,0.3333333333333333,0.14814814814814814,0.0,0.0,0.0,0.07407407407407407,0.2222222222222222,0.0,0.0,0.037037037037037035,0.0,0.1111111111111111,0.0,0.14814814814814814,0.0,0.0,1.0,0.0,0.0,0.0,0.25925925925925924,0.07407407407407407,0.0,0.0,1.0,0.0,0.0,0.0,0.0,0.037037037037037035,0.4444444444444444,0.07407407407407407,0.7407407407407407,0.0,0.0,0.0,0.3333333333333333,0.0,0.1111111111111111,0.0,0.037037037037037035,0.0,0.5925925925925926,0.07407407407407407,0.0,0.25925925925925924,0.0,0.0,27
KUL21,Tumor,Myeloids,Anti-inflammatory,GSE144735,0.0,0.0786476972440247,0.0,0.0,0.0,0.0,0.0,0.0,0.7245311718760754,0.11008775323916249,0.03854833541256862,0.0,0.0,0.0,0.08658076708839589,1.128862000679592,0.0,0.0,0.5818855699827666,0.6363103348084833,1.1444068831688403,0.10729974689332494,1.0441870402942295,0.037587238220278534,0.0,1.7258310802224714,0.0,0.0,0.5790556670632329,0.06328772395661349,0.0,0.0,0.0,4.948795612079051,0.2362881981723636,0.045006862178213945,1.4479401273313306,0.0,0.0,0.7422226806279809,0.02965598554599925,1.6558510571576501,0.0,0.0,0.0,1.8721647371949581,0.0,0.6278541098075677,0.0,0.03488986334339439,0.0,0.9278787666889593,0.03816863447389849,0.0,3.092754930817228,0.0,0.07052445773661853,0.0,0.058823529411764705,0.0,0.0,0.0,0.0,0.0,0.0,0.4411764705882353,0.08823529411764706,0.029411764705882353,0.0,0.0,0.0,0.058823529411764705,0.5294117647058824,0.0,0.0,0.29411764705882354,0.35294117647058826,0.6764705882352942,0.08823529411764706,0.5882352941176471,0.029411764705882353,0.0,0.7647058823529411,0.0,0.0,0.4117647058823529,0.058823529411764705,0.0,0.0,0.0,1.0,0.17647058823529413,0.029411764705882353,0.7647058823529411,0.0,0.0,0.4411764705882353,0.029411764705882353,0.6764705882352942,0.0,0.0,0.0,0.9411764705882353,0.0,0.29411764705882354,0.0,0.029411764705882353,0.0,0.5882352941176471,0.029411764705882353,0.0,0.9411764705882353,0.0,0.058823529411764705,34
KUL21,Tumor,Myeloids,Pro-inflammatory,GSE144735,0.008301464461179377,0.27778585255889654,0.042746546390018354,0.0,0.021701426873685647,0.0,0.0,0.0,0.8415167373022917,0.6247684674293736,0.01993136309835614,0.0,0.0,0.0,0.08093204477596048,0.817572431485334,0.0,0.033395052149844416,0.6159324152597216,0.2945888956616753,1.2073429158424402,0.11514020233735346,1.6824765921246687,0.0,0.014703404407727268,3.0445619978726226,0.0,0.0,0.3649649439338524,0.06192700797331015,0.018769782095507035,0.0,0.0,4.906630634919335,0.03816429389493431,0.0,0.7562538216712172,0.0,0.0,0.5655919874333994,0.0,1.6978008700348546,0.0,0.1146898240036469,0.0,1.154052200254611,0.0,0.2002537855735601,0.045571889492415724,0.0,0.0,0.5782707268652771,0.0319355024280415,0.0,0.43351121896428624,0.0,0.13098406289681286,0.011627906976744186,0.1744186046511628,0.023255813953488372,0.0,0.011627906976744186,0.0,0.0,0.0,0.4883720930232558,0.29069767441860467,0.011627906976744186,0.0,0.0,0.0,0.046511627906976744,0.38372093023255816,0.0,0.011627906976744186,0.2441860465116279,0.1744186046511628,0.5930232558139535,0.06976744186046512,0.7441860465116279,0.0,0.011627906976744186,0.9418604651162791,0.0,0.0,0.23255813953488372,0.046511627906976744,0.023255813953488372,0.0,0.0,1.0,0.023255813953488372,0.0,0.4418604651162791,0.0,0.0,0.3488372093023256,0.0,0.686046511627907,0.0,0.05813953488372093,0.0,0.6046511627906976,0.0,0.10465116279069768,0.023255813953488372,0.0,0.0,0.313953488372093,0.023255813953488372,0.0,0.1511627906976744,0.0,0.09302325581395349,86
KUL21,Tumor,Myeloids,Proliferating,GSE144735,0.04691349647383721,0.1746326515755252,0.05126886579851623,0.03165074792705996,0.0,0.0,0.0,0.0,0.8903400681038408,0.7769967382087758,0.03151211530818543,0.0,0.0,0.0,0.03429250205127037,0.11121475115405778,0.0,0.0,3.528117140849208,0.5405647836554962,0.5148512728248823,0.03429250205127037,0.8869400182714007,0.0,0.0,1.5938969217384549,0.0,0.0,0.7964079914911523,0.2547666879546774,0.0,0.02143720439105082,0.04691349647383721,4.606615972480149,0.09007108427143441,0.0,1.2730275403664932,0.0,0.0,1.7386197079348886,0.0,1.3487808330101936,0.0,0.0,0.0,2.3998290299902725,0.0,1.121982431137357,0.04185346988583268,0.0,0.0,0.9303174167697723,0.13990280406809044,0.0,4.522345871381197,0.0,0.3890210284635893,0.05263157894736842,0.3157894736842105,0.05263157894736842,0.05263157894736842,0.0,0.0,0.0,0.0,0.8947368421052632,0.6842105263157895,0.05263157894736842,0.0,0.0,0.0,0.05263157894736842,0.10526315789473684,0.0,0.0,1.0,0.631578947368421,0.5789473684210527,0.05263157894736842,0.6842105263157895,0.0,0.0,1.0,0.0,0.0,0.8947368421052632,0.3684210526315789,0.0,0.05263157894736842,0.05263157894736842,1.0,0.10526315789473684,0.0,1.0,0.0,0.0,1.0,0.0,0.7894736842105263,0.0,0.0,0.0,1.0,0.0,0.47368421052631576,0.05263157894736842,0.0,0.0,0.8947368421052632,0.15789473684210525,0.0,1.0,0.0,0.3157894736842105,19
KUL21,Tumor,Myeloids,SPP1+A,GSE144735,0.0,0.0,0.0,0.0,0.0,0.0,0.0,0.0,0.0,0.0,0.0,0.0,0.0,0.0,0.0,2.1476019941849738,0.0,0.0,0.0,0.0,2.7805936620987888,0.0,4.7402642752715165,0.0,0.0,4.864399085309772,0.0,0.0,0.0,0.0,0.0,0.0,0.0,6.068807232223932,0.0,0.0,0.0,0.0,0.0,0.0,0.0,4.7402642752715165,0.0,0.0,0.0,2.7805936620987888,0.0,2.1476019941849738,0.0,0.0,0.0,2.1476019941849738,0.0,0.0,0.0,0.0,0.0,0.0,0.0,0.0,0.0,0.0,0.0,0.0,0.0,0.0,0.0,0.0,0.0,0.0,0.0,0.0,1.0,0.0,0.0,0.0,0.0,1.0,0.0,1.0,0.0,0.0,1.0,0.0,0.0,0.0,0.0,0.0,0.0,0.0,1.0,0.0,0.0,0.0,0.0,0.0,0.0,0.0,1.0,0.0,0.0,0.0,1.0,0.0,1.0,0.0,0.0,0.0,1.0,0.0,0.0,0.0,0.0,0.0,1
KUL21,Tumor,Myeloids,SPP1+B,GSE144735,0.0,0.11827571820320934,0.028680634629124627,0.0048136623149396185,0.0,0.0,0.0,0.0,1.0040600518710747,1.323111876182245,0.024650854088499884,0.0,0.01267997414487604,0.049247731293095204,0.17797935652797983,0.22797517686564997,0.0,0.0,5.269896583525341,0.16082275496414458,0.40242157312534793,0.013961973050288762,0.8168898963736847,0.0,0.0,2.8389862113462505,0.0,0.0,0.08699675374507006,0.19796599059409478,0.01265806512053298,0.0,0.01446456643008903,5.438896767329772,0.009316500113703538,0.0,0.785341899351902,0.0,0.028198592212400123,1.7505287260489946,0.011588548816833334,1.7236014580580177,0.0,0.0,0.0,1.993109525155074,0.0,1.7140731844475503,0.737531993485467,0.025881195854088948,0.0,0.7609019367785813,0.05827629247202682,0.0,2.8592034215017494,0.0,0.060055418064212156,0.0,0.07954545454545454,0.03409090909090909,0.011363636363636364,0.0,0.0,0.0,0.0,0.6022727272727273,0.5795454545454546,0.011363636363636364,0.0,0.011363636363636364,0.03409090909090909,0.125,0.1590909090909091,0.0,0.0,0.9772727272727273,0.13636363636363635,0.2840909090909091,0.011363636363636364,0.4318181818181818,0.0,0.0,0.9204545454545454,0.0,0.0,0.07954545454545454,0.1590909090909091,0.011363636363636364,0.0,0.022727272727272728,1.0,0.011363636363636364,0.0,0.5,0.0,0.011363636363636364,0.8068181818181818,0.022727272727272728,0.7386363636363636,0.0,0.0,0.0,0.8295454545454546,0.0,0.6022727272727273,0.32954545454545453,0.022727272727272728,0.0,0.48863636363636365,0.045454545454545456,0.0,0.7613636363636364,0.0,0.045454545454545456,88
KUL21,Tumor,Myeloids,Unknown,GSE144735,0.0,0.0,0.0,0.0,0.0,0.0,0.0,0.0,1.1615162038680655,0.0,0.0,0.0,0.0,0.0,0.0,0.0,0.0,0.0,1.0271543710199802,0.0,0.0,0.0,0.0,0.0,0.0,0.8022616433602704,0.0,0.0,0.0,0.4096999836543656,0.0,0.0,0.0,5.334774448065418,0.0,0.0,0.38914888937111725,0.0,0.0,1.5426215057642498,0.0,0.7412588802759911,0.0,0.0,0.0,1.2233212368129847,0.0,0.0,0.0,0.0,0.0,0.3771906426596372,0.0,0.0,2.1693549148778697,0.0,0.0,0.0,0.0,0.0,0.0,0.0,0.0,0.0,0.0,0.5,0.0,0.0,0.0,0.0,0.0,0.0,0.0,0.0,0.0,0.16666666666666666,0.0,0.0,0.0,0.0,0.0,0.0,0.3333333333333333,0.0,0.0,0.0,0.16666666666666666,0.0,0.0,0.0,1.0,0.0,0.0,0.16666666666666666,0.0,0.0,0.6666666666666666,0.0,0.3333333333333333,0.0,0.0,0.0,0.5,0.0,0.0,0.0,0.0,0.0,0.16666666666666666,0.0,0.0,0.5,0.0,0.0,6
KUL21,Tumor,Myeloids,cDC,GSE144735,0.0,0.1872344321315764,0.0,0.0,0.0,0.0,0.0,0.0,0.8617111229458445,0.31157572348679674,0.0,0.0,0.0,0.0,0.08110691301871302,0.0,0.0,0.0,1.1409122950855608,0.09556099174736946,1.1803381104085162,0.0,1.1925326835609433,0.0,0.0,2.0223020311723423,0.0,0.0,0.48418806703631134,0.0,0.0,0.0,0.0,4.961323399788763,0.0,0.0,0.15601212939224224,0.0,0.0,0.8662909925036277,0.0,0.7731617026518437,0.0,0.0,0.0,1.2940950084766196,0.0,0.3343564097341571,0.0,0.0,0.0,0.644247014002162,0.08110691301871302,0.0,0.36935257331860755,0.0,1.07731723543956,0.0,0.2,0.0,0.0,0.0,0.0,0.0,0.0,0.8,0.3,0.0,0.0,0.0,0.0,0.1,0.0,0.0,0.0,0.3,0.1,0.6,0.0,0.7,0.0,0.0,0.9,0.0,0.0,0.4,0.0,0.0,0.0,0.0,1.0,0.0,0.0,0.1,0.0,0.0,0.5,0.0,0.5,0.0,0.0,0.0,0.8,0.0,0.3,0.0,0.0,0.0,0.6,0.1,0.0,0.3,0.0,0.5,10
KUL21,Tumor,Stromal cells,Lymphatic ECs,GSE144735,0.0,0.15516033575873614,0.0,0.0,1.6500486618111598,0.0,0.0,0.0,0.7887366700010594,2.6549398157391857,0.0,0.0,0.0,0.18659181175105743,1.4366320568956248,1.2153156346386484,0.0,0.0,0.15516033575873614,0.0,0.8698501084290864,0.0,1.921127418440814,0.34548187988983525,0.0,3.62227072383887,0.0,0.0,0.6172283786307468,0.0,0.0,0.0,0.0,3.403660365813073,0.0,0.0,0.0,0.0,0.0,0.8814794335778522,0.15516033575873614,1.9976604110027452,0.24147336074436415,0.0,0.0,0.33992754857986995,0.0,1.3242918794780036,0.0,0.0,0.0,1.1970517838778747,0.0,0.0,0.0,0.0,0.0,0.0,0.2,0.0,0.0,1.0,0.0,0.0,0.0,0.6,1.0,0.0,0.0,0.0,0.2,0.4,0.4,0.0,0.0,0.2,0.0,0.4,0.0,0.8,0.2,0.0,1.0,0.0,0.0,0.6,0.0,0.0,0.0,0.0,1.0,0.0,0.0,0.0,0.0,0.0,0.6,0.2,0.8,0.2,0.0,0.0,0.4,0.0,0.4,0.0,0.0,0.0,0.8,0.0,0.0,0.0,0.0,0.0,5
KUL21,Tumor,Stromal cells,Myofibroblasts,GSE144735,0.0,0.29337044491627806,0.010268301566879598,0.04286283836296918,0.13105676725445503,0.0011694354604535391,0.0011487641018964145,1.0177322401797342,4.145960447349812,3.3759823734572136,0.9517504420659657,0.013420777993606086,0.0,0.23897016584386743,0.11806944776992455,0.03629316674647408,0.0022956143328882357,0.02529082637541537,0.2899725279088375,0.18158510159323699,0.48602852939197966,0.00862877077593418,0.4677844152631488,0.015096204203883665,0.005941046330319796,3.2398589675268394,0.0018200994434845203,0.0029091788456210113,0.13956372959230248,0.24084963764171377,0.2837718244803714,0.0,0.01013129755768223,3.963101823765715,0.18185199952563652,0.004809925828642991,0.0021383280428543343,0.0,0.013695882598360114,1.2279860578022683,0.03371881408806716,2.5668159527569454,0.015361132718031587,0.0,0.019304988502876635,0.26747424619168825,0.003956007276284217,0.16039778469972346,0.002356493889879426,0.08469996909917737,0.005277438082371811,4.481202263325992,0.043349231497976336,0.0,0.731316278621709,0.0,0.004805165425177306,0.0,0.36363636363636365,0.009569377990430622,0.045454545454545456,0.18660287081339713,0.0023923444976076554,0.0023923444976076554,0.7703349282296651,0.9760765550239234,0.9665071770334929,0.6746411483253588,0.01674641148325359,0.0,0.2822966507177033,0.11483253588516747,0.04066985645933014,0.0023923444976076554,0.011961722488038277,0.34688995215311,0.22488038277511962,0.46411483253588515,0.011961722488038277,0.4354066985645933,0.0215311004784689,0.009569377990430622,0.9736842105263158,0.0023923444976076554,0.004784688995215311,0.19138755980861244,0.3014354066985646,0.3373205741626794,0.0,0.009569377990430622,0.9904306220095693,0.1722488038277512,0.007177033492822967,0.004784688995215311,0.0,0.011961722488038277,0.7703349282296651,0.04784688995215311,0.9401913875598086,0.0215311004784689,0.0,0.03588516746411483,0.2942583732057416,0.004784688995215311,0.18660287081339713,0.004784688995215311,0.05980861244019139,0.009569377990430622,0.9784688995215312,0.06937799043062201,0.0,0.507177033492823,0.0,0.007177033492822967,418
KUL21,Tumor,Stromal cells,Pericytes,GSE144735,0.0,0.3381350243401526,0.0,0.069949517096097,0.9017973372702895,0.0,0.0,0.4428069999411744,3.774046692476628,2.7988882254805936,0.2714563476815159,0.0,0.01885408777455185,0.159074066184018,0.21271553482262187,0.36187832962235644,0.0,0.006112045231721041,0.209610104643477,0.02607955401908329,0.5959042852033796,0.022123027844515662,0.7780087870038502,0.1827501139031361,0.46344081958252414,3.9643304062879867,0.0,0.0,0.20298921564304456,0.2354710731671157,0.5462112415114223,0.0,0.010799454692119346,3.8177038158595393,0.05934042235841984,0.042408654986766034,0.0,0.0,0.0,1.1481047132024331,0.07421768625058822,2.7565565661833134,0.014842272258873189,0.0,0.011946152542253336,0.1423540144527201,0.0,1.0810687744304748,0.019604868798229484,0.10547232847499721,0.0,4.015351951819356,0.10081734059870365,0.0,1.0621587697214303,0.0,0.00589231935244307,0.0,0.35294117647058826,0.0,0.0784313725490196,0.7647058823529411,0.0,0.0,0.4117647058823529,1.0,0.9803921568627451,0.29411764705882354,0.0,0.0196078431372549,0.19607843137254902,0.1568627450980392,0.23529411764705882,0.0,0.0196078431372549,0.29411764705882354,0.0392156862745098,0.5490196078431373,0.0392156862745098,0.5490196078431373,0.0784313725490196,0.3333333333333333,1.0,0.0,0.0,0.2549019607843137,0.29411764705882354,0.5294117647058824,0.0,0.0196078431372549,0.9803921568627451,0.058823529411764705,0.0784313725490196,0.0,0.0,0.0,0.7450980392156863,0.11764705882352941,0.9607843137254902,0.0392156862745098,0.0,0.0392156862745098,0.1568627450980392,0.0,0.5686274509803921,0.0392156862745098,0.0392156862745098,0.0,1.0,0.1568627450980392,0.0,0.6078431372549019,0.0,0.0196078431372549,51
KUL21,Tumor,Stromal cells,Smooth muscle cells,GSE144735,0.0,0.8353732888697439,0.0,0.0,0.08217638333341917,0.0,0.0,0.351546803999867,1.6137889062965924,1.3623757871225708,0.21680826824505056,0.0,0.0,0.0,0.07796222840664667,0.0,0.0,0.12637041312879624,0.16998772106151805,0.0,0.22847266137013153,0.0,0.644144308692746,0.0,0.0,1.9216808444135225,0.0,0.0,0.31663712095289803,0.049512071504213405,0.08318864827849655,0.0,0.0,3.694611437261143,0.13568077428665257,0.0,0.0,0.0,0.0,0.8052472170411495,0.0,2.2219176688943802,0.0,0.0,0.0,0.0,0.0,0.10024008196632593,0.0,0.0,0.0,1.3593010698016816,0.04140181172461935,0.0,0.12605836455846012,0.0,0.0,0.0,0.5769230769230769,0.0,0.0,0.11538461538461539,0.0,0.0,0.34615384615384615,0.8461538461538461,0.7307692307692307,0.19230769230769232,0.0,0.0,0.0,0.07692307692307693,0.0,0.0,0.038461538461538464,0.15384615384615385,0.0,0.19230769230769232,0.0,0.38461538461538464,0.0,0.0,0.9615384615384616,0.0,0.0,0.2692307692307692,0.07692307692307693,0.07692307692307693,0.0,0.0,1.0,0.15384615384615385,0.0,0.0,0.0,0.0,0.5769230769230769,0.0,0.9615384615384616,0.0,0.0,0.0,0.0,0.0,0.11538461538461539,0.0,0.0,0.0,0.8461538461538461,0.038461538461538464,0.0,0.11538461538461539,0.0,0.0,26
KUL21,Tumor,Stromal cells,Stalk-like ECs,GSE144735,0.0,0.43413017256107866,0.0,0.0,0.36633992674682075,0.0,0.0,0.37905674502300823,0.8396930257385322,1.5393379969524716,0.6818837429626435,0.0,0.0,0.0,0.035403804087369914,0.18775331917126964,0.0,0.0,0.26576848616447935,0.0,0.8001732783867329,0.0,0.8662899483470806,0.0583189903410797,0.0,2.2620283799339314,0.0,0.0,0.31573246246890996,0.2785927862870095,0.4840483121994808,0.0,0.0,3.091497840524513,0.06313445286645814,0.0,0.0,0.0,0.0,0.888133601669207,0.05158832720538677,0.9904468703146954,0.027670223850512442,0.030587177124832544,0.0,0.08034016141708733,0.0,0.24826764615127384,0.0,0.0,0.029760910570093137,0.9540161023570377,0.03541339686854769,0.0,0.1009049140236811,0.0,0.0,0.0,0.42105263157894735,0.0,0.0,0.3157894736842105,0.0,0.0,0.3684210526315789,0.7368421052631579,0.8157894736842105,0.39473684210526316,0.0,0.0,0.0,0.05263157894736842,0.15789473684210525,0.0,0.0,0.2894736842105263,0.0,0.5526315789473685,0.0,0.5526315789473685,0.07894736842105263,0.0,0.9736842105263158,0.0,0.0,0.2894736842105263,0.2631578947368421,0.5,0.0,0.0,1.0,0.07894736842105263,0.0,0.0,0.0,0.0,0.6842105263157895,0.07894736842105263,0.6842105263157895,0.02631578947368421,0.02631578947368421,0.0,0.07894736842105263,0.0,0.23684210526315788,0.0,0.0,0.02631578947368421,0.7368421052631579,0.02631578947368421,0.0,0.10526315789473684,0.0,0.0,38
KUL21,Tumor,Stromal cells,Stromal 1,GSE144735,0.0,0.21794077463421396,0.0113409230323943,1.544108373776082,0.4330516782898977,0.0,0.0,0.9629055636281039,4.055519777620988,1.737959297819831,0.5864829638275605,0.007969481971145203,0.0,0.09213043035704088,2.877606446742173,0.8549106255455206,0.012094591388895947,0.0653623813904082,0.16855116719585583,0.19172962179305153,1.8868915499263836,0.015555212285600096,3.1436994616233016,0.1502317259897021,0.0,3.3979059919829226,0.0,0.03381233545546647,0.2633728758684902,0.2761726317928695,0.5188094041399607,0.09706873745020067,0.3525234199210513,5.906289746915958,0.18422114848476487,0.03995539870512903,0.0,0.0,0.0,1.6077129883644832,0.012094591388895947,3.662702394571904,0.022363757676023374,0.0,0.026737287489865293,0.37169401655950973,0.0,1.4699385621226675,0.15845597079029647,1.0170290886375797,0.3432796445987694,3.6608726956418627,0.06905374130855775,0.0,1.3313438758257552,0.0,0.0,0.0,0.2978723404255319,0.02127659574468085,0.6382978723404256,0.46808510638297873,0.0,0.0,0.7021276595744681,1.0,0.8936170212765957,0.5319148936170213,0.02127659574468085,0.0,0.0851063829787234,0.8723404255319149,0.425531914893617,0.02127659574468085,0.0425531914893617,0.23404255319148937,0.2978723404255319,0.851063829787234,0.02127659574468085,1.0,0.1702127659574468,0.0,1.0,0.0,0.06382978723404255,0.2553191489361702,0.3191489361702128,0.6170212765957447,0.0851063829787234,0.2127659574468085,1.0,0.19148936170212766,0.0851063829787234,0.0,0.0,0.0,0.9574468085106383,0.02127659574468085,0.9361702127659575,0.0425531914893617,0.0,0.0425531914893617,0.40425531914893614,0.0,0.723404255319149,0.19148936170212766,0.3829787234042553,0.19148936170212766,1.0,0.0851063829787234,0.0,0.7021276595744681,0.0,0.0,47
KUL21,Tumor,Stromal cells,Stromal 3,GSE144735,0.0,0.26812236328568834,0.0,0.23953155790842334,0.11154368166690647,0.0025336335029076547,0.0025336335029076547,0.7768646979283308,5.029549483945115,2.0119324165855,0.5234878419970515,0.0,0.0,0.20671859294927697,0.10125356393120684,0.36761548001521566,0.0,0.0030975396958192025,0.3199510688008081,0.019909055317783707,1.544389914789826,0.0,1.7746245518112296,0.0471793726034802,0.1859142380364779,3.2780396062984076,0.0,0.013208660502200471,0.478510941579092,0.2795351185025116,0.10852906011567529,0.0,0.014772516255155781,4.10060345410496,0.9901147972610527,0.0025336335029076547,0.00790793787411934,0.004372029496060889,0.0057701950892107,1.126131301324687,0.040876221414349614,2.7300647987868034,0.0174595542645261,0.0034968082906518404,0.0027942004483626783,0.1003016045233528,0.0,1.1641688329868436,0.04032457721737695,0.07351627917969243,0.0025486219102554344,5.290103164915357,0.08723140244031616,0.0,2.5857999215161613,0.0,0.0,0.0,0.44594594594594594,0.0,0.2702702702702703,0.18243243243243243,0.006756756756756757,0.006756756756756757,0.831081081081081,1.0,0.9864864864864865,0.6216216216216216,0.0,0.0,0.31756756756756754,0.17567567567567569,0.27702702702702703,0.0,0.006756756756756757,0.5202702702702703,0.02702702702702703,0.8918918918918919,0.0,0.8986486486486487,0.0472972972972973,0.23648648648648649,1.0,0.0,0.02027027027027027,0.581081081081081,0.4594594594594595,0.18243243243243243,0.0,0.02027027027027027,1.0,0.831081081081081,0.006756756756756757,0.02027027027027027,0.006756756756756757,0.013513513513513514,0.8918918918918919,0.060810810810810814,0.9932432432432432,0.04054054054054054,0.006756756756756757,0.006756756756756757,0.16891891891891891,0.0,0.6959459459459459,0.0472972972972973,0.08783783783783784,0.006756756756756757,1.0,0.17567567567567569,0.0,0.9594594594594594,0.0,0.0,148
KUL21,Tumor,Stromal cells,Tip-like ECs,GSE144735,0.0,0.22331239118254123,0.009078290502364871,0.020057208782239853,0.8347054045004391,0.0,0.0,0.2611900078501979,0.8357284535941197,0.8219931240380409,0.09510844581254854,0.0,0.0,0.0,0.09720211020069333,0.14073365170281624,0.0,0.009772850870579799,0.1572016310107946,0.0,0.34938361042693167,0.02289409098882036,0.38386566035603575,0.05541245412391713,0.006124956165288134,1.8274299025648024,0.0,0.011608319606891428,0.07305482258251206,0.13031712882433036,0.49161811611306827,0.0,0.0,2.856737725880599,0.40099100256086284,0.0,0.029279000977483576,0.0,0.0,0.5617977657051643,0.04165093858022755,1.2585000462972176,0.01805493226451646,0.0,0.010069692801660547,0.05363782031300388,0.05303756817663935,0.24130086463985498,0.0,0.0,0.1614264098339356,1.0233108466154124,0.04878755039059949,0.0,0.18355325622660362,0.0,0.0,0.0,0.26785714285714285,0.017857142857142856,0.017857142857142856,0.6428571428571429,0.0,0.0,0.25,0.6785714285714286,0.5714285714285714,0.08928571428571429,0.0,0.0,0.0,0.125,0.10714285714285714,0.0,0.017857142857142856,0.17857142857142858,0.0,0.26785714285714285,0.03571428571428571,0.30357142857142855,0.03571428571428571,0.017857142857142856,0.9464285714285714,0.0,0.017857142857142856,0.08928571428571429,0.16071428571428573,0.39285714285714285,0.0,0.0,1.0,0.23214285714285715,0.0,0.03571428571428571,0.0,0.0,0.5,0.05357142857142857,0.6964285714285714,0.017857142857142856,0.0,0.017857142857142856,0.07142857142857142,0.08928571428571429,0.17857142857142858,0.0,0.0,0.10714285714285714,0.75,0.05357142857142857,0.0,0.17857142857142858,0.0,0.0,56
KUL21,Tumor,T cells,CD4+ T cells,GSE144735,0.0,0.3137956778427987,0.12541649475435537,0.0,0.0,0.11683195785449414,0.061701283078277436,0.021234638146399556,0.6874636788876202,0.16926466841481186,0.020799159417689655,0.0,0.0,0.014855051727962315,0.03309670515990294,0.020818360248181046,0.0,0.0,0.07529240797670415,0.0,0.08076842482430274,0.0,0.1392564278773864,0.013200204197448455,0.02239128851653325,0.744665385846953,0.0,0.0,0.05311980546356043,0.2142744563247696,0.29715188451646446,0.0,0.0,3.2887267316593705,0.023722480224537375,0.20744349627494157,0.010598771180949188,0.10959192214249337,0.17462827646180887,0.6685288764788095,0.0,1.0429169358400618,0.009197697205463115,0.0,0.0,0.011060151578532629,0.0,0.049522944794972115,0.00934409901912723,0.0,0.00914956235133235,0.9933999365992146,0.02743521251497087,0.0,0.08319876136714252,0.0,0.0,0.0,0.1794871794871795,0.07692307692307693,0.0,0.0,0.057692307692307696,0.03205128205128205,0.01282051282051282,0.3717948717948718,0.10256410256410256,0.01282051282051282,0.0,0.0,0.00641025641025641,0.019230769230769232,0.01282051282051282,0.0,0.0,0.04487179487179487,0.0,0.05128205128205128,0.0,0.07692307692307693,0.00641025641025641,0.01282051282051282,0.391025641025641,0.0,0.0,0.03205128205128205,0.12179487179487179,0.16666666666666666,0.0,0.0,0.9871794871794872,0.01282051282051282,0.10256410256410256,0.00641025641025641,0.057692307692307696,0.07692307692307693,0.3525641025641026,0.0,0.46153846153846156,0.00641025641025641,0.0,0.0,0.00641025641025641,0.0,0.03205128205128205,0.00641025641025641,0.0,0.00641025641025641,0.5256410256410257,0.019230769230769232,0.0,0.05128205128205128,0.0,0.0,156
KUL21,Tumor,T cells,CD8+ T cells,GSE144735,0.0,0.41167746720514464,0.0812651944588568,0.0,0.0,0.8443370774839309,1.2809133446748244,0.0,0.709902950612634,0.0,0.0,0.0,0.0,0.0,0.0,0.08146743118226515,0.0,0.0,0.08419740887767375,0.0,0.09522369138035468,0.0,0.17784791141153197,0.0,0.0,0.4297965670671709,0.0,0.0,0.0,0.27983487803283497,0.25831182274790004,0.0,0.0,2.612125302578271,0.0,0.8125918044973177,0.0,0.6098411949965079,0.7320415011418204,0.0,0.0,1.817155298895959,0.0,0.0,0.0,0.0,0.0,0.17022753415571734,0.0,0.0,0.0,0.4447924935924704,0.0,0.0,0.18431842150022693,0.0,0.0,0.0,0.17391304347826086,0.043478260869565216,0.0,0.0,0.34782608695652173,0.5217391304347826,0.0,0.30434782608695654,0.0,0.0,0.0,0.0,0.0,0.0,0.043478260869565216,0.0,0.0,0.043478260869565216,0.0,0.043478260869565216,0.0,0.08695652173913043,0.0,0.0,0.21739130434782608,0.0,0.0,0.0,0.13043478260869565,0.13043478260869565,0.0,0.0,0.9130434782608695,0.0,0.30434782608695654,0.0,0.2608695652173913,0.21739130434782608,0.0,0.0,0.7391304347826086,0.0,0.0,0.0,0.0,0.0,0.08695652173913043,0.0,0.0,0.0,0.21739130434782608,0.0,0.0,0.08695652173913043,0.0,0.0,23
KUL21,Tumor,T cells,NK cells,GSE144735,0.0,0.4322963911784364,0.13955311341884802,0.0,0.0,0.29843633322011986,0.15131699678104155,0.15932767361412153,0.9779439080001248,0.46293884278148745,0.0,0.0,0.0,0.0,0.13955311341884802,0.29473930513024466,0.0,0.0,0.13286789365237703,0.0,0.14018502932877566,0.0,0.48276087503308673,0.0,0.0,0.9872867345986455,0.0,0.0,0.3227538134527118,0.3133232405349889,0.34050793800401485,0.0,0.0,3.231060552880699,0.0,1.1385506068197384,0.0,0.4299630807339658,1.4469587043105985,0.15518619171139664,0.0,1.347119435011987,0.0,0.0,0.0,0.0,0.0,0.0,0.0,0.0,0.0,0.930343894975323,0.14811150074501783,0.0,0.0,0.0,0.0,0.0,0.23076923076923078,0.07692307692307693,0.0,0.0,0.15384615384615385,0.07692307692307693,0.07692307692307693,0.46153846153846156,0.23076923076923078,0.0,0.0,0.0,0.0,0.07692307692307693,0.15384615384615385,0.0,0.0,0.07692307692307693,0.0,0.07692307692307693,0.0,0.23076923076923078,0.0,0.0,0.46153846153846156,0.0,0.0,0.15384615384615385,0.15384615384615385,0.15384615384615385,0.0,0.0,1.0,0.0,0.46153846153846156,0.0,0.23076923076923078,0.5384615384615384,0.07692307692307693,0.0,0.5384615384615384,0.0,0.0,0.0,0.0,0.0,0.0,0.0,0.0,0.0,0.38461538461538464,0.07692307692307693,0.0,0.0,0.0,0.0,13
KUL21,Tumor,T cells,Regulatory T cells,GSE144735,0.0,1.1922338402734634,0.19364649687439314,0.0,0.0,0.0,0.0,0.0,0.6409970050906053,0.15979897318103217,0.0,0.0,0.0,0.0,0.0,0.0,0.0,0.0,0.12152302196283056,0.0,0.15813692436764618,0.0,0.16500717902431933,0.0,0.0,0.8117728073834733,0.0,0.0,0.04173682625269533,0.06724491869222983,0.10764419866616723,0.0,0.0,3.0584490476307327,0.0,0.23489201153321218,0.0,0.0,0.06973763567828989,1.1823987618489715,0.05494712953242889,1.5894325215807756,0.0,0.0,0.0,0.062464309572127404,0.0,0.08831851742229407,0.0,0.04516470157851352,0.0,0.5406690356764033,0.10675688016635387,0.0,0.10178482047101849,0.0,0.0,0.0,0.64,0.12,0.0,0.0,0.0,0.0,0.0,0.44,0.12,0.0,0.0,0.0,0.0,0.0,0.0,0.0,0.0,0.08,0.0,0.12,0.0,0.12,0.0,0.0,0.52,0.0,0.0,0.04,0.04,0.08,0.0,0.0,0.96,0.0,0.12,0.0,0.0,0.04,0.68,0.04,0.76,0.0,0.0,0.0,0.04,0.0,0.04,0.0,0.04,0.0,0.32,0.08,0.0,0.08,0.0,0.0,25
KUL21,Tumor,T cells,T follicular helper cells,GSE144735,0.0,0.0,0.7604713988578539,0.0,0.0,0.0,0.0,0.0,1.666707846479739,0.0,0.0,0.0,0.0,0.0,0.0,0.0,0.0,0.0,0.7604713988578539,0.0,0.0,0.0,0.0,0.0,0.0,1.666707846479739,0.0,0.0,0.0,0.0,0.0,0.0,0.0,3.677563737934678,0.0,0.0,0.0,0.7604713988578539,0.0,0.0,0.0,2.1584021076565074,0.0,0.0,0.0,0.0,0.0,0.0,0.0,0.0,0.0,0.0,0.0,0.0,0.7604713988578539,0.0,0.0,0.0,0.0,0.5,0.0,0.0,0.0,0.0,0.0,1.0,0.0,0.0,0.0,0.0,0.0,0.0,0.0,0.0,0.0,0.5,0.0,0.0,0.0,0.0,0.0,0.0,1.0,0.0,0.0,0.0,0.0,0.0,0.0,0.0,1.0,0.0,0.0,0.0,0.5,0.0,0.0,0.0,1.0,0.0,0.0,0.0,0.0,0.0,0.0,0.0,0.0,0.0,0.0,0.0,0.0,0.5,0.0,0.0,2
KUL21,Tumor,T cells,Unknown,GSE144735,0.0,0.5875679173993025,0.2373142958246388,0.0,0.0,0.8506142704422242,0.7277354458059621,0.0,0.38036196501484076,0.0,0.0,0.0,0.0,0.0,0.0,0.0,0.0,0.0,0.2436314878635785,0.0,0.0,0.0,0.0,0.0,0.0,0.2788594847685712,0.0,0.0,0.0,0.2788594847685712,0.0,0.0,0.0,3.365412943745079,0.0,0.7969100479871457,0.0,0.2788594847685712,1.2911971560308768,0.6216789300602968,0.0,1.513438039294195,0.0,0.0,0.0,0.0,0.0,0.0,0.0,0.0,0.0,1.2387895729343565,0.0,0.0,0.2788594847685712,0.0,0.0,0.0,0.4,0.2,0.0,0.0,0.4,0.4,0.0,0.2,0.0,0.0,0.0,0.0,0.0,0.0,0.0,0.0,0.0,0.2,0.0,0.0,0.0,0.0,0.0,0.0,0.2,0.0,0.0,0.0,0.2,0.0,0.0,0.0,1.0,0.0,0.4,0.0,0.2,0.4,0.4,0.0,0.6,0.0,0.0,0.0,0.0,0.0,0.0,0.0,0.0,0.0,0.8,0.0,0.0,0.2,0.0,0.0,5
KUL21,Tumor,T cells,gamma delta T cells,GSE144735,0.0,0.0,0.96448029537077,0.0,0.0,0.0,0.0,0.0,0.0,0.0,0.0,0.0,0.0,0.0,0.0,0.0,0.0,0.0,0.0,0.0,0.0,0.0,0.0,0.0,0.0,1.2733420047421218,0.0,0.0,1.0887787847148236,0.0,0.0,0.0,0.0,2.551622999625356,0.0,0.96448029537077,0.0,0.96448029537077,2.688715223586116,0.0,0.0,1.0887787847148236,0.0,0.0,0.0,0.0,0.0,0.0,0.0,0.0,0.0,0.0,0.0,0.0,0.0,0.0,0.0,0.0,0.0,0.5,0.0,0.0,0.0,0.0,0.0,0.0,0.0,0.0,0.0,0.0,0.0,0.0,0.0,0.0,0.0,0.0,0.0,0.0,0.0,0.0,0.0,0.0,0.5,0.0,0.0,0.5,0.0,0.0,0.0,0.0,1.0,0.0,0.5,0.0,0.5,1.0,0.0,0.0,0.5,0.0,0.0,0.0,0.0,0.0,0.0,0.0,0.0,0.0,0.0,0.0,0.0,0.0,0.0,0.0,2
KUL28,Border,B cells,CD19+CD20+ B,GSE144735,0.0,0.0,0.0,0.0,0.0,0.0,0.0,0.0,0.0,0.0,0.0,0.0,0.0,0.0,0.0,0.0,0.0,0.0,0.0,0.0,0.0,0.0,0.0,0.0,0.0,0.0,0.0,0.0,0.0,0.0,0.0,0.0,0.0,2.7045662923603144,0.0,0.0,0.0,0.0,0.0,0.0,0.0,0.0,0.0,0.0,0.0,0.0,0.0,0.0,0.0,0.0,0.0,0.0,0.0,0.0,0.0,0.0,0.0,0.0,0.0,0.0,0.0,0.0,0.0,0.0,0.0,0.0,0.0,0.0,0.0,0.0,0.0,0.0,0.0,0.0,0.0,0.0,0.0,0.0,0.0,0.0,0.0,0.0,0.0,0.0,0.0,0.0,0.0,0.0,0.0,0.0,1.0,0.0,0.0,0.0,0.0,0.0,0.0,0.0,0.0,0.0,0.0,0.0,0.0,0.0,0.0,0.0,0.0,0.0,0.0,0.0,0.0,0.0,0.0,0.0,2
KUL28,Border,B cells,IgA+ Plasma,GSE144735,0.0,0.006551313500161516,0.012780439127703977,0.0,0.0,0.0,0.0,0.0,0.018240006596593222,0.012383809375507471,0.0,0.0,0.0,0.0,0.012435308360083032,0.005011965457890507,0.0,0.0,0.03330469949296218,0.0,0.05892438029395258,0.0,0.16179236046986742,0.0,0.0,0.2702754875058991,0.0,0.0,0.008688460386764763,0.018023166674985852,0.016150430251964422,0.0,0.0,1.6239072971624828,0.0,0.0,0.0,0.0,0.006623696707111503,0.09604972986380508,0.0,0.1702171809538211,0.0,0.0,0.0,0.0,0.0,0.005510938844075956,0.0,0.010949617163061394,0.0,0.032195850070622006,0.0,0.0,0.00811767907465284,0.0,0.0,0.0,0.008620689655172414,0.017241379310344827,0.0,0.0,0.0,0.0,0.0,0.02586206896551724,0.017241379310344827,0.0,0.0,0.0,0.0,0.017241379310344827,0.008620689655172414,0.0,0.0,0.04310344827586207,0.0,0.06896551724137931,0.0,0.15517241379310345,0.0,0.0,0.25862068965517243,0.0,0.0,0.008620689655172414,0.02586206896551724,0.017241379310344827,0.0,0.0,0.9310344827586207,0.0,0.0,0.0,0.0,0.008620689655172414,0.12931034482758622,0.0,0.1896551724137931,0.0,0.0,0.0,0.0,0.0,0.008620689655172414,0.0,0.017241379310344827,0.0,0.034482758620689655,0.0,0.0,0.008620689655172414,0.0,0.0,116
KUL28,Border,B cells,IgG+ Plasma,GSE144735,0.0,0.0,0.0,0.0,0.0,0.0,0.0,0.0,0.0,0.0,0.0,0.0,0.0,0.8928865879572537,0.0,0.0,0.0,0.0,0.0,0.0,0.0,0.0,0.8928865879572537,0.0,0.0,0.8928865879572537,0.0,0.0,0.0,0.0,0.0,0.0,0.0,0.8928865879572537,0.0,0.0,0.0,0.0,0.0,0.0,0.0,1.3569525817650183,0.0,0.0,0.0,0.0,0.0,0.0,0.0,0.0,0.0,0.0,0.0,0.0,0.0,0.0,0.0,0.0,0.0,0.0,0.0,0.0,0.0,0.0,0.0,0.0,0.0,0.0,0.0,0.0,1.0,0.0,0.0,0.0,0.0,0.0,0.0,0.0,0.0,1.0,0.0,0.0,1.0,0.0,0.0,0.0,0.0,0.0,0.0,0.0,1.0,0.0,0.0,0.0,0.0,0.0,0.0,0.0,1.0,0.0,0.0,0.0,0.0,0.0,0.0,0.0,0.0,0.0,0.0,0.0,0.0,0.0,0.0,0.0,1
KUL28,Border,B cells,Unspecified Plasma,GSE144735,0.0,0.0,0.0,0.0,0.0,0.0,0.0,0.0,0.0,0.0,0.0,0.0,0.0,0.0,0.0,0.0,0.0,0.0,0.0,0.0,0.16778590913239513,0.0,0.0,0.0,0.0,0.0,0.0,0.0,0.0,0.0,0.0,0.0,0.0,0.5482550249709208,0.0,0.0,0.0,0.0,0.0,0.0,0.0,0.16778590913239513,0.0,0.0,0.0,0.0,0.0,0.0,0.0,0.0,0.0,0.0,0.0,0.0,0.0,0.0,0.0,0.0,0.0,0.0,0.0,0.0,0.0,0.0,0.0,0.0,0.0,0.0,0.0,0.0,0.0,0.0,0.0,0.0,0.0,0.0,0.0,0.5,0.0,0.0,0.0,0.0,0.0,0.0,0.0,0.0,0.0,0.0,0.0,0.0,0.5,0.0,0.0,0.0,0.0,0.0,0.0,0.0,0.5,0.0,0.0,0.0,0.0,0.0,0.0,0.0,0.0,0.0,0.0,0.0,0.0,0.0,0.0,0.0,2
KUL28,Border,Epithelial cells,Epithelial cells,GSE144735,0.0,0.09618276787421053,0.0,0.059780261538298386,0.02224318908183489,0.0,0.0,0.0,0.0,0.02224318908183489,0.0,0.0,0.0,0.0,0.13990057269712014,0.17409892958075837,0.0,0.0,0.02665844680554056,0.0,0.4575639444698143,0.0,0.6163696909914836,0.0,0.0,0.8432874635932581,0.0,0.0,0.1750880326446255,1.5187011660075478,0.19446328657927048,0.0,0.0,4.163321985402018,0.0,0.0,0.0,0.0,0.050837992846181346,1.9275717705333808,0.041849175756357264,0.4365950248191168,0.0,0.0,0.02095922099990349,0.07595112468941691,0.0388210405383949,0.0,0.0,0.0,0.0,0.0,1.1984810466390725,0.0,0.0313800062058583,0.0,0.0,0.0,0.17647058823529413,0.0,0.11764705882352941,0.058823529411764705,0.0,0.0,0.0,0.0,0.058823529411764705,0.0,0.0,0.0,0.0,0.17647058823529413,0.17647058823529413,0.0,0.0,0.058823529411764705,0.0,0.4117647058823529,0.0,0.7058823529411765,0.0,0.0,0.5882352941176471,0.0,0.0,0.29411764705882354,0.6470588235294118,0.23529411764705882,0.0,0.0,1.0,0.0,0.0,0.0,0.0,0.11764705882352941,0.8235294117647058,0.058823529411764705,0.4117647058823529,0.0,0.0,0.058823529411764705,0.11764705882352941,0.058823529411764705,0.0,0.0,0.0,0.0,0.0,0.5882352941176471,0.0,0.058823529411764705,0.0,0.0,17
KUL28,Border,Mast cells,Mast cells,GSE144735,0.0,0.28561555168709424,0.0,0.0,0.0,0.0,0.0,0.0,0.14394021812340846,0.0,0.0,0.0,0.0,0.0,0.0,0.0,0.0,0.0,0.0,0.0,1.0185932182968591,0.0,0.11214242341706769,0.0,0.14394021812340846,1.4811080379587607,0.0,0.0,0.0,0.0,0.13327298906733462,0.0,0.0,3.629268745565483,0.0,0.0,0.0,0.0,0.14528674099643726,0.1880827834223965,0.0,2.055680216822711,0.0,0.0,0.0,0.3303910355243986,0.0,0.0,0.0,0.0,0.0,0.0,0.0,0.0,0.5481103513283977,0.0,0.0,0.0,0.16666666666666666,0.0,0.0,0.0,0.0,0.0,0.0,0.08333333333333333,0.0,0.0,0.0,0.0,0.0,0.0,0.0,0.0,0.0,0.0,0.0,0.5833333333333334,0.0,0.08333333333333333,0.0,0.08333333333333333,0.75,0.0,0.0,0.0,0.0,0.08333333333333333,0.0,0.0,1.0,0.0,0.0,0.0,0.0,0.08333333333333333,0.08333333333333333,0.0,0.6666666666666666,0.0,0.0,0.0,0.25,0.0,0.0,0.0,0.0,0.0,0.0,0.0,0.0,0.25,0.0,0.0,12
KUL28,Border,Myeloids,Anti-inflammatory,GSE144735,0.0,0.0,0.0,0.0,0.0,0.0,0.0,0.0,0.306216919637517,0.0,0.26212868080546664,0.0,0.0,0.0,0.0,0.8139349567112933,0.0,0.0,0.0,1.313749032890503,0.769846717879243,0.0,0.5792030695089766,0.0,0.0,0.2729861498714595,0.0,0.0,0.0,0.0,0.0,0.0,0.0,3.2032531069933747,0.306216919637517,0.0,1.5065545209054654,0.0,0.0,0.306216919637517,0.0,0.0,0.0,0.0,0.0,1.4420726999838924,0.0,0.0,0.0,0.0,0.0,0.0,0.0,0.0,1.516467722704872,0.0,0.5859043128337926,0.0,0.0,0.0,0.0,0.0,0.0,0.0,0.0,0.2,0.0,0.2,0.0,0.0,0.0,0.0,0.4,0.0,0.0,0.0,0.8,0.4,0.0,0.4,0.0,0.0,0.2,0.0,0.0,0.0,0.0,0.0,0.0,0.0,1.0,0.2,0.0,0.6,0.0,0.0,0.2,0.0,0.0,0.0,0.0,0.0,0.8,0.0,0.0,0.0,0.0,0.0,0.0,0.0,0.0,0.6,0.0,0.4,5
KUL28,Border,Myeloids,Pro-inflammatory,GSE144735,0.0,0.44781876401406917,0.0,0.0,0.0,0.0,0.0,0.0,0.0,0.0,0.0,0.0,0.0,0.0,0.0,1.3720957334032877,0.0,0.0,0.0,0.0,2.1673817674932154,0.6925764801164199,2.666581682096721,0.0,0.19390841839849135,0.9814365242031998,0.0,0.0,0.7660929870877272,0.0,0.0,0.0,0.0,4.704413741776864,0.0,0.0,0.35921257773065773,0.0,0.0,0.49358616525161886,0.0,1.087231569781799,0.0,0.0,0.0,0.48688192273463404,0.0,0.0,0.0,0.0,0.0,0.0,0.0,0.0,0.0,0.0,0.0,0.0,0.2,0.0,0.0,0.0,0.0,0.0,0.0,0.0,0.0,0.0,0.0,0.0,0.0,0.0,0.5,0.0,0.0,0.0,0.0,0.9,0.3,1.0,0.0,0.1,0.4,0.0,0.0,0.4,0.0,0.0,0.0,0.0,1.0,0.0,0.0,0.2,0.0,0.0,0.3,0.0,0.4,0.0,0.0,0.0,0.3,0.0,0.0,0.0,0.0,0.0,0.0,0.0,0.0,0.0,0.0,0.0,10
KUL28,Border,Myeloids,Proliferating,GSE144735,0.1179406250093995,0.37677679515946116,0.0,0.0,0.0,0.0,0.0,0.0,0.11769521001601348,0.0,0.0,0.0,0.0,0.0,0.4702624606884404,0.585793803973391,0.0,0.0,0.7002617092038452,0.5538514181934512,1.0272804281136574,0.0,1.6739102228927856,0.0,0.0,0.7274560172797471,0.0,0.0,0.47066056261573247,0.0,0.0,0.0,0.0,4.130423196962102,0.0,0.0,1.3069044618864016,0.0,0.0,0.2619792290027346,0.0,0.9191562898373963,0.0,0.0,0.0,1.527550599261619,0.0,0.0,0.0,0.0,0.0,0.059053165494921796,0.0,0.0,1.8515987676307517,0.0,0.43353121145112966,0.09090909090909091,0.2727272727272727,0.0,0.0,0.0,0.0,0.0,0.0,0.09090909090909091,0.0,0.0,0.0,0.0,0.0,0.36363636363636365,0.36363636363636365,0.0,0.0,0.36363636363636365,0.36363636363636365,0.5454545454545454,0.0,0.8181818181818182,0.0,0.0,0.5454545454545454,0.0,0.0,0.36363636363636365,0.0,0.0,0.0,0.0,1.0,0.0,0.0,0.7272727272727273,0.0,0.0,0.18181818181818182,0.0,0.5454545454545454,0.0,0.0,0.0,0.8181818181818182,0.0,0.0,0.0,0.0,0.0,0.09090909090909091,0.0,0.0,0.6363636363636364,0.0,0.2727272727272727,11
KUL28,Border,Myeloids,SPP1+B,GSE144735,0.0,0.0,0.0,0.0,0.0,0.0,0.0,0.0,0.12530993827867054,0.2801920885318904,0.0,0.0,0.0,0.09647965593335496,0.0,0.8431076898758341,0.0,0.0,3.768010317466135,0.7328368583163463,1.2817706465045826,0.0,1.6009679759095885,0.0,0.0,1.022877612328199,0.0,0.0,0.0,0.0,0.0,0.0,0.0,4.773437847427626,0.0,0.12530993827867054,0.6051515679871864,0.0,0.0,1.8219893512886602,0.0,0.9065910892729081,0.0,0.0,0.0,2.0051132903828583,0.0,1.0680043081822828,0.09647965593335496,0.0,0.0,0.0,0.0,0.0,2.580739709785876,0.0,0.1328118441122905,0.0,0.0,0.0,0.0,0.0,0.0,0.0,0.0,0.125,0.125,0.0,0.0,0.0,0.125,0.0,0.625,0.0,0.0,0.875,0.5,0.75,0.0,1.0,0.0,0.0,0.5,0.0,0.0,0.0,0.0,0.0,0.0,0.0,1.0,0.0,0.125,0.5,0.0,0.0,0.75,0.0,0.375,0.0,0.0,0.0,1.0,0.0,0.75,0.125,0.0,0.0,0.0,0.0,0.0,0.875,0.0,0.125,8
KUL28,Border,Stromal cells,Enteric glial cells,GSE144735,0.0,0.0,0.0,0.0,0.0,0.0,0.0,0.0,0.6694768353455491,1.7026945038637267,0.48040337290533514,0.6694768353455491,0.0,0.0,0.0,0.0,0.0,0.0,0.48040337290533514,0.0,0.0,0.0,1.0207561873910416,0.0,0.0,1.3527242810656028,0.9469249389189308,0.0,0.0,0.0,0.0,0.0,0.0,3.2511897910006695,0.0,0.0,0.0,0.0,0.0,0.48040337290533514,0.48040337290533514,2.6496194427826576,0.0,0.0,0.0,0.0,0.0,1.4674608520199925,0.0,0.0,0.0,0.48040337290533514,0.0,0.0,0.0,1.0207561873910416,2.379390864374642,0.0,0.0,0.0,0.0,0.0,0.0,0.0,0.0,0.3333333333333333,0.6666666666666666,0.3333333333333333,0.3333333333333333,0.0,0.0,0.0,0.0,0.0,0.0,0.3333333333333333,0.0,0.0,0.0,0.6666666666666666,0.0,0.0,0.6666666666666666,0.3333333333333333,0.0,0.0,0.0,0.0,0.0,0.0,1.0,0.0,0.0,0.0,0.0,0.0,0.3333333333333333,0.3333333333333333,1.0,0.0,0.0,0.0,0.0,0.0,0.3333333333333333,0.0,0.0,0.0,0.3333333333333333,0.0,0.0,0.0,0.6666666666666666,1.0,3
KUL28,Border,Stromal cells,Myofibroblasts,GSE144735,0.0,0.1612205311366064,0.0,0.06576944099516502,1.153768628580483,0.0,0.0,0.19794731221200046,3.9879767777142123,1.2836391255458446,0.1933809478244327,0.0,0.0,0.0,0.6174908583406256,0.5171150249502836,0.0,0.0,0.0,0.0,0.6243426675273535,0.03675564084042029,1.2776645929190502,0.06717593780845399,0.03070552907690992,3.401692586673529,0.0,0.02526832048305134,0.8378436302421104,0.0,0.20808587660747566,0.0,0.0,3.2855641055346423,0.05313269274349291,0.02254548427863177,0.0,0.0,0.0,0.6678631878185961,0.0,1.5671829462759241,0.024468446743752557,0.0,0.0,0.0,0.0,0.5131374625205468,0.0,0.3408159761255216,0.0,3.411569010643281,0.0,0.0,0.513699140698045,0.0,0.0,0.0,0.16216216216216217,0.0,0.05405405405405406,0.7027027027027027,0.0,0.0,0.1891891891891892,0.972972972972973,0.7027027027027027,0.16216216216216217,0.0,0.0,0.0,0.2702702702702703,0.21621621621621623,0.0,0.0,0.0,0.0,0.43243243243243246,0.02702702702702703,0.6756756756756757,0.05405405405405406,0.02702702702702703,0.972972972972973,0.0,0.02702702702702703,0.5405405405405406,0.0,0.1891891891891892,0.0,0.0,0.972972972972973,0.05405405405405406,0.02702702702702703,0.0,0.0,0.0,0.5675675675675675,0.0,0.6216216216216216,0.02702702702702703,0.0,0.0,0.0,0.0,0.24324324324324326,0.0,0.16216216216216217,0.0,1.0,0.0,0.0,0.2702702702702703,0.0,0.0,37
KUL28,Border,Stromal cells,Pericytes,GSE144735,0.0,0.12112046202730002,0.0,0.0,1.2995650265737901,0.0,0.0,0.02746052302779834,2.81937121897687,1.595879303139553,0.01374592815366543,0.0,0.0,0.023813070303627004,0.0,0.28912526710842207,0.0,0.0,0.0,0.0,0.25021263758233575,0.0,0.17839306306969926,0.0,0.1921478420541524,2.3082769150721054,0.0,0.0,0.09780374674028465,0.02522546376215435,0.11210486978455865,0.0,0.0,3.3059181930790293,0.059981576439079476,0.0,0.0,0.0,0.0,0.3296974590301708,0.0,1.0101711964944626,0.0,0.0,0.0,0.01857131705316263,0.0,0.14924679177546163,0.009473594814767294,0.11048487504935005,0.0,2.622076603335453,0.0,0.0,0.10224947075528945,0.0,0.0,0.0,0.1320754716981132,0.0,0.0,0.6792452830188679,0.0,0.0,0.018867924528301886,0.9433962264150944,0.7169811320754716,0.018867924528301886,0.0,0.0,0.03773584905660377,0.0,0.16981132075471697,0.0,0.0,0.0,0.0,0.20754716981132076,0.0,0.1320754716981132,0.0,0.07547169811320754,0.8867924528301887,0.0,0.0,0.07547169811320754,0.018867924528301886,0.07547169811320754,0.0,0.0,0.9622641509433962,0.03773584905660377,0.0,0.0,0.0,0.0,0.2641509433962264,0.0,0.5471698113207547,0.0,0.0,0.0,0.018867924528301886,0.0,0.07547169811320754,0.018867924528301886,0.03773584905660377,0.0,0.9056603773584906,0.0,0.0,0.05660377358490566,0.0,0.0,53
KUL28,Border,Stromal cells,Smooth muscle cells,GSE144735,0.0,0.0,0.0,0.0,0.0,0.0,0.0,0.0,0.0,2.615334940782044,0.0,0.0,0.0,0.0,0.0,0.0,0.0,0.0,0.0,0.0,0.0,0.0,0.0,0.0,0.0,2.615334940782044,0.0,0.0,0.0,0.0,0.0,0.0,0.0,1.4200078850111388,0.0,0.0,0.0,0.0,0.0,0.0,0.0,4.252311570195234,0.0,0.0,0.0,0.0,0.0,1.1953270557709055,0.0,0.0,0.0,1.7131385330295894,0.0,0.0,1.612906914239988,0.0,0.0,0.0,0.0,0.0,0.0,0.0,0.0,0.0,0.0,0.0,1.0,0.0,0.0,0.0,0.0,0.0,0.0,0.0,0.0,0.0,0.0,0.0,0.0,0.0,0.0,0.0,1.0,0.0,0.0,0.0,0.0,0.0,0.0,0.0,0.5,0.0,0.0,0.0,0.0,0.0,0.0,0.0,1.0,0.0,0.0,0.0,0.0,0.0,0.5,0.0,0.0,0.0,0.5,0.0,0.0,0.5,0.0,0.0,2
KUL28,Border,Stromal cells,Stalk-like ECs,GSE144735,0.0,0.1273071827937399,0.0,0.0,0.21858325352783245,0.0,0.0,0.3273594834505041,0.0,1.3458811728001114,0.0,0.0,0.0,0.0,0.0,0.41658043735464184,0.0,0.0,0.0,0.0,0.1727039537451239,0.0,0.2151218024503625,0.08435845309176443,0.0,1.183834434834281,0.0,0.0,0.21807275092123915,0.0,0.21529194024893009,0.0,0.0,2.6894983723256884,0.24060679079849978,0.0,0.0,0.0,0.0,0.11882407659331325,0.0,1.5941402607589277,0.0,0.0,0.0,0.0,0.0,0.21082785052227582,0.0,0.0,0.13093348715716566,0.0,0.0,0.0,0.0,0.0,0.0,0.0,0.08333333333333333,0.0,0.0,0.16666666666666666,0.0,0.0,0.25,0.0,0.6666666666666666,0.0,0.0,0.0,0.0,0.0,0.16666666666666666,0.0,0.0,0.0,0.0,0.16666666666666666,0.0,0.16666666666666666,0.08333333333333333,0.0,0.6666666666666666,0.0,0.0,0.16666666666666666,0.0,0.16666666666666666,0.0,0.0,1.0,0.16666666666666666,0.0,0.0,0.0,0.0,0.08333333333333333,0.0,0.5833333333333334,0.0,0.0,0.0,0.0,0.0,0.08333333333333333,0.0,0.0,0.08333333333333333,0.0,0.0,0.0,0.0,0.0,0.0,12
KUL28,Border,Stromal cells,Stromal 1,GSE144735,0.0,0.21305640785250984,0.0,0.06025987030446158,1.3146896621456756,0.0,0.0,0.1244887601406242,3.6180250041448447,1.4834451677192977,0.07294795112609986,0.0,0.474926640098144,0.02964991067724121,1.6353697318072715,0.14851973421193784,0.0,0.0,0.09991707729072508,0.04850065055939716,0.3793233509602705,0.0,1.0265091353437004,0.0,0.0,3.0498343995633026,0.0,0.12041003727457067,0.6251471787453043,0.06025987030446158,0.18252533356471545,0.0,0.0,4.016322462871046,0.09500033510698173,0.0,0.0,0.0,0.034807263373956336,0.6879189203224738,0.0,1.4890025027969904,0.0,0.0,0.0,0.13724715146501945,0.0,1.7313931672280272,0.2429293587400844,1.462344958155281,0.0,2.2697132341840884,0.0,0.0,1.8691890115153225,0.0,0.0,0.0,0.15789473684210525,0.0,0.05263157894736842,0.7368421052631579,0.0,0.0,0.10526315789473684,1.0,0.6842105263157895,0.10526315789473684,0.0,0.3157894736842105,0.05263157894736842,0.5789473684210527,0.10526315789473684,0.0,0.0,0.05263157894736842,0.05263157894736842,0.21052631578947367,0.0,0.47368421052631576,0.0,0.0,0.9473684210526315,0.0,0.10526315789473684,0.42105263157894735,0.05263157894736842,0.15789473684210525,0.0,0.0,1.0,0.05263157894736842,0.0,0.0,0.0,0.05263157894736842,0.5263157894736842,0.0,0.5789473684210527,0.0,0.0,0.0,0.15789473684210525,0.0,0.7368421052631579,0.15789473684210525,0.42105263157894735,0.0,0.8947368421052632,0.0,0.0,0.6842105263157895,0.0,0.0,19
KUL28,Border,Stromal cells,Stromal 2,GSE144735,0.0,0.3463517466092595,0.0,0.1610965882404612,0.653746870324283,0.0,0.0,0.3265105603486678,3.1014427636641795,0.7802669893052601,0.0,0.0,0.0,0.0,0.0,0.0,0.0,0.0,0.0,0.0,0.2797520370279972,0.0,0.8440463312539391,0.0,0.1610965882404612,3.403698138026619,0.0,0.0,0.6728623069579273,0.0,0.3152104160595535,0.0,0.0,3.269585899081458,0.47630700430001466,0.1610965882404612,0.0,0.0,0.0,0.6172670499452619,0.0,1.5178799118400668,0.0,0.0,0.0,0.3356919664311295,0.0,0.46350510842006154,0.0,0.0,0.0,2.78729961506854,0.0,0.0,0.3463517466092595,0.0,0.0,0.0,0.4,0.0,0.2,0.4,0.0,0.0,0.2,1.0,0.4,0.0,0.0,0.0,0.0,0.0,0.0,0.0,0.0,0.0,0.0,0.2,0.0,0.4,0.0,0.2,1.0,0.0,0.0,0.6,0.0,0.2,0.0,0.0,1.0,0.4,0.2,0.0,0.0,0.0,0.4,0.0,0.6,0.0,0.0,0.0,0.2,0.0,0.2,0.0,0.0,0.0,1.0,0.0,0.0,0.4,0.0,0.0,5
KUL28,Border,Stromal cells,Stromal 3,GSE144735,0.0,0.0,0.0,0.10814235853933603,0.36476588268310656,0.0,0.0,0.5955343194124759,4.548870464499497,1.8426787293854026,0.15836750137282252,0.0,0.24619036145272205,0.4674963632436477,0.5377988974226119,0.8312976953517204,0.0,0.0,0.0,0.08512962930127517,1.411759319484823,0.0,1.592483429186149,0.38830139583077855,0.0,3.384344844405022,0.0,0.0,0.2778670584476951,0.17772153355160805,0.06522941634846048,0.0,0.0,3.7207780163741377,0.5984384225446107,0.0,0.0,0.0,0.0,1.1733134615245249,0.0,1.7687630750915608,0.0,0.0,0.0,0.19264343968497433,0.0,0.8270175343045834,0.0,0.9942936757384232,0.0,4.143258439696917,0.06522941634846048,0.0,0.7797238858331935,0.0,0.0,0.0,0.0,0.0,0.07142857142857142,0.35714285714285715,0.0,0.0,0.5,1.0,0.8571428571428571,0.21428571428571427,0.0,0.14285714285714285,0.5,0.35714285714285715,0.5,0.0,0.0,0.0,0.07142857142857142,0.5714285714285714,0.0,0.7857142857142857,0.21428571428571427,0.0,1.0,0.0,0.0,0.14285714285714285,0.14285714285714285,0.07142857142857142,0.0,0.0,1.0,0.42857142857142855,0.0,0.0,0.0,0.0,0.8571428571428571,0.0,0.7142857142857143,0.0,0.0,0.0,0.14285714285714285,0.0,0.5,0.0,0.2857142857142857,0.0,1.0,0.07142857142857142,0.0,0.2857142857142857,0.0,0.0,14
KUL28,Border,Stromal cells,Tip-like ECs,GSE144735,0.0,0.06262554981532407,0.0,0.040850025403993614,0.7586131813153437,0.0,0.0,0.35161610514811464,0.07724863479872203,1.3513938926954643,0.019243340566933467,0.0,0.0,0.0,0.0,0.08719168175836087,0.0,0.0,0.143510651096229,0.0,0.07733304707691231,0.0,0.15947138066247477,0.0,0.0,0.9823043572250868,0.0,0.0,0.040619887931050105,0.031518629102036136,0.03901972165444523,0.0,0.0,2.029292749481112,1.2990664688372235,0.0,0.0,0.0,0.0,0.21565550968600322,0.0,1.8310834581667645,0.10144379841968867,0.0,0.008402026769954551,0.0,0.0,0.16278433449939575,0.0,0.0,0.0,0.05869173089725812,0.0,0.0,0.0,0.0,0.0,0.0,0.06896551724137931,0.0,0.017241379310344827,0.46551724137931033,0.0,0.0,0.2413793103448276,0.05172413793103448,0.5689655172413793,0.017241379310344827,0.0,0.0,0.0,0.0,0.05172413793103448,0.0,0.0,0.06896551724137931,0.0,0.06896551724137931,0.0,0.10344827586206896,0.0,0.0,0.5517241379310345,0.0,0.0,0.034482758620689655,0.017241379310344827,0.017241379310344827,0.0,0.0,0.8275862068965517,0.603448275862069,0.0,0.0,0.0,0.0,0.15517241379310345,0.0,0.7068965517241379,0.06896551724137931,0.0,0.017241379310344827,0.0,0.0,0.08620689655172414,0.0,0.0,0.0,0.05172413793103448,0.0,0.0,0.0,0.0,0.0,58
KUL28,Border,T cells,CD4+ T cells,GSE144735,0.0,0.26241180110259615,0.17167143996647707,0.0,0.0,0.0,0.0,0.0,0.0,0.0,0.0,0.0,0.0,0.0,0.0,0.0,0.0,0.0,0.0,0.0,0.0,0.0,0.0,0.0,0.0,0.19945923276947014,0.0,0.0,0.0,0.0,0.0,0.0,0.0,2.4310652311561034,0.0,0.5384467578070737,0.0,0.0,0.6023008098868249,0.0,0.0,0.948162105728402,0.0,0.0,0.0,0.0,0.0,0.0,0.0,0.0,0.0,0.0,0.0,0.0,0.0,0.0,0.0,0.0,0.2,0.1,0.0,0.0,0.0,0.0,0.0,0.0,0.0,0.0,0.0,0.0,0.0,0.0,0.0,0.0,0.0,0.0,0.0,0.0,0.0,0.0,0.0,0.0,0.1,0.0,0.0,0.0,0.0,0.0,0.0,0.0,0.9,0.0,0.3,0.0,0.0,0.2,0.0,0.0,0.4,0.0,0.0,0.0,0.0,0.0,0.0,0.0,0.0,0.0,0.0,0.0,0.0,0.0,0.0,0.0,10
KUL28,Border,T cells,CD8+ T cells,GSE144735,0.0,0.0,0.0,0.0,0.0,0.683051031784899,0.0,0.0,0.0,0.0,0.0,0.0,0.0,0.0,0.0,0.0,0.0,0.0,0.0,0.0,0.0,0.0,0.0,0.0,0.0,0.0,0.0,0.0,0.0,0.7127678090913084,0.0,0.0,0.0,2.5360610865021225,0.0,0.923571903921753,0.0,0.0,1.7432233139139568,0.0,0.0,1.823776783444414,0.0,0.0,0.0,0.0,0.0,0.0,0.0,0.0,0.0,0.0,0.0,0.0,0.0,0.0,0.0,0.0,0.0,0.0,0.0,0.0,0.3333333333333333,0.0,0.0,0.0,0.0,0.0,0.0,0.0,0.0,0.0,0.0,0.0,0.0,0.0,0.0,0.0,0.0,0.0,0.0,0.0,0.0,0.0,0.0,0.0,0.3333333333333333,0.0,0.0,0.0,1.0,0.0,0.3333333333333333,0.0,0.0,0.6666666666666666,0.0,0.0,0.6666666666666666,0.0,0.0,0.0,0.0,0.0,0.0,0.0,0.0,0.0,0.0,0.0,0.0,0.0,0.0,0.0,3
KUL28,Border,T cells,Regulatory T cells,GSE144735,0.0,1.8737509171920985,0.0,0.0,0.0,0.0,0.0,0.0,0.0,0.0,0.0,0.0,0.0,0.0,0.0,0.0,0.0,0.0,0.0,0.0,0.0,0.0,0.0,0.0,0.0,0.0,0.0,0.0,0.0,0.0,0.0,0.0,0.0,3.137696859991492,0.0,0.0,0.0,0.0,0.0,0.0,0.0,2.4870176138136064,0.0,0.0,0.0,0.0,0.0,0.0,0.0,0.0,0.0,0.0,0.0,0.0,0.0,0.0,0.0,0.0,1.0,0.0,0.0,0.0,0.0,0.0,0.0,0.0,0.0,0.0,0.0,0.0,0.0,0.0,0.0,0.0,0.0,0.0,0.0,0.0,0.0,0.0,0.0,0.0,0.0,0.0,0.0,0.0,0.0,0.0,0.0,0.0,1.0,0.0,0.0,0.0,0.0,0.0,0.0,0.0,1.0,0.0,0.0,0.0,0.0,0.0,0.0,0.0,0.0,0.0,0.0,0.0,0.0,0.0,0.0,0.0,1
KUL28,Border,T cells,gamma delta T cells,GSE144735,0.0,0.0,0.0,0.0,0.0,0.5597507393967793,0.36301016074147263,0.0,0.0,0.0,0.0,0.0,0.0,0.0,0.0,0.3711550105588281,0.0,0.0,0.0,0.0,0.0,0.0,0.0,0.0,0.0,0.0,0.0,0.0,0.0,0.0,0.344320228854492,0.0,0.0,2.5691092084000227,0.0,1.2805442824466715,0.0,0.384092439354136,2.2170969249258308,0.0,0.0,0.344320228854492,0.0,0.0,0.0,0.0,0.0,0.0,0.0,0.0,0.0,0.0,0.0,0.0,0.0,0.0,0.0,0.0,0.0,0.0,0.0,0.0,0.2,0.2,0.0,0.0,0.0,0.0,0.0,0.0,0.0,0.0,0.2,0.0,0.0,0.0,0.0,0.0,0.0,0.0,0.0,0.0,0.0,0.0,0.0,0.0,0.0,0.2,0.0,0.0,1.0,0.0,0.6,0.0,0.2,1.0,0.0,0.0,0.2,0.0,0.0,0.0,0.0,0.0,0.0,0.0,0.0,0.0,0.0,0.0,0.0,0.0,0.0,0.0,5
KUL28,Normal,B cells,CD19+CD20+ B,GSE144735,0.0,0.029581062535929615,0.03128183224526252,0.0,0.0,0.0,0.0,0.0,0.0,0.01442543099961322,0.0,0.0,0.0,0.0,0.0,0.01862164524367069,0.0,0.0,0.0,0.0,0.0,0.0,0.09394418985528058,0.028969110526119904,0.029864328373367263,0.02804339443878762,0.0,0.0,0.0,0.009611598723603895,0.08564500526346716,0.0,0.0,2.94016979365269,0.0,0.0,0.0,0.0,0.0,0.03701281127983736,0.0,0.25169295499129135,0.0,0.0,0.0,0.07795818016399883,0.0,0.05891117077176062,0.0,0.021670233521658623,0.0,0.0,0.0,0.0,0.0,0.0,0.0,0.0,0.025974025974025976,0.025974025974025976,0.0,0.0,0.0,0.0,0.0,0.0,0.012987012987012988,0.0,0.0,0.0,0.0,0.0,0.012987012987012988,0.0,0.0,0.0,0.0,0.0,0.0,0.06493506493506493,0.012987012987012988,0.025974025974025976,0.025974025974025976,0.0,0.0,0.0,0.012987012987012988,0.05194805194805195,0.0,0.0,0.987012987012987,0.0,0.0,0.0,0.0,0.0,0.025974025974025976,0.0,0.15584415584415584,0.0,0.0,0.0,0.05194805194805195,0.0,0.03896103896103896,0.0,0.012987012987012988,0.0,0.0,0.0,0.0,0.0,0.0,0.0,77
KUL28,Normal,B cells,IgA+ Plasma,GSE144735,0.0,0.032788498204590066,0.007909295725487677,0.0,0.0,0.0030670897424243354,0.0019029871786591227,0.0,0.022462096042335674,0.02196716480416248,0.0067807064870192375,0.0,0.0,0.002226231217417661,0.005523230138641742,0.0,0.0,0.0,0.0050217161734721835,0.0,0.028601466368019766,0.0029104741732991334,0.07877088819015096,0.0,0.0,0.8200270968750146,0.0030070983973302977,0.0,0.02384625763816787,0.004136842013941477,0.020710322617768655,0.0,0.0,1.6882346090482787,0.01543532459669261,0.0,0.0,0.003028795314607513,0.017443272052342067,0.177225844571404,0.0,0.43967696480569557,0.0,0.0,0.0,0.02697180014448056,0.0,0.02860605602605671,0.0,0.01661360996701981,0.0,0.014919153401936733,0.013766957182665423,0.0,0.020871734201397686,0.0,0.009176780195562029,0.0,0.03684210526315789,0.010526315789473684,0.0,0.0,0.005263157894736842,0.005263157894736842,0.0,0.021052631578947368,0.021052631578947368,0.005263157894736842,0.0,0.0,0.005263157894736842,0.005263157894736842,0.0,0.0,0.0,0.010526315789473684,0.0,0.042105263157894736,0.005263157894736842,0.1,0.0,0.0,0.6736842105263158,0.005263157894736842,0.0,0.031578947368421054,0.005263157894736842,0.031578947368421054,0.0,0.0,0.9368421052631579,0.021052631578947368,0.0,0.0,0.005263157894736842,0.021052631578947368,0.22105263157894736,0.0,0.45263157894736844,0.0,0.0,0.0,0.042105263157894736,0.0,0.042105263157894736,0.0,0.021052631578947368,0.0,0.021052631578947368,0.02631578947368421,0.0,0.015789473684210527,0.0,0.015789473684210527,190
KUL28,Normal,B cells,Unspecified Plasma,GSE144735,0.0,0.0,0.0,0.0,0.0,0.0,0.0,0.0,0.0,0.0,0.0,0.0,0.0,0.0,0.0,0.0,0.0,0.0,0.0,0.0,0.0,0.0,0.0,0.0,0.0,0.17662748849732657,0.0,0.0,0.0,0.0,0.0,0.0,0.0,0.17662748849732657,0.0,0.0,0.0,0.0,0.0,0.0,0.0,0.0,0.0,0.0,0.0,0.0,0.0,0.0,0.0,0.0,0.0,0.0,0.0,0.0,0.0,0.0,0.0,0.0,0.0,0.0,0.0,0.0,0.0,0.0,0.0,0.0,0.0,0.0,0.0,0.0,0.0,0.0,0.0,0.0,0.0,0.0,0.0,0.0,0.0,0.0,0.0,0.0,0.25,0.0,0.0,0.0,0.0,0.0,0.0,0.0,0.25,0.0,0.0,0.0,0.0,0.0,0.0,0.0,0.0,0.0,0.0,0.0,0.0,0.0,0.0,0.0,0.0,0.0,0.0,0.0,0.0,0.0,0.0,0.0,4
KUL28,Normal,Epithelial cells,BEST4+ Enterocytes,GSE144735,0.0,0.0,0.0,0.0,0.0,0.0,0.0,0.0,0.0,0.0,0.0,0.0,0.0,0.0,0.0,0.0,0.0,0.0,0.0,0.0,0.3350133581806854,0.0,1.1048432598669087,0.0,0.0,0.3989790473325264,0.0,0.0,0.0,0.0,0.0,0.0,0.0,3.9317169506055194,0.0,0.0,0.0,0.0,0.0,3.0363788352443066,0.0,2.38612513198499,0.0,0.0,0.0,0.0,0.0,0.0,0.0,0.0,0.0,0.0,0.7339924055132119,0.0,0.0,0.0,0.0,0.0,0.0,0.0,0.0,0.0,0.0,0.0,0.0,0.0,0.0,0.0,0.0,0.0,0.0,0.0,0.0,0.0,0.0,0.0,0.0,0.5,0.0,1.0,0.0,0.0,0.5,0.0,0.0,0.0,0.0,0.0,0.0,0.0,1.0,0.0,0.0,0.0,0.0,0.0,1.0,0.0,1.0,0.0,0.0,0.0,0.0,0.0,0.0,0.0,0.0,0.0,0.0,1.0,0.0,0.0,0.0,0.0,2
KUL28,Normal,Epithelial cells,Goblet cells,GSE144735,0.0,0.0,0.0,0.0,0.0,0.0,0.0,0.0,0.0,0.0,0.0,0.0,0.0,0.0,0.0,0.0,0.0,0.0,0.0,0.0,0.0,0.0,0.0,0.0,0.0,0.0,0.0,0.0,0.0,0.0,0.0,0.0,0.0,2.5785801699048974,0.0,0.0,0.0,0.0,0.0,1.7168392730589206,0.0,4.021825157090559,0.0,0.0,0.0,0.0,0.0,0.0,0.0,0.0,0.0,0.0,0.9251718656768242,0.0,0.0,0.0,0.0,0.0,0.0,0.0,0.0,0.0,0.0,0.0,0.0,0.0,0.0,0.0,0.0,0.0,0.0,0.0,0.0,0.0,0.0,0.0,0.0,0.0,0.0,0.0,0.0,0.0,0.0,0.0,0.0,0.0,0.0,0.0,0.0,0.0,1.0,0.0,0.0,0.0,0.0,0.0,1.0,0.0,1.0,0.0,0.0,0.0,0.0,0.0,0.0,0.0,0.0,0.0,0.0,1.0,0.0,0.0,0.0,0.0,1
KUL28,Normal,Epithelial cells,Intermediate,GSE144735,0.0,0.0,0.0,0.0,0.0,0.0,0.0,0.0,0.0,0.17889826421343555,0.0,0.0,0.0,0.0,0.0,0.0,0.0,0.0,0.0,0.0,0.5199018792016659,0.0,0.0,0.0,0.0,0.15018868247072176,0.0,0.0,0.0,0.8806780523958248,0.0,0.0,0.0,4.242418402050161,0.0,0.0,0.0,0.0,0.0,2.055769252205551,0.0,2.038442966294485,0.0,0.0,0.0,0.0,0.0,0.0,0.0,0.0,0.0,0.0,0.0,0.0,0.0,0.0,0.0,0.0,0.0,0.0,0.0,0.0,0.0,0.0,0.0,0.0,0.07692307692307693,0.0,0.0,0.0,0.0,0.0,0.0,0.0,0.0,0.0,0.0,0.23076923076923078,0.0,0.0,0.0,0.0,0.07692307692307693,0.0,0.0,0.0,0.38461538461538464,0.0,0.0,0.0,1.0,0.0,0.0,0.0,0.0,0.0,0.7692307692307693,0.0,0.6923076923076923,0.0,0.0,0.0,0.0,0.0,0.0,0.0,0.0,0.0,0.0,0.0,0.0,0.0,0.0,0.0,13
KUL28,Normal,Epithelial cells,Stem-like/TA,GSE144735,0.0,0.0,0.0,0.0,0.1001235783938511,0.0,0.0,0.0,0.0,0.0,0.0,0.0,0.0,0.0,0.25160686586078945,0.0,0.0,0.0,0.1001235783938511,0.0,0.0,0.0,0.7424433233298544,0.0,0.0,0.0,0.1001235783938511,0.0,0.17142042303763577,1.3548492005007977,0.1493325427006415,0.0,0.0,3.6617959279549157,0.0,0.0,0.0,0.0,0.0,3.0985432148337564,0.0,2.184323045740361,0.0,0.0,0.0,0.1001235783938511,0.0,0.0,0.0,0.0,0.0,0.0,0.9169078831789669,0.0,0.0,0.1001235783938511,0.1001235783938511,0.0,0.0,0.0,0.0,0.25,0.0,0.0,0.0,0.0,0.0,0.0,0.0,0.0,0.0,0.25,0.0,0.0,0.0,0.25,0.0,0.0,0.0,1.0,0.0,0.0,0.0,0.25,0.0,0.25,1.0,0.25,0.0,0.0,1.0,0.0,0.0,0.0,0.0,0.0,1.0,0.0,1.0,0.0,0.0,0.0,0.25,0.0,0.0,0.0,0.0,0.0,0.0,0.75,0.0,0.0,0.25,0.25,4
KUL28,Normal,Mast cells,Mast cells,GSE144735,0.0,0.0,0.0,0.0,0.0,0.0,0.0,0.0,0.0,0.0,0.09534819163164747,0.0,0.0,0.0,0.0,0.0,0.0,0.0,0.0,0.0,0.0,0.0,0.0,0.0,0.0858020074920451,1.7028579225342753,0.0,0.0,0.0,0.0,0.0,0.0,0.0,4.315589881353964,0.0,0.0,0.0,0.0,0.0,0.3882842296707747,0.0,0.6151142376709494,0.0,0.0,0.0,0.33300297812929236,0.0,0.057369475520085145,0.0,0.0,0.0,0.0,0.0,0.0,0.1509750652835055,0.0,0.0,0.0,0.0,0.0,0.0,0.0,0.0,0.0,0.0,0.0,0.0,0.05263157894736842,0.0,0.0,0.0,0.0,0.0,0.0,0.0,0.0,0.0,0.0,0.0,0.0,0.0,0.05263157894736842,0.7894736842105263,0.0,0.0,0.0,0.0,0.0,0.0,0.0,1.0,0.0,0.0,0.0,0.0,0.0,0.21052631578947367,0.0,0.3157894736842105,0.0,0.0,0.0,0.21052631578947367,0.0,0.05263157894736842,0.0,0.0,0.0,0.0,0.0,0.0,0.10526315789473684,0.0,0.0,19
KUL28,Normal,Myeloids,Anti-inflammatory,GSE144735,0.0,0.0,0.0,0.0,0.0,0.0,0.0,0.0,0.0,0.0,0.0,0.0,0.0,0.0,0.0,0.9551248956750191,0.0,0.0,0.0,0.7295456235777369,0.8641182881727426,0.0,0.3978428360691812,0.0,0.0,0.0,0.0,0.0,0.6536604660727886,0.0,0.0,0.0,0.0,3.5935316906920036,0.7049577708642415,0.0,1.5748419722065234,0.0,0.0,0.0,0.0,0.8083204213578629,0.0,0.0,0.0,0.2925357664416636,0.0,0.31159388186407505,0.0,0.0,0.0,0.0,0.0,0.0,0.5806450633235501,0.0,0.0,0.0,0.0,0.0,0.0,0.0,0.0,0.0,0.0,0.0,0.0,0.0,0.0,0.0,0.0,0.0,0.3333333333333333,0.0,0.0,0.0,0.3333333333333333,0.3333333333333333,0.0,0.16666666666666666,0.0,0.0,0.0,0.0,0.0,0.3333333333333333,0.0,0.0,0.0,0.0,1.0,0.3333333333333333,0.0,0.6666666666666666,0.0,0.0,0.0,0.0,0.3333333333333333,0.0,0.0,0.0,0.16666666666666666,0.0,0.16666666666666666,0.0,0.0,0.0,0.0,0.0,0.0,0.16666666666666666,0.0,0.0,6
KUL28,Normal,Myeloids,Pro-inflammatory,GSE144735,0.0,0.0,0.0,0.0,0.0,0.0,0.0,0.0,0.0,0.0,0.0,0.0,0.0,0.0,0.0,1.9826739287530084,0.0,0.0,0.0,0.0,0.8548071010968321,0.5154056355999799,1.1762097668163487,0.0,0.0,1.274448204964889,0.0,0.0,0.8642256110946325,0.0,0.0,0.0,0.0,4.925404297402437,0.0,0.0,0.42997642345672776,0.0,0.0,0.2717537249633202,0.0,0.31879278367502034,0.0,0.0,0.0,1.479951692047072,0.0,0.0,0.0,0.0,0.0,0.0,0.0,0.0,0.0,0.0,0.0,0.0,0.0,0.0,0.0,0.0,0.0,0.0,0.0,0.0,0.0,0.0,0.0,0.0,0.0,0.0,0.75,0.0,0.0,0.0,0.0,0.5,0.25,0.75,0.0,0.0,0.75,0.0,0.0,0.5,0.0,0.0,0.0,0.0,1.0,0.0,0.0,0.25,0.0,0.0,0.25,0.0,0.25,0.0,0.0,0.0,0.75,0.0,0.0,0.0,0.0,0.0,0.0,0.0,0.0,0.0,0.0,0.0,4
KUL28,Normal,Myeloids,Proliferating,GSE144735,0.22700721820393277,0.22700721820393277,0.17379700664840259,0.0,0.0,0.0,0.0,0.0,0.0,0.0,0.0,0.0,0.0,0.0,0.22700721820393277,0.0,0.0,0.0,0.0,0.5883808572322827,0.8213422542994221,0.0,0.17379700664840259,0.0,0.0,0.5299886212822873,0.0,0.0,0.5338898096956034,0.0,0.0,0.0,0.0,3.9478469633618842,0.17379700664840259,0.0,0.0,0.0,0.0,1.070722236874207,0.0,0.6507095666287067,0.0,0.0,0.0,1.8227791125673332,0.0,0.0,0.0,0.0,0.0,0.0,0.0,0.0,0.8630549079571384,0.0,1.1273516700674586,0.3333333333333333,0.3333333333333333,0.3333333333333333,0.0,0.0,0.0,0.0,0.0,0.0,0.0,0.0,0.0,0.0,0.0,0.3333333333333333,0.0,0.0,0.0,0.0,1.0,1.0,0.0,0.3333333333333333,0.0,0.0,0.3333333333333333,0.0,0.0,0.6666666666666666,0.0,0.0,0.0,0.0,1.0,0.3333333333333333,0.0,0.0,0.0,0.0,1.0,0.0,0.3333333333333333,0.0,0.0,0.0,1.0,0.0,0.0,0.0,0.0,0.0,0.0,0.0,0.0,0.3333333333333333,0.0,1.0,3
KUL28,Normal,Myeloids,Unknown,GSE144735,0.0,2.337424776360579,0.0,0.0,0.0,0.0,0.0,0.0,0.0,0.0,0.0,0.0,0.0,0.0,0.0,0.0,0.0,0.0,0.0,0.0,0.0,0.0,0.0,0.0,0.0,0.0,0.0,0.0,0.0,0.0,0.0,0.0,0.0,4.549079819861936,0.0,0.0,0.0,0.0,0.0,0.0,0.0,0.0,0.0,0.0,0.0,0.0,0.0,0.0,0.0,0.0,0.0,0.0,0.0,0.0,0.0,0.0,0.0,0.0,1.0,0.0,0.0,0.0,0.0,0.0,0.0,0.0,0.0,0.0,0.0,0.0,0.0,0.0,0.0,0.0,0.0,0.0,0.0,0.0,0.0,0.0,0.0,0.0,0.0,0.0,0.0,0.0,0.0,0.0,0.0,0.0,1.0,0.0,0.0,0.0,0.0,0.0,0.0,0.0,0.0,0.0,0.0,0.0,0.0,0.0,0.0,0.0,0.0,0.0,0.0,0.0,0.0,0.0,0.0,0.0,1
KUL28,Normal,Myeloids,cDC,GSE144735,0.0,0.0,0.0,0.0,0.0,0.0,0.0,0.0,0.42300235788708923,0.0,0.0,0.0,0.0,0.0,0.0,0.0,0.0,0.0,0.0,0.0,0.0,0.0,0.5358759869887799,0.0,0.0,0.42300235788708923,0.0,0.0,1.211561287657734,0.0,0.0,0.0,0.0,3.823725972958533,0.0,0.0,0.5358759869887799,0.0,0.0,0.0,0.0,0.9588783448758691,0.0,0.0,0.0,1.4373773664204972,0.0,0.0,0.0,0.0,0.0,0.0,0.0,0.0,0.0,0.0,1.1846944236386323,0.0,0.0,0.0,0.0,0.0,0.0,0.0,0.0,0.5,0.0,0.0,0.0,0.0,0.0,0.0,0.0,0.0,0.0,0.0,0.0,0.0,0.0,0.5,0.0,0.0,0.5,0.0,0.0,1.0,0.0,0.0,0.0,0.0,1.0,0.0,0.0,0.5,0.0,0.0,0.0,0.0,1.0,0.0,0.0,0.0,1.0,0.0,0.0,0.0,0.0,0.0,0.0,0.0,0.0,0.0,0.0,1.0,2
KUL28,Normal,Stromal cells,Enteric glial cells,GSE144735,0.0,0.5096423610000246,0.0,0.0,0.08754681160086729,0.0,0.0,0.0,0.43231641466008425,0.04043796069444822,0.18331563381509516,0.0,0.0,0.10926091375020781,0.0,0.0,0.0,0.0,1.1684324037674665,0.0,0.30190418340608804,0.0,0.07207563354584821,0.0,0.02391537768149436,0.8173894765681463,2.4968857741342156,0.0,0.45409005181201734,0.0,0.0,0.0,0.0,4.080380263233861,0.11173174116804419,0.0,0.0,0.0,0.0,0.8912142689074856,0.06810960659526015,3.6366259389696176,0.0,0.047890014568536046,0.0,0.0,0.0,0.8377485276774365,0.0,0.0,0.0,0.7833980507581088,0.0,0.030043101137855632,0.2081331929716432,0.5001410413750466,3.2953874733412327,0.0,0.2564102564102564,0.0,0.0,0.05128205128205128,0.0,0.0,0.0,0.21794871794871795,0.02564102564102564,0.08974358974358974,0.0,0.0,0.05128205128205128,0.0,0.0,0.0,0.0,0.47435897435897434,0.0,0.15384615384615385,0.0,0.038461538461538464,0.0,0.01282051282051282,0.3974358974358974,0.8974358974358975,0.0,0.21794871794871795,0.0,0.0,0.0,0.0,1.0,0.0641025641025641,0.0,0.0,0.0,0.0,0.3974358974358974,0.038461538461538464,0.9358974358974359,0.0,0.02564102564102564,0.0,0.0,0.0,0.2564102564102564,0.0,0.0,0.0,0.38461538461538464,0.0,0.01282051282051282,0.08974358974358974,0.24358974358974358,0.9743589743589743,78
KUL28,Normal,Stromal cells,Lymphatic ECs,GSE144735,0.0,0.14714864107586306,0.0,0.0,0.0,0.08881443794381219,0.08881443794381219,0.0,0.0,0.6870687337194417,0.0,0.0,0.0,0.0,0.0,0.383329944738947,0.0,0.0,0.0,0.0,0.0,0.0,0.0,0.0,0.0,1.8450624379073566,0.0,0.0,0.515557921422195,0.0,0.0,0.0,0.0,3.7501121624593288,0.0,0.0,0.0,0.0,0.0,1.2685518542013865,0.14903817145184423,1.248796017447816,0.0,0.0,0.0,0.0,0.0,0.4548246517482646,0.0,0.2144268500868506,0.0,0.0,0.3032412880306628,0.0,0.0,0.0,0.0,0.0,0.1,0.0,0.0,0.0,0.1,0.1,0.0,0.0,0.4,0.0,0.0,0.0,0.0,0.0,0.1,0.0,0.0,0.0,0.0,0.0,0.0,0.0,0.0,0.0,0.8,0.0,0.0,0.3,0.0,0.0,0.0,0.0,1.0,0.0,0.0,0.0,0.0,0.0,0.7,0.1,0.5,0.0,0.0,0.0,0.0,0.0,0.2,0.0,0.1,0.0,0.0,0.2,0.0,0.0,0.0,0.0,10
KUL28,Normal,Stromal cells,Pericytes,GSE144735,0.0,0.09950110495834653,0.0,0.0,0.5079940671187007,0.0,0.0,0.0,1.546098262427782,0.11630729553977717,0.0,0.0,0.0,0.0,0.0,0.0,0.0,0.0,0.0,0.0,0.0,0.0,0.15498964826555184,0.0,1.510915728998795,1.5270285403293158,0.0,0.0,0.9502524701412847,0.0,0.41157757910850895,0.0,0.0,3.3227646164188576,0.5209423582857603,0.0,0.0,0.0,0.0,0.38026866378541685,0.0,3.3632706792463143,0.0,0.0,0.0,0.11773211216627547,0.0,1.1244580491146485,0.0,0.0,0.0,0.5033760767630607,0.10302936335398355,0.0,0.0,0.0,0.0,0.0,0.06666666666666667,0.0,0.0,0.26666666666666666,0.0,0.0,0.0,0.6,0.06666666666666667,0.0,0.0,0.0,0.0,0.0,0.0,0.0,0.0,0.0,0.0,0.0,0.0,0.06666666666666667,0.0,0.6,0.6666666666666666,0.0,0.0,0.4666666666666667,0.0,0.2,0.0,0.0,1.0,0.26666666666666666,0.0,0.0,0.0,0.0,0.2,0.0,0.9333333333333333,0.0,0.0,0.0,0.06666666666666667,0.0,0.4,0.0,0.0,0.0,0.26666666666666666,0.06666666666666667,0.0,0.0,0.0,0.0,15
KUL28,Normal,Stromal cells,Smooth muscle cells,GSE144735,0.0,0.18376062354090844,0.0,0.0,0.20435580071974327,0.0,0.0,0.0,0.17172144684174365,0.22570195164655674,0.0,0.0,0.0,0.0,0.06272687158776194,0.0,0.0,0.0,0.0,0.0,0.11942902854260355,0.0,0.3466532920184242,0.1757230135016793,0.06330515822268959,0.6787127136365464,0.0,0.0,0.46330612063191234,0.0,0.045771588420653084,0.0,0.0,3.319474224389012,0.3321674650476317,0.0,0.0,0.0,0.0,0.5640680416366485,0.0,3.7471903423236244,0.0,0.0,0.0,0.0,0.0,0.4374378113802247,0.0,0.06912295252520319,0.0,0.37393120994224505,0.0,0.0,0.1347978599604047,0.0,0.0,0.0,0.11538461538461539,0.0,0.0,0.15384615384615385,0.0,0.0,0.0,0.07692307692307693,0.15384615384615385,0.0,0.0,0.0,0.0,0.038461538461538464,0.0,0.0,0.0,0.0,0.0,0.07692307692307693,0.0,0.23076923076923078,0.07692307692307693,0.038461538461538464,0.34615384615384615,0.0,0.0,0.2692307692307692,0.0,0.038461538461538464,0.0,0.0,1.0,0.19230769230769232,0.0,0.0,0.0,0.0,0.3076923076923077,0.0,0.9230769230769231,0.0,0.0,0.0,0.0,0.0,0.19230769230769232,0.0,0.038461538461538464,0.0,0.23076923076923078,0.0,0.0,0.038461538461538464,0.0,0.0,26
KUL28,Normal,Stromal cells,Stalk-like ECs,GSE144735,0.0,0.240445579603367,0.0,0.0,0.0,0.0,0.0,0.12949693376839555,0.0,0.1594478594644005,0.31189402915950076,0.0,0.0,0.0,0.0,0.5523627107961548,0.0,0.0,0.0,0.0,0.5692808002368387,0.0,0.44083376865598073,0.5628360107495703,0.10102466999346067,1.312760487984768,0.0,0.0,0.682519405235297,0.0,0.5383762901125096,0.0,0.0,2.9752574973268318,0.5330001779990323,0.0,0.0,0.0,0.0,0.7886067426059583,0.0,2.789750973328573,0.0,0.0,0.06623720050919052,0.0,0.0,0.420729685232052,0.0,0.0,0.48357193711411545,0.0,0.04708385999266304,0.0,0.0761526245044453,0.0,0.05057159871659434,0.0,0.21052631578947367,0.0,0.0,0.0,0.0,0.0,0.10526315789473684,0.0,0.10526315789473684,0.21052631578947367,0.0,0.0,0.0,0.0,0.2631578947368421,0.0,0.0,0.0,0.0,0.3157894736842105,0.0,0.3157894736842105,0.21052631578947367,0.05263157894736842,0.631578947368421,0.0,0.0,0.42105263157894735,0.0,0.3684210526315789,0.0,0.0,1.0,0.3157894736842105,0.0,0.0,0.0,0.0,0.5263157894736842,0.0,0.7368421052631579,0.0,0.0,0.05263157894736842,0.0,0.0,0.21052631578947367,0.0,0.0,0.21052631578947367,0.0,0.05263157894736842,0.0,0.05263157894736842,0.0,0.05263157894736842,19
KUL28,Normal,Stromal cells,Stromal 1,GSE144735,0.0,0.29268058396613156,0.0,0.0,0.6375515585910201,0.0,0.0,0.031348055824081476,2.5075355757152717,2.470834704568093,0.34586729530363064,0.0,1.3986701291788215,0.0,0.1881087601294139,0.0,0.015032496079987025,0.01345593227321045,0.0,0.0,0.15288875801591048,0.0,0.7004287093516154,0.0,0.13532277275150154,1.530941065546956,0.0,0.0,1.413237439745757,0.0,0.2520696404198676,0.0,0.0,3.6831934321171875,1.7346574384905882,0.0,0.0,0.0,0.0,0.8498622768256384,0.0,2.0710505160017196,0.0,0.0,0.014587870478862052,0.1328544187955223,0.0,1.789267633725124,0.08336463351523288,0.4545396568872035,0.0,1.5175127149975576,0.026112154612199723,0.0,2.951576173627831,0.0,0.02133366464623121,0.0,0.20212765957446807,0.0,0.0,0.3829787234042553,0.0,0.0,0.02127659574468085,0.925531914893617,0.8723404255319149,0.2127659574468085,0.0,0.6808510638297872,0.0,0.09574468085106383,0.0,0.010638297872340425,0.010638297872340425,0.0,0.0,0.07446808510638298,0.0,0.3829787234042553,0.0,0.0851063829787234,0.723404255319149,0.0,0.0,0.7553191489361702,0.0,0.18085106382978725,0.0,0.0,0.9893617021276596,0.7978723404255319,0.0,0.0,0.0,0.0,0.4574468085106383,0.0,0.7446808510638298,0.0,0.0,0.010638297872340425,0.09574468085106383,0.0,0.7340425531914894,0.05319148936170213,0.20212765957446807,0.0,0.7340425531914894,0.02127659574468085,0.0,0.9361702127659575,0.0,0.010638297872340425,94
KUL28,Normal,Stromal cells,Stromal 2,GSE144735,0.0,0.1542413662160101,0.0,0.0,0.319485861864734,0.0,0.0,0.0,2.8153000349298143,0.0,0.0,0.0,0.0,0.0,0.0,0.0,0.0,0.0,0.0,0.0,0.2842994792609493,0.21551044213344717,0.0,0.0,0.0,1.7521265191647504,0.0,0.0,0.8870466362363094,0.0,0.37699501811238634,0.0,0.0,3.0582636453270537,0.9020510660731534,0.0,0.0,0.0,0.0,0.19358603244925857,0.0,2.9704222384382066,0.0,0.0,0.0,0.0,0.0,0.0,0.0,0.0,0.0,1.5516125284704967,0.0,0.0,0.27162586118334003,0.0,0.0,0.0,0.1111111111111111,0.0,0.0,0.2222222222222222,0.0,0.0,0.0,1.0,0.0,0.0,0.0,0.0,0.0,0.0,0.0,0.0,0.0,0.0,0.0,0.1111111111111111,0.1111111111111111,0.0,0.0,0.0,0.6666666666666666,0.0,0.0,0.4444444444444444,0.0,0.2222222222222222,0.0,0.0,0.8888888888888888,0.4444444444444444,0.0,0.0,0.0,0.0,0.1111111111111111,0.0,0.8888888888888888,0.0,0.0,0.0,0.0,0.0,0.0,0.0,0.0,0.0,0.6666666666666666,0.0,0.0,0.1111111111111111,0.0,0.0,9
KUL28,Normal,Stromal cells,Stromal 3,GSE144735,0.0,0.2093563291547974,0.0,0.0,0.5784996136090043,0.01926211739570088,0.007606466738169255,0.07669829671282125,1.4666197972133548,1.4623461227757175,0.6790810246039881,0.03240411939140686,0.5594043472017353,0.11093363591821594,0.009551411726467337,0.030546686879662582,0.0,0.0,0.0,0.01649928536068665,0.09741501598985279,0.0,0.6826649379668303,0.09668891613193793,0.13100327179553278,2.2785748656199276,0.0,0.0,0.8427117628298042,0.027599852075711646,0.1433422423322959,0.0,0.0,3.71496400420212,2.2546804329743573,0.01859852459557826,0.0,0.0065670214479142605,0.0076607427411099285,1.3577976190103194,0.01818811864365407,1.7493720795624563,0.012249763825840728,0.0,0.0,0.07985330404240545,0.0,1.3609689117398642,0.0,1.387793770179318,0.0,1.2684960625446617,0.7357118144493295,0.0,0.8281749709527072,0.0,0.027779758696670657,0.0,0.13812154696132597,0.0,0.0,0.3425414364640884,0.011049723756906077,0.0055248618784530384,0.049723756906077346,0.6685082872928176,0.6132596685082873,0.3314917127071823,0.022099447513812154,0.292817679558011,0.06629834254143646,0.0055248618784530384,0.016574585635359115,0.0,0.0,0.0,0.011049723756906077,0.06629834254143646,0.0,0.34806629834254144,0.055248618784530384,0.08287292817679558,0.856353591160221,0.0,0.0,0.4530386740331492,0.016574585635359115,0.09392265193370165,0.0,0.0,0.9834254143646409,0.8895027624309392,0.011049723756906077,0.0,0.0055248618784530384,0.0055248618784530384,0.6629834254143646,0.011049723756906077,0.6464088397790055,0.011049723756906077,0.0,0.0,0.049723756906077346,0.0,0.4696132596685083,0.0,0.43646408839779005,0.0,0.5911602209944752,0.281767955801105,0.0,0.281767955801105,0.0,0.022099447513812154,181
KUL28,Normal,Stromal cells,Tip-like ECs,GSE144735,0.0,0.24919676112841666,0.0,0.0,0.2446460445550237,0.0,0.0,0.041042362196544634,0.25585161741564866,0.15380988676477214,0.0,0.0,0.3998007092249193,0.0,0.06031494451283569,1.2849087698303663,0.0,0.0,0.0,0.0,0.0756550069525022,0.0,0.1251990076221927,0.3871308799546122,0.19030865761309743,0.6865438694488873,0.0,0.0,0.4589438249411639,0.0,0.4553142086697477,0.0,0.0,2.915815352915028,1.4784096131142126,0.0,0.0,0.0,0.0,1.0259955345582963,0.0,3.7603608421548103,0.04192888871203755,0.0,0.0,0.0,0.0,0.31030991152534276,0.0,0.0,0.0,0.12949960880117944,0.0,0.0,0.0,0.0,0.0,0.0,0.15384615384615385,0.0,0.0,0.19230769230769232,0.0,0.0,0.038461538461538464,0.19230769230769232,0.07692307692307693,0.0,0.0,0.19230769230769232,0.0,0.038461538461538464,0.4230769230769231,0.0,0.0,0.0,0.0,0.07692307692307693,0.0,0.11538461538461539,0.15384615384615385,0.11538461538461539,0.4230769230769231,0.0,0.0,0.2692307692307692,0.0,0.3076923076923077,0.0,0.0,1.0,0.7307692307692307,0.0,0.0,0.0,0.0,0.5384615384615384,0.0,0.8846153846153846,0.038461538461538464,0.0,0.0,0.0,0.0,0.15384615384615385,0.0,0.0,0.0,0.11538461538461539,0.0,0.0,0.0,0.0,0.0,26
KUL28,Normal,T cells,CD4+ T cells,GSE144735,0.0,0.11596001898448054,0.0,0.0,0.0,0.39177384709598195,0.35581566661572195,0.0,0.0,0.052652311231295566,0.0,0.0,0.0,0.0,0.0,0.0,0.0,0.0,0.0,0.0,0.059966745863681066,0.0,0.056429133008247645,0.0,0.0,0.25267115937745455,0.0,0.0,0.04250997844839471,0.0,0.21780699561098696,0.0,0.0,2.6134421856484598,0.0,0.11066504080215199,0.0,0.06161601339654653,0.17362377430559142,0.2730350169808376,0.0,0.4436931486013925,0.0,0.0,0.0,0.0,0.0,0.0,0.0,0.06411273280910193,0.0,0.0,0.059644431052320146,0.0,0.0,0.0,0.0541210131123661,0.0,0.06451612903225806,0.0,0.0,0.0,0.16129032258064516,0.1935483870967742,0.0,0.0,0.03225806451612903,0.0,0.0,0.0,0.0,0.0,0.0,0.0,0.0,0.0,0.0,0.03225806451612903,0.0,0.03225806451612903,0.0,0.0,0.12903225806451613,0.0,0.0,0.03225806451612903,0.0,0.12903225806451613,0.0,0.0,0.967741935483871,0.0,0.06451612903225806,0.0,0.03225806451612903,0.06451612903225806,0.16129032258064516,0.0,0.22580645161290322,0.0,0.0,0.0,0.0,0.0,0.0,0.0,0.03225806451612903,0.0,0.0,0.03225806451612903,0.0,0.0,0.0,0.03225806451612903,31
KUL28,Normal,T cells,CD8+ T cells,GSE144735,0.0,0.047771070017783045,0.11117851680924107,0.0,0.0,1.3653057923145322,1.0755018818142907,0.0,0.0,0.0,0.0,0.0,0.0,0.0,0.0,0.0,0.0,0.0,0.0,0.0,0.07139245059262694,0.0,0.08383928249619062,0.0,0.0,0.16542234353725382,0.0,0.0,0.0,0.07554815973777036,0.24338385116605057,0.0,0.0,2.3576929843620715,0.03544841243864231,0.23846568358263395,0.0,0.3567884640123651,0.5566338306450527,0.14244722564818088,0.0,0.5051326079114223,0.0,0.0,0.0,0.02888738408626869,0.0,0.14090663966254813,0.0,0.08306649795486436,0.0,0.0,0.0,0.0,0.0,0.0,0.03479910129890191,0.0,0.020833333333333332,0.0625,0.0,0.0,0.6666666666666666,0.5,0.0,0.0,0.0,0.0,0.0,0.0,0.0,0.0,0.0,0.0,0.0,0.0,0.0,0.041666666666666664,0.0,0.041666666666666664,0.0,0.0,0.08333333333333333,0.0,0.0,0.0,0.041666666666666664,0.14583333333333334,0.0,0.0,0.9166666666666666,0.020833333333333332,0.14583333333333334,0.0,0.16666666666666666,0.2708333333333333,0.08333333333333333,0.0,0.2708333333333333,0.0,0.0,0.0,0.020833333333333332,0.0,0.08333333333333333,0.0,0.041666666666666664,0.0,0.0,0.0,0.0,0.0,0.0,0.020833333333333332,48
KUL28,Normal,T cells,NK cells,GSE144735,0.0,0.2355703006894952,0.0,0.0,0.0,0.0,0.0,0.0,0.1910314187306501,0.0,0.0,0.0,0.0,0.0,0.0,0.0,0.0,0.0,0.0,0.0,0.0,0.0,0.0,0.0,0.0,0.0,0.0,0.0,0.0,0.0,0.0,0.0,0.0,2.6189403847902986,0.0,0.4815222120741487,0.0,0.0,1.043996536515936,0.0,0.0,0.8085344291793245,0.0,0.0,0.0,0.0,0.0,0.0,0.0,0.0,0.0,0.0,0.0,0.0,0.0,0.0,0.0,0.0,0.125,0.0,0.0,0.0,0.0,0.0,0.0,0.125,0.0,0.0,0.0,0.0,0.0,0.0,0.0,0.0,0.0,0.0,0.0,0.0,0.0,0.0,0.0,0.0,0.0,0.0,0.0,0.0,0.0,0.0,0.0,0.0,0.875,0.0,0.25,0.0,0.0,0.375,0.0,0.0,0.375,0.0,0.0,0.0,0.0,0.0,0.0,0.0,0.0,0.0,0.0,0.0,0.0,0.0,0.0,0.0,8
KUL28,Normal,T cells,Regulatory T cells,GSE144735,0.0,0.6053040540969956,0.0,0.0,0.0,0.0,0.0,0.0,0.0,0.0,0.0,0.0,0.0,0.0,0.0,0.0,0.0,0.0,0.0,0.0,0.0,0.0,0.0,0.0,0.0,0.0,0.0,0.0,0.0,0.0,0.0,0.0,0.0,1.5323102345269153,0.0,0.0,0.0,0.0,0.0,0.0,0.0,0.6053040540969956,0.0,0.0,0.0,0.0,0.0,0.0,0.0,0.0,0.0,0.0,0.0,0.0,0.0,0.0,0.0,0.0,0.3333333333333333,0.0,0.0,0.0,0.0,0.0,0.0,0.0,0.0,0.0,0.0,0.0,0.0,0.0,0.0,0.0,0.0,0.0,0.0,0.0,0.0,0.0,0.0,0.0,0.0,0.0,0.0,0.0,0.0,0.0,0.0,0.0,0.6666666666666666,0.0,0.0,0.0,0.0,0.0,0.0,0.0,0.3333333333333333,0.0,0.0,0.0,0.0,0.0,0.0,0.0,0.0,0.0,0.0,0.0,0.0,0.0,0.0,0.0,3
KUL28,Normal,T cells,T follicular helper cells,GSE144735,0.0,0.0,0.0,0.0,0.0,0.0,0.0,0.0,0.0,0.0,0.0,0.0,0.0,0.0,0.0,0.0,0.0,0.0,0.0,0.0,0.0,0.0,0.0,0.0,0.0,0.0,0.0,0.0,0.0,0.0,0.0,0.0,0.0,2.624965454699432,0.0,0.0,0.0,0.0,0.0,0.0,0.0,3.005986813908447,0.0,0.0,0.0,0.0,0.0,0.0,0.0,0.0,0.0,0.0,0.0,0.0,0.0,0.0,0.0,0.0,0.0,0.0,0.0,0.0,0.0,0.0,0.0,0.0,0.0,0.0,0.0,0.0,0.0,0.0,0.0,0.0,0.0,0.0,0.0,0.0,0.0,0.0,0.0,0.0,0.0,0.0,0.0,0.0,0.0,0.0,0.0,0.0,1.0,0.0,0.0,0.0,0.0,0.0,0.0,0.0,1.0,0.0,0.0,0.0,0.0,0.0,0.0,0.0,0.0,0.0,0.0,0.0,0.0,0.0,0.0,0.0,1
KUL28,Normal,T cells,gamma delta T cells,GSE144735,0.0,0.34446766848274407,0.0,0.0,0.0,0.5226202027693896,0.5614837013298578,0.0,0.0,0.0,0.05530360976514043,0.0,0.0,0.0,0.0,0.04592051369788507,0.0,0.0,0.0,0.0,0.0,0.0,0.09504308547581149,0.0,0.0,0.2916134205091009,0.0,0.0,0.09991815499223451,0.0,0.045912118965256106,0.0,0.0,2.332074878171763,0.0,0.7577411420867923,0.0,0.0913126866077596,1.144844529583807,0.1985694697554096,0.0,0.2767350223424349,0.0,0.0,0.0,0.0,0.0,0.06970449798038295,0.0,0.0,0.0,0.0,0.05755727677031577,0.0,0.0,0.0,0.0,0.0,0.18181818181818182,0.0,0.0,0.0,0.2727272727272727,0.2727272727272727,0.0,0.0,0.0,0.030303030303030304,0.0,0.0,0.0,0.0,0.030303030303030304,0.0,0.0,0.0,0.0,0.0,0.0,0.06060606060606061,0.0,0.0,0.18181818181818182,0.0,0.0,0.06060606060606061,0.0,0.030303030303030304,0.0,0.0,0.9393939393939394,0.0,0.45454545454545453,0.0,0.030303030303030304,0.5454545454545454,0.12121212121212122,0.0,0.15151515151515152,0.0,0.0,0.0,0.0,0.0,0.030303030303030304,0.0,0.0,0.0,0.0,0.030303030303030304,0.0,0.0,0.0,0.0,33
KUL28,Tumor,B cells,CD19+CD20+ B,GSE144735,0.0,0.0,0.0,0.0,0.0,0.0,0.0,0.0,0.0,0.0,0.0,0.0,0.0,0.0,0.0,0.6615941455867843,0.0,0.0,0.0,0.0,0.0,0.0,0.594766201326773,1.2514632934382797,0.0,0.0,0.0,0.0,0.0,0.0,0.0,0.0,0.0,3.105823141386525,0.0,0.0,0.0,0.0,0.0,0.0,0.0,0.5898691478514954,0.0,0.0,0.0,0.0,0.0,0.0,0.0,0.0,0.0,0.0,0.0,0.0,0.0,0.0,0.0,0.0,0.0,0.0,0.0,0.0,0.0,0.0,0.0,0.0,0.0,0.0,0.0,0.0,0.0,0.0,0.3333333333333333,0.0,0.0,0.0,0.0,0.0,0.0,0.3333333333333333,0.6666666666666666,0.0,0.0,0.0,0.0,0.0,0.0,0.0,0.0,0.0,1.0,0.0,0.0,0.0,0.0,0.0,0.0,0.0,0.3333333333333333,0.0,0.0,0.0,0.0,0.0,0.0,0.0,0.0,0.0,0.0,0.0,0.0,0.0,0.0,0.0,3
KUL28,Tumor,B cells,Unknown,GSE144735,0.0,0.0,0.0,0.0,0.0,0.0,0.0,0.0,1.4951953148267552,0.0,0.0,0.0,0.0,0.0,0.0,0.0,0.0,0.0,0.0,0.0,0.0,0.0,0.0,0.0,0.0,0.0,0.0,0.0,0.0,0.0,0.0,0.0,0.0,3.572403954263378,0.0,0.0,0.0,0.0,2.9069577829535476,0.0,0.0,0.0,0.0,0.0,0.0,0.0,0.0,0.0,0.0,0.0,0.0,0.0,0.0,0.0,0.0,0.0,0.0,0.0,0.0,0.0,0.0,0.0,0.0,0.0,0.0,1.0,0.0,0.0,0.0,0.0,0.0,0.0,0.0,0.0,0.0,0.0,0.0,0.0,0.0,0.0,0.0,0.0,0.0,0.0,0.0,0.0,0.0,0.0,0.0,0.0,1.0,0.0,0.0,0.0,0.0,1.0,0.0,0.0,0.0,0.0,0.0,0.0,0.0,0.0,0.0,0.0,0.0,0.0,0.0,0.0,0.0,0.0,0.0,0.0,1
KUL28,Tumor,Epithelial cells,CMS2,GSE144735,0.0,0.03287311953801111,0.0,0.0890648483421653,0.04129145823602397,0.010996374532367743,0.0,0.0,0.017849488779100503,0.03231233995903745,0.01114294812503316,0.0,0.0,0.0,0.15871817458758392,0.5030125220678051,0.010866736716471178,0.0,0.04149514961009792,0.0,0.43414488189023015,0.0,0.9672733022700216,0.0,0.04545758941261781,1.0386902941316367,0.0,0.0,0.05237615799785912,0.8804441337445886,0.8018654614533071,0.0,0.04624112162775896,4.251898351773494,0.0,0.0,0.01476090843468636,0.0,0.24420354119839183,0.9875391214547589,0.09292737854326658,0.19737272804024983,0.0,0.0,0.05629998764901402,0.03214633812428728,0.0634899853090646,0.0,0.0,0.0,0.0,0.0,0.022459453473622704,0.0,0.0054912101482093205,0.0,0.010996374532367743,0.0,0.07692307692307693,0.0,0.1282051282051282,0.07692307692307693,0.02564102564102564,0.0,0.0,0.05128205128205128,0.05128205128205128,0.02564102564102564,0.0,0.0,0.0,0.1282051282051282,0.38461538461538464,0.02564102564102564,0.0,0.07692307692307693,0.0,0.4358974358974359,0.0,0.6666666666666666,0.0,0.02564102564102564,0.6410256410256411,0.0,0.0,0.15384615384615385,0.5128205128205128,0.6410256410256411,0.0,0.05128205128205128,1.0,0.0,0.0,0.02564102564102564,0.0,0.3076923076923077,0.6153846153846154,0.15384615384615385,0.28205128205128205,0.0,0.0,0.1282051282051282,0.05128205128205128,0.1282051282051282,0.0,0.0,0.0,0.0,0.0,0.07692307692307693,0.0,0.02564102564102564,0.0,0.02564102564102564,39
KUL28,Tumor,Epithelial cells,CMS3,GSE144735,0.0,2.267787483910739,0.0,0.0,0.0,0.0,0.0,0.0,0.0,0.0,0.0,0.0,0.0,0.0,0.0,0.0,0.0,0.0,0.0,0.0,0.0,0.0,0.0,0.0,0.0,0.0,0.0,0.0,0.0,2.267787483910739,0.0,0.0,0.0,4.368461010281671,0.0,0.0,0.0,0.0,0.0,0.0,0.0,0.0,0.0,0.0,0.0,0.0,0.0,0.0,0.0,0.0,0.0,0.0,0.0,0.0,0.0,0.0,0.0,0.0,1.0,0.0,0.0,0.0,0.0,0.0,0.0,0.0,0.0,0.0,0.0,0.0,0.0,0.0,0.0,0.0,0.0,0.0,0.0,0.0,0.0,0.0,0.0,0.0,0.0,0.0,0.0,0.0,1.0,0.0,0.0,0.0,1.0,0.0,0.0,0.0,0.0,0.0,0.0,0.0,0.0,0.0,0.0,0.0,0.0,0.0,0.0,0.0,0.0,0.0,0.0,0.0,0.0,0.0,0.0,0.0,1
KUL28,Tumor,Mast cells,Mast cells,GSE144735,0.0,0.0,0.0,0.0,0.0,0.0,0.0,0.0,0.0,0.0,0.0,0.0,0.0,0.0,0.0,0.5120692461622618,0.0,0.0,0.3975169328285669,0.0,0.0,0.0,0.0,0.0,0.0,1.4017856368015384,0.0,0.0,0.0,0.0,0.17457799211107095,0.0,0.0,4.379434435428962,0.17876049140209077,0.0,0.0,0.0,0.0,0.17716297996843766,0.0,2.6120226291443416,0.0,0.0,0.0,0.17457799211107095,0.0,0.0,0.0,0.0,0.0,0.19013252533437458,0.0,0.0,0.0,0.0,0.0,0.0,0.0,0.0,0.0,0.0,0.0,0.0,0.0,0.0,0.0,0.0,0.0,0.0,0.0,0.0,0.2,0.0,0.0,0.2,0.0,0.0,0.0,0.0,0.0,0.0,0.6,0.0,0.0,0.0,0.0,0.1,0.0,0.0,1.0,0.1,0.0,0.0,0.0,0.0,0.1,0.0,0.9,0.0,0.0,0.0,0.1,0.0,0.0,0.0,0.0,0.0,0.1,0.0,0.0,0.0,0.0,0.0,10
KUL28,Tumor,Myeloids,Anti-inflammatory,GSE144735,0.0,0.0,0.0,0.0,0.0,0.0,0.0,0.0,0.0,0.29154489049263743,0.0,0.0,0.0,0.0,0.2552261506684225,1.2521307474457581,0.0900661466557466,0.0,0.1142296065494727,0.90902419767672,1.2857210692109065,0.0,0.7891472992999767,0.0,0.1846460519915417,0.49432604466811303,0.0,0.0,0.6429923313632752,0.0,0.0,0.0,0.0,4.042483903008668,0.17382361201321073,0.0,1.7149786853613678,0.0,0.0,0.6238199065411756,0.0,0.9426697278156808,0.0,0.0,0.0,1.4513339331827337,0.0,0.16541677001495647,0.0,0.0,0.0,0.0,0.0,0.0,3.0438697672811883,0.0,0.252896930259314,0.0,0.0,0.0,0.0,0.0,0.0,0.0,0.0,0.0,0.09090909090909091,0.0,0.0,0.0,0.0,0.09090909090909091,0.45454545454545453,0.09090909090909091,0.0,0.09090909090909091,0.5454545454545454,0.5454545454545454,0.0,0.36363636363636365,0.0,0.09090909090909091,0.2727272727272727,0.0,0.0,0.36363636363636365,0.0,0.0,0.0,0.0,1.0,0.09090909090909091,0.0,0.8181818181818182,0.0,0.0,0.36363636363636365,0.0,0.5454545454545454,0.0,0.0,0.0,0.7272727272727273,0.0,0.09090909090909091,0.0,0.0,0.0,0.0,0.0,0.0,0.7272727272727273,0.0,0.18181818181818182,11
KUL28,Tumor,Myeloids,Pro-inflammatory,GSE144735,0.0,0.4395835358108528,0.09128329282067645,0.0,0.0,0.0,0.0,0.0,0.0,0.16625865072405757,0.0,0.0,0.0,0.0,0.0,1.3092185652205122,0.25017670750656945,0.33977226310153025,0.11938631028816456,0.7305773601481486,1.8960285042683458,0.2545505336890983,2.031250461729979,0.0,0.0,1.1146581234726913,0.0,0.0,1.2874556586587944,0.0,0.0,0.0,0.0,4.284038158496996,0.0,0.0,1.39733405724307,0.0,0.0,0.21316217748491928,0.0,0.8796627449644732,0.0,0.0,0.0,0.9885487447211586,0.0,0.13879802118271248,0.0,0.0,0.0,0.0,0.0,0.0,0.0,0.0,0.0830871117369802,0.0,0.2857142857142857,0.07142857142857142,0.0,0.0,0.0,0.0,0.0,0.0,0.14285714285714285,0.0,0.0,0.0,0.0,0.0,0.5714285714285714,0.07142857142857142,0.07142857142857142,0.07142857142857142,0.35714285714285715,0.7857142857142857,0.14285714285714285,0.7857142857142857,0.0,0.0,0.5,0.0,0.0,0.7142857142857143,0.0,0.0,0.0,0.0,1.0,0.0,0.0,0.7142857142857143,0.0,0.0,0.14285714285714285,0.0,0.42857142857142855,0.0,0.0,0.0,0.6428571428571429,0.0,0.07142857142857142,0.0,0.0,0.0,0.0,0.0,0.0,0.0,0.0,0.07142857142857142,14
KUL28,Tumor,Myeloids,Proliferating,GSE144735,0.0,0.0,0.0,0.0,0.0,0.0,0.0,0.0,0.4956426237781597,0.0,0.0,0.0,0.0,0.0,0.619382151360785,0.0,0.0,0.0,1.9496032452194267,1.383314569372119,1.8816494170466964,0.2445019380487425,0.9341826306491784,0.0,0.0,0.0,0.0,0.0,0.3840232599605811,0.4956426237781597,0.0,0.0,0.0,3.8392043793515693,0.0,0.0,0.9477460892659947,0.0,0.0,1.4780749750029418,0.0,0.2445019380487425,0.0,0.0,0.0,1.374880458448941,0.0,0.2445019380487425,0.0,0.0,0.0,0.0,0.0,0.0,4.219068524717571,0.0,1.1388126313233766,0.0,0.0,0.0,0.0,0.0,0.0,0.0,0.0,0.3333333333333333,0.0,0.0,0.0,0.0,0.0,0.3333333333333333,0.0,0.0,0.0,0.3333333333333333,1.0,1.0,0.3333333333333333,0.6666666666666666,0.0,0.0,0.0,0.0,0.0,0.3333333333333333,0.3333333333333333,0.0,0.0,0.0,1.0,0.0,0.0,0.6666666666666666,0.0,0.0,0.6666666666666666,0.0,0.3333333333333333,0.0,0.0,0.0,0.6666666666666666,0.0,0.3333333333333333,0.0,0.0,0.0,0.0,0.0,0.0,1.0,0.0,0.6666666666666666,3
KUL28,Tumor,Myeloids,SPP1+A,GSE144735,0.0,0.8763757218711775,0.1670311887745923,0.0,0.0,0.0,0.0,0.0,0.16232151579907145,0.0,0.0,0.0,0.0,0.0,0.2577475871014551,2.9879911755073265,0.0,0.0,0.0,0.1670311887745923,3.20600506061092,0.2514168497792836,4.021517055512908,0.5517933916622944,0.0,4.7845451133448025,0.0,0.0,0.13609792674119295,0.0,0.1699602991985864,0.0,0.0,5.796926196052603,0.0,0.0,0.16232151579907145,0.0,0.0,0.16232151579907145,0.0,1.3815079059722395,0.0,0.0,0.0,0.6707501946451128,0.0,0.3942424671559316,0.0,0.0,0.0,0.0,0.0,0.0,0.0,0.0,0.0,0.0,0.45454545454545453,0.09090909090909091,0.0,0.0,0.0,0.0,0.0,0.09090909090909091,0.0,0.0,0.0,0.0,0.0,0.09090909090909091,0.6363636363636364,0.0,0.0,0.0,0.09090909090909091,1.0,0.09090909090909091,1.0,0.18181818181818182,0.0,1.0,0.0,0.0,0.09090909090909091,0.0,0.09090909090909091,0.0,0.0,1.0,0.0,0.0,0.09090909090909091,0.0,0.0,0.09090909090909091,0.0,0.5454545454545454,0.0,0.0,0.0,0.36363636363636365,0.0,0.18181818181818182,0.0,0.0,0.0,0.0,0.0,0.0,0.0,0.0,0.0,11
KUL28,Tumor,Myeloids,SPP1+B,GSE144735,0.0,0.14542234996998157,0.04547906007083114,0.0,0.0,0.0,0.0,0.0,0.0,0.729755229108609,0.0,0.0,0.0,0.0,0.16918700003874268,0.8291131888729609,0.0,0.13984212731491455,3.9717749929939523,0.49309127788360635,1.1386649898664118,0.07356582904216646,1.6196516665862095,0.0,0.0,1.2738401074864454,0.0,0.0,0.2776857624179896,0.0,0.0,0.0,0.0,4.577422154858662,0.0813385584145165,0.0,1.1453846281086923,0.0,0.0,1.9089708888220027,0.0,0.8414287107724497,0.0,0.0,0.0,2.020994397219152,0.0,0.4437862580225476,0.29901634771169944,0.0,0.0,0.0,0.0,0.0,3.647463869437662,0.0,0.04547906007083114,0.0,0.16666666666666666,0.08333333333333333,0.0,0.0,0.0,0.0,0.0,0.0,0.4166666666666667,0.0,0.0,0.0,0.0,0.08333333333333333,0.5,0.0,0.08333333333333333,0.9166666666666666,0.3333333333333333,0.6666666666666666,0.08333333333333333,0.8333333333333334,0.0,0.0,0.6666666666666666,0.0,0.0,0.25,0.0,0.0,0.0,0.0,1.0,0.08333333333333333,0.0,0.75,0.0,0.0,1.0,0.0,0.5,0.0,0.0,0.0,0.8333333333333334,0.0,0.25,0.16666666666666666,0.0,0.0,0.0,0.0,0.0,0.9166666666666666,0.0,0.08333333333333333,12
KUL28,Tumor,Myeloids,Unknown,GSE144735,0.0,0.0,0.0,0.7833818550654004,0.0,0.0,0.0,0.0,0.0,0.9471585969398181,0.0,0.0,0.0,0.0,0.0,0.0,0.28604551360588815,0.0,2.6191998085823007,0.0,0.0,0.0,0.8039255696899366,0.0,0.0,0.0,0.0,0.0,0.28384008631413526,0.0,0.0,0.0,0.0,4.656076181705286,0.0,0.0,0.29093046378018683,0.0,0.0,0.399192976866166,0.0,0.920256440235716,0.0,0.0,0.0,1.5495422496220457,0.0,0.0,0.5296880113738035,0.0,0.0,0.0,0.0,0.0,4.049781463061519,0.0,0.0,0.0,0.0,0.0,0.2,0.0,0.0,0.0,0.0,0.0,0.4,0.0,0.0,0.0,0.0,0.0,0.0,0.2,0.0,0.6,0.0,0.0,0.0,0.4,0.0,0.0,0.0,0.0,0.0,0.2,0.0,0.0,0.0,0.0,1.0,0.0,0.0,0.2,0.0,0.0,0.2,0.0,0.4,0.0,0.0,0.0,0.6,0.0,0.0,0.2,0.0,0.0,0.0,0.0,0.0,0.8,0.0,0.0,5
KUL28,Tumor,Myeloids,cDC,GSE144735,0.0,0.0,0.0,0.0,0.0,0.0,0.0,0.0,0.0,0.0,0.0,0.0,0.0,0.0,0.0,0.0,0.0,0.0,0.0,0.0,0.8216418849339107,0.0,0.31039513450781375,0.0,0.0,0.9538490196936174,0.0,0.0,0.800463494974132,0.0,0.0,0.0,0.0,3.6571053610825426,0.0,0.0,0.0,0.0,0.0,0.31039513450781375,0.0,0.0,0.0,0.0,0.0,0.0,0.0,0.0,0.0,0.0,0.0,0.0,0.0,0.0,0.0,0.0,0.0,0.0,0.0,0.0,0.0,0.0,0.0,0.0,0.0,0.0,0.0,0.0,0.0,0.0,0.0,0.0,0.0,0.0,0.0,0.0,0.0,0.3333333333333333,0.0,0.3333333333333333,0.0,0.0,0.6666666666666666,0.0,0.0,0.6666666666666666,0.0,0.0,0.0,0.0,1.0,0.0,0.0,0.0,0.0,0.0,0.3333333333333333,0.0,0.0,0.0,0.0,0.0,0.0,0.0,0.0,0.0,0.0,0.0,0.0,0.0,0.0,0.0,0.0,0.0,3
KUL28,Tumor,Stromal cells,Enteric glial cells,GSE144735,0.0,0.4352066129332736,0.0,0.0,0.7057578527828119,0.0,0.0,0.0,1.4539623922555547,1.0757673714002798,0.0,0.13349054809225502,0.0,0.0,0.0,0.10294357990828609,0.0,0.0,1.467088957986924,0.0,0.09422950724426771,0.0,0.4548831772830336,0.0,0.0,2.216702347972432,1.4508224581176103,0.0,0.0,0.0,0.0,0.0,0.0,3.9257230108041825,0.14345932185976054,0.0,0.0,0.0,0.0,0.5865634636890099,0.0,3.2072730106304475,0.0,0.0,0.0,0.0,0.0,0.8876579323898418,0.0,0.0,0.0,0.8354521341803951,0.0,0.0,0.4479213588504657,0.10294357990828609,2.285005073233521,0.0,0.21428571428571427,0.0,0.0,0.35714285714285715,0.0,0.0,0.0,0.6428571428571429,0.5,0.0,0.07142857142857142,0.0,0.0,0.0,0.07142857142857142,0.0,0.0,0.5714285714285714,0.0,0.07142857142857142,0.0,0.21428571428571427,0.0,0.0,0.9285714285714286,0.5714285714285714,0.0,0.0,0.0,0.0,0.0,0.0,1.0,0.07142857142857142,0.0,0.0,0.0,0.0,0.2857142857142857,0.0,1.0,0.0,0.0,0.0,0.0,0.0,0.2857142857142857,0.0,0.0,0.0,0.42857142857142855,0.0,0.0,0.14285714285714285,0.07142857142857142,0.7857142857142857,14
KUL28,Tumor,Stromal cells,Lymphatic ECs,GSE144735,0.0,0.0,0.0,0.0,0.5663373892804833,0.0,0.0,0.0,0.0,1.675571672848859,0.0,0.0,0.0,0.0,0.0,0.8029415679715145,0.0,0.0,0.0,0.0,0.31487328161485995,0.0,0.2041533639335474,0.0,0.0,1.2564866976045859,0.0,0.0,0.3758353145033723,0.0,0.1741497634447167,0.0,0.0,2.7585950191764215,0.0,0.0,0.0,0.0,0.0,0.3717205975918479,0.15054789387015627,1.611155240226653,0.14025622987478537,0.0,0.0,0.0,0.0,0.2218847041349385,0.0,0.0,0.0,0.0,0.0,0.0,0.15251491178977494,0.0,0.0,0.0,0.0,0.0,0.0,0.3,0.0,0.0,0.0,0.0,0.8,0.0,0.0,0.0,0.0,0.0,0.4,0.0,0.0,0.0,0.0,0.2,0.0,0.1,0.0,0.0,0.6,0.0,0.0,0.2,0.0,0.1,0.0,0.0,1.0,0.0,0.0,0.0,0.0,0.0,0.2,0.1,0.7,0.1,0.0,0.0,0.0,0.0,0.1,0.0,0.0,0.0,0.0,0.0,0.0,0.1,0.0,0.0,10
KUL28,Tumor,Stromal cells,Myofibroblasts,GSE144735,0.0,0.0,0.0,0.0,0.5247053439101225,0.0,0.0,0.7155891533061508,3.8865274600540536,2.8867102094051327,0.0,0.0,0.0,0.0,0.22679330119988766,0.0,0.0,0.0,0.0,0.0,0.4609540508247211,0.0,0.8847721585522492,0.0,0.0,4.406719299587583,0.0,0.0,0.2762938581896748,0.0,0.0,0.0,0.0,3.6062138327218434,0.42609702634980334,0.0,0.0,0.0,0.0,0.6837922067129373,0.0,1.389350412041344,0.0,0.0,0.0,0.0,0.0,0.5501748311552993,0.0,0.9936263779721332,0.0,3.613054763957843,0.0514722430632065,0.0,0.0,0.0,0.0,0.0,0.0,0.0,0.0,0.4,0.0,0.0,0.6,0.9,0.9,0.0,0.0,0.0,0.0,0.2,0.0,0.0,0.0,0.0,0.0,0.4,0.0,0.5,0.0,0.0,1.0,0.0,0.0,0.3,0.0,0.0,0.0,0.0,1.0,0.3,0.0,0.0,0.0,0.0,0.6,0.0,0.7,0.0,0.0,0.0,0.0,0.0,0.4,0.0,0.3,0.0,0.9,0.1,0.0,0.0,0.0,0.0,10
KUL28,Tumor,Stromal cells,Pericytes,GSE144735,0.0,0.11497027858441934,0.0,0.040440871122249096,1.17951668962948,0.0,0.0,0.046028002876265565,2.5969529432700975,1.9751894028562502,0.0,0.0,0.0,0.0,0.0,0.7749883448392503,0.0,0.0,0.054215876138343964,0.018311088522745544,0.4037506820438755,0.0,0.3174277563398726,0.0,1.0670117249398496,2.3424621751902914,0.0,0.0,0.4346638959546249,0.0,0.43856268639766466,0.0,0.0,3.1712759256183713,0.15182122339713103,0.0,0.0,0.0,0.0,0.2137537237766152,0.0,3.115787013375002,0.057114273057675406,0.0,0.0,0.0,0.0,0.9817192077175007,0.02392969544298419,0.0,0.0,1.9997429647776332,0.0,0.0,0.17692549602717644,0.0,0.0,0.0,0.08928571428571429,0.0,0.017857142857142856,0.6071428571428571,0.0,0.0,0.05357142857142857,0.9285714285714286,0.7678571428571429,0.0,0.0,0.0,0.0,0.0,0.3392857142857143,0.0,0.0,0.03571428571428571,0.017857142857142856,0.25,0.0,0.19642857142857142,0.0,0.5,0.7857142857142857,0.0,0.0,0.26785714285714285,0.0,0.26785714285714285,0.0,0.0,0.9642857142857143,0.08928571428571429,0.0,0.0,0.0,0.0,0.14285714285714285,0.0,0.9285714285714286,0.03571428571428571,0.0,0.0,0.0,0.0,0.42857142857142855,0.017857142857142856,0.0,0.0,0.8035714285714286,0.0,0.0,0.10714285714285714,0.0,0.0,56
KUL28,Tumor,Stromal cells,Smooth muscle cells,GSE144735,0.0,0.4465527702041429,0.0,0.0,0.24928976417105475,0.0,0.0,0.29870800683354376,1.607409474951992,2.35971815093237,0.0,0.0,0.0,0.0,0.3129828782281958,0.2498741566174226,0.0,0.0,0.0,0.0,0.8824718047413018,0.0,0.616503206473288,0.0,0.23616413249455723,2.660392272522988,0.0,0.0,0.14759417227957353,0.0,0.0,0.0,0.23616413249455723,3.5122852766635324,0.0,0.0,0.0,0.0,0.0,0.1988137378185727,0.0,3.2896206158826287,0.0,0.0,0.0,0.0,0.0,0.5850042742454942,0.0,0.0,0.0,0.3271232161820994,0.0,0.0,0.0,0.0,0.0,0.0,0.25,0.0,0.0,0.125,0.0,0.0,0.25,0.625,0.875,0.0,0.0,0.0,0.0,0.125,0.125,0.0,0.0,0.0,0.0,0.375,0.0,0.25,0.0,0.125,0.875,0.0,0.0,0.125,0.0,0.0,0.0,0.125,1.0,0.0,0.0,0.0,0.0,0.0,0.125,0.0,0.75,0.0,0.0,0.0,0.0,0.0,0.25,0.0,0.0,0.0,0.125,0.0,0.0,0.0,0.0,0.0,8
KUL28,Tumor,Stromal cells,Stalk-like ECs,GSE144735,0.0,0.25711560991964455,0.01699667893296097,0.0,0.42607990697982245,0.0,0.0,0.30463834519363264,0.05816150200803836,0.9538222229282066,0.3498298287830372,0.0,0.0,0.0,0.0348740438282469,1.7366227171129685,0.03909358197504916,0.0,0.07576942028682629,0.0,1.0595447541142362,0.0,0.9420601670751402,0.47422413747512077,0.005362784113069146,1.3160134945485154,0.0,0.0,0.7692531683379124,0.0,0.5622314964270236,0.0,0.0,2.521139141597562,0.28788674087770444,0.0,0.0,0.0,0.0,0.5486998228671298,0.0,2.104506240166958,0.010006546934876093,0.0,0.011882340549701984,0.024152103631481764,0.0,0.5201095867719873,0.0,0.0,0.23406625311144463,0.0165813991119263,0.0,0.0,0.04083880595270445,0.0,0.004686201177673848,0.0,0.25,0.010869565217391304,0.0,0.391304347826087,0.0,0.0,0.2608695652173913,0.05434782608695652,0.5434782608695652,0.2608695652173913,0.0,0.0,0.0,0.043478260869565216,0.7065217391304348,0.021739130434782608,0.0,0.07608695652173914,0.0,0.6304347826086957,0.0,0.532608695652174,0.2717391304347826,0.010869565217391304,0.7717391304347826,0.0,0.0,0.5434782608695652,0.0,0.42391304347826086,0.0,0.0,0.9565217391304348,0.22826086956521738,0.0,0.0,0.0,0.0,0.44565217391304346,0.0,0.782608695652174,0.010869565217391304,0.0,0.010869565217391304,0.043478260869565216,0.0,0.29347826086956524,0.0,0.0,0.14130434782608695,0.021739130434782608,0.0,0.0,0.021739130434782608,0.0,0.010869565217391304,92
KUL28,Tumor,Stromal cells,Stromal 1,GSE144735,0.0,0.0,0.0,0.0,0.0,0.0,0.0,0.0,2.855063806872689,5.035902882478951,0.0,0.0,0.0,1.8653994591565601,0.0,0.0,0.0,0.0,0.0,0.0,2.477968517154099,0.0,4.481150493848452,0.0,0.0,5.811049468771753,0.0,0.0,1.8653994591565601,0.0,0.0,0.0,0.0,5.1044623049447395,0.0,0.0,0.0,0.0,0.0,0.0,0.0,5.3395724550424815,0.0,0.0,0.0,0.0,0.0,0.0,0.0,0.0,0.0,2.477968517154099,0.0,0.0,0.0,0.0,0.0,0.0,0.0,0.0,0.0,0.0,0.0,0.0,0.0,1.0,1.0,0.0,0.0,0.0,1.0,0.0,0.0,0.0,0.0,0.0,0.0,1.0,0.0,1.0,0.0,0.0,1.0,0.0,0.0,1.0,0.0,0.0,0.0,0.0,1.0,0.0,0.0,0.0,0.0,0.0,0.0,0.0,1.0,0.0,0.0,0.0,0.0,0.0,0.0,0.0,0.0,0.0,1.0,0.0,0.0,0.0,0.0,0.0,1
KUL28,Tumor,Stromal cells,Stromal 3,GSE144735,0.0,0.0753649927443679,0.0,0.0,0.8841196163329985,0.0,0.025903462996958195,0.3264268119025171,4.287625694714964,1.5317998978899257,0.3240640223442445,0.0,0.0,0.06144635936471737,0.3914283669998443,0.601801914101215,0.0,0.0,0.029450462270821105,0.0,0.8063081978734629,0.0,1.340393123753438,0.231900417460426,0.026547297015582602,2.8189128359598845,0.0,0.0,0.531112511306442,0.034398443239269855,0.2609466179349058,0.0,0.0,3.658306874256475,1.0748736383891588,0.0,0.0,0.0,0.0,0.709915112668417,0.0,1.121875854557182,0.0,0.0,0.0,0.0,0.0,0.7003867592268853,0.0,1.4933950775302927,0.0,3.5808990577507163,0.0,0.0,0.3367661949932619,0.0,0.0,0.0,0.09375,0.0,0.0,0.5625,0.0,0.03125,0.25,1.0,0.71875,0.21875,0.0,0.0,0.0625,0.21875,0.34375,0.0,0.0,0.03125,0.0,0.46875,0.0,0.71875,0.125,0.03125,0.9375,0.0,0.0,0.34375,0.03125,0.25,0.0,0.0,0.96875,0.59375,0.0,0.0,0.0,0.0,0.46875,0.0,0.5,0.0,0.0,0.0,0.0,0.0,0.4375,0.0,0.5,0.0,0.9375,0.0,0.0,0.1875,0.0,0.0,32
KUL28,Tumor,Stromal cells,Tip-like ECs,GSE144735,0.0,0.08632482614198699,0.0,0.0,0.7081478747026204,0.0,0.0,0.3692510629286973,0.0,0.6752138530278095,0.27817188383426034,0.0,0.28521198432577577,0.0,0.20732879384539998,1.504313693391982,0.0,0.0,0.43626031404465115,0.0,0.346358026969025,0.0,0.2794294171512628,0.2816258084604852,0.0,1.0626557486038999,0.0,0.0,0.1845859741316891,0.0,0.5678978314293582,0.0,0.0,2.368866346396572,1.0740923448707007,0.0,0.0,0.0,0.0,0.2582905994568665,0.0,2.375052015161879,0.030048531122643603,0.0,0.0,0.0,0.0,0.2576969381894643,0.0,0.0,0.0,0.060256861532232045,0.0,0.0,0.0,0.0,0.0,0.0,0.08,0.0,0.0,0.6,0.0,0.0,0.32,0.0,0.44,0.12,0.0,0.2,0.0,0.16,0.6,0.0,0.0,0.2,0.0,0.24,0.0,0.32,0.24,0.0,0.68,0.0,0.0,0.2,0.0,0.44,0.0,0.0,0.92,0.56,0.0,0.0,0.0,0.0,0.24,0.0,0.8,0.04,0.0,0.0,0.0,0.0,0.16,0.0,0.0,0.0,0.08,0.0,0.0,0.0,0.0,0.0,25
KUL28,Tumor,T cells,CD4+ T cells,GSE144735,0.0,0.07297129544560038,0.0,0.0,0.0,0.21016249465897363,0.0,0.0,0.0,0.0,0.0,0.0,0.0,0.0,0.0,0.0,0.0,0.0,0.0,0.0,0.27852358757670925,0.0,0.1661643274687383,0.0,0.0,0.3637163721639508,0.0,0.0,0.0,0.08139876691485096,0.15630043867533808,0.0,0.0,2.895762068469148,0.0,0.06927549281717996,0.0,0.09463617366560509,0.14765681816027063,0.2198636595429643,0.0,0.8683585631744142,0.0,0.0,0.0,0.0,0.0,0.0,0.0,0.0,0.0,0.0,0.0,0.0,0.06695298752682521,0.0,0.0,0.0,0.034482758620689655,0.0,0.0,0.0,0.10344827586206896,0.0,0.0,0.0,0.0,0.0,0.0,0.0,0.0,0.0,0.0,0.0,0.0,0.0,0.0,0.10344827586206896,0.0,0.06896551724137931,0.0,0.0,0.1724137931034483,0.0,0.0,0.0,0.034482758620689655,0.06896551724137931,0.0,0.0,0.9310344827586207,0.0,0.034482758620689655,0.0,0.034482758620689655,0.06896551724137931,0.10344827586206896,0.0,0.3793103448275862,0.0,0.0,0.0,0.0,0.0,0.0,0.0,0.0,0.0,0.0,0.0,0.0,0.034482758620689655,0.0,0.0,29
KUL28,Tumor,T cells,CD8+ T cells,GSE144735,0.0,0.0,0.0,0.0,0.0,0.0,0.9324030879818144,0.0,0.0,0.0,0.0,0.0,0.0,0.0,0.0,0.0,0.0,0.0,0.0,0.0,0.0,0.0,0.0,0.0,0.0,0.0,0.0,0.0,0.0,0.0,0.0,0.0,0.0,2.5532678894233105,0.0,0.45449156178376315,0.0,0.6021736223779612,1.5235225743329548,0.0,0.0,0.9409824494961561,0.0,0.0,0.0,0.0,0.0,0.0,0.0,0.0,0.0,0.0,0.0,0.0,0.0,0.0,0.0,0.0,0.0,0.0,0.0,0.0,0.0,0.4,0.0,0.0,0.0,0.0,0.0,0.0,0.0,0.0,0.0,0.0,0.0,0.0,0.0,0.0,0.0,0.0,0.0,0.0,0.0,0.0,0.0,0.0,0.0,0.0,0.0,0.0,0.8,0.0,0.2,0.0,0.2,0.6,0.0,0.0,0.4,0.0,0.0,0.0,0.0,0.0,0.0,0.0,0.0,0.0,0.0,0.0,0.0,0.0,0.0,0.0,5
KUL28,Tumor,T cells,NK cells,GSE144735,0.0,0.0,0.0,0.0,0.5712413826309449,0.0,0.0,0.0,0.0,0.0,0.0,0.0,0.0,0.0,0.0,1.0558321079989705,0.0,0.0,0.0,0.0,0.0,0.0,0.0,0.0,0.0,0.5712413826309449,0.0,0.0,0.0,0.0,0.0,0.0,0.0,2.4950317318552804,0.0,2.402676200620069,0.0,0.7766178957080356,2.2676366871422124,0.0,0.0,0.5712413826309449,0.0,0.0,0.0,0.0,0.0,0.0,0.0,0.0,0.0,0.0,0.0,0.0,0.7766178957080356,0.0,0.0,0.0,0.0,0.0,0.0,0.3333333333333333,0.0,0.0,0.0,0.0,0.0,0.0,0.0,0.0,0.0,0.0,0.3333333333333333,0.0,0.0,0.0,0.0,0.0,0.0,0.0,0.0,0.0,0.3333333333333333,0.0,0.0,0.0,0.0,0.0,0.0,0.0,1.0,0.0,1.0,0.0,0.3333333333333333,0.6666666666666666,0.0,0.0,0.3333333333333333,0.0,0.0,0.0,0.0,0.0,0.0,0.0,0.0,0.0,0.0,0.0,0.0,0.3333333333333333,0.0,0.0,3
KUL28,Tumor,T cells,Regulatory T cells,GSE144735,0.0,0.3318726683015049,0.26674682950883893,0.0,0.0,0.0,0.0,0.0,0.13977990377690383,0.0,0.0,0.0,0.0,0.0,0.0,0.06896130667501126,0.0,0.0,0.0704108377849911,0.0,0.06411501920499812,0.0,0.2913584948704249,0.0,0.0,0.34194350540815155,0.0,0.0,0.0,0.0,0.0,0.0,0.0,2.9553105139862104,0.0,0.3526586290233534,0.0,0.0,0.0,0.12716701690855067,0.0,1.7190352154109714,0.0,0.0,0.0,0.0,0.0,0.0,0.0,0.0,0.0,0.0,0.0,0.0,0.0,0.0,0.0,0.0,0.13333333333333333,0.13333333333333333,0.0,0.0,0.0,0.0,0.0,0.06666666666666667,0.0,0.0,0.0,0.0,0.0,0.0,0.03333333333333333,0.0,0.0,0.03333333333333333,0.0,0.03333333333333333,0.0,0.13333333333333333,0.0,0.0,0.16666666666666666,0.0,0.0,0.0,0.0,0.0,0.0,0.0,0.9666666666666667,0.0,0.16666666666666666,0.0,0.0,0.0,0.06666666666666667,0.0,0.6333333333333333,0.0,0.0,0.0,0.0,0.0,0.0,0.0,0.0,0.0,0.0,0.0,0.0,0.0,0.0,0.0,30
KUL30,Border,B cells,CD19+CD20+ B,GSE144735,0.0,0.0,0.0,0.0,0.0,0.0,0.0,0.0,0.0,0.0,0.0,0.0,0.0,0.0,0.0,0.0,0.0,0.0,0.28393515216316545,0.0,0.46463636589717383,0.0,0.0,0.0,0.28393515216316545,0.0,0.0,0.0,0.0,0.0,0.0,0.0,0.0,3.103468840973412,0.0,0.0,0.0,0.0,0.0,0.0,0.0,0.3519162797494531,0.0,0.0,0.0,0.0,0.0,0.0,0.0,0.0,0.0,0.0,0.0,0.0,0.0,0.0,0.0,0.0,0.0,0.0,0.0,0.0,0.0,0.0,0.0,0.0,0.0,0.0,0.0,0.0,0.0,0.0,0.0,0.0,0.0,0.2,0.0,0.2,0.0,0.0,0.0,0.2,0.0,0.0,0.0,0.0,0.0,0.0,0.0,0.0,1.0,0.0,0.0,0.0,0.0,0.0,0.0,0.0,0.2,0.0,0.0,0.0,0.0,0.0,0.0,0.0,0.0,0.0,0.0,0.0,0.0,0.0,0.0,0.0,5
KUL30,Border,B cells,IgA+ Plasma,GSE144735,0.0,0.00926247579375862,0.015851538572953548,0.0,0.0,0.0,0.0,0.0,0.006016535791732208,0.007274461511314884,0.0,0.003304995444735185,0.0,0.011462784089739646,0.00637709737214772,0.011664318199997248,0.0,0.0,0.016936569873622118,0.0,0.10059669167476713,0.0,0.09980304843521087,0.0,0.0059844476247245945,0.331609098640301,0.0,0.0,0.0,0.07798045309325849,0.002970216768983661,0.0,0.0,1.4428768562051255,0.0,0.0,0.0,0.0,0.007174405216170067,0.1685575526382565,0.0,0.12959761910155185,0.0,0.0,0.0,0.006608189672860595,0.0,0.005465481492225172,0.0,0.0,0.0,0.010969999169339934,0.0,0.003304995444735185,0.01716174213471618,0.0,0.0,0.0,0.012096774193548387,0.020161290322580645,0.0,0.0,0.0,0.0,0.0,0.008064516129032258,0.008064516129032258,0.0,0.004032258064516129,0.0,0.012096774193548387,0.008064516129032258,0.016129032258064516,0.0,0.0,0.024193548387096774,0.0,0.11290322580645161,0.0,0.11290322580645161,0.0,0.008064516129032258,0.31451612903225806,0.0,0.0,0.0,0.0967741935483871,0.004032258064516129,0.0,0.0,0.9274193548387096,0.0,0.0,0.0,0.0,0.008064516129032258,0.20161290322580644,0.0,0.14919354838709678,0.0,0.0,0.0,0.008064516129032258,0.0,0.008064516129032258,0.0,0.0,0.0,0.016129032258064516,0.0,0.004032258064516129,0.020161290322580645,0.0,0.0,248
KUL30,Border,B cells,IgG+ Plasma,GSE144735,0.0,0.0,0.3919301246552341,0.0,0.0,0.0,0.0,0.0,0.0,0.0,0.0,0.0,0.0,0.0,0.0,0.0,0.0,0.0,0.0,0.0,0.3919301246552341,0.0,0.6089110986685465,0.0,0.0,0.0,0.0,0.0,0.0,0.0,0.0,0.0,0.0,2.1654896719789734,0.0,0.0,0.0,0.0,0.0,0.0,0.0,0.37070696076488996,0.0,0.0,0.0,0.0,0.0,0.0,0.0,0.0,0.0,0.0,0.0,0.0,0.0,0.0,0.0,0.0,0.0,0.5,0.0,0.0,0.0,0.0,0.0,0.0,0.0,0.0,0.0,0.0,0.0,0.0,0.0,0.0,0.0,0.0,0.0,0.5,0.0,0.5,0.0,0.0,0.0,0.0,0.0,0.0,0.0,0.0,0.0,0.0,1.0,0.0,0.0,0.0,0.0,0.0,0.0,0.0,0.5,0.0,0.0,0.0,0.0,0.0,0.0,0.0,0.0,0.0,0.0,0.0,0.0,0.0,0.0,0.0,2
KUL30,Border,B cells,Unspecified Plasma,GSE144735,0.0,0.0,0.0,0.0,0.0,0.0,0.0,0.0,0.0,0.0,0.0,0.0,0.0,0.0,0.0,0.0,0.0,0.0,0.0,0.4682154314691091,0.0,0.0,0.0,0.0,0.0,1.064942279561642,0.0,0.0,0.0,0.0,0.0,0.0,0.0,0.0,0.0,0.0,0.0,0.0,0.0,0.0,0.0,0.0,0.0,0.0,0.0,0.0,0.0,0.0,0.0,0.0,0.0,0.0,0.0,0.0,0.0,0.0,0.0,0.0,0.0,0.0,0.0,0.0,0.0,0.0,0.0,0.0,0.0,0.0,0.0,0.0,0.0,0.0,0.0,0.0,0.0,0.0,0.3333333333333333,0.0,0.0,0.0,0.0,0.0,0.6666666666666666,0.0,0.0,0.0,0.0,0.0,0.0,0.0,0.0,0.0,0.0,0.0,0.0,0.0,0.0,0.0,0.0,0.0,0.0,0.0,0.0,0.0,0.0,0.0,0.0,0.0,0.0,0.0,0.0,0.0,0.0,0.0,3
KUL30,Border,Epithelial cells,Epithelial cells,GSE144735,0.0,0.11368664421345176,0.0,0.010721899809922568,0.0034532676917198653,0.0,0.00560075981653042,0.020431441011589033,0.006325899473131856,0.0021844156237499496,0.005435282354896006,0.0,0.0,0.0,0.12277663733748516,0.31544000496138164,0.0,0.0,0.008373862245028323,0.0,0.7390244855858222,0.01148174306927605,0.37959518874408466,0.0,0.0026769581265785017,1.2102274871270413,0.0,0.0,0.28554261194295844,1.95594081304755,0.028730080714721728,0.016383240575562785,0.05283451687127139,3.4097685026176188,0.004799564854672193,0.0032001887428613723,0.0,0.0,0.051100727629906195,1.8861191647846731,0.03559375292223995,0.9549350241206616,0.006496289248456528,0.0,0.0064296174409114,0.2879865665220742,0.016714508539126382,0.0011824681632656383,0.0,0.0,0.009320524539681038,0.03486507038412919,0.3720623594385455,0.0,0.020312642023852825,0.0,0.0075775495573200515,0.0,0.21578947368421053,0.0,0.021052631578947368,0.010526315789473684,0.0,0.021052631578947368,0.042105263157894736,0.021052631578947368,0.005263157894736842,0.010526315789473684,0.0,0.0,0.0,0.16842105263157894,0.3631578947368421,0.0,0.0,0.015789473684210527,0.0,0.7315789473684211,0.02631578947368421,0.5263157894736842,0.0,0.005263157894736842,0.7631578947368421,0.0,0.0,0.45789473684210524,0.8578947368421053,0.04736842105263158,0.031578947368421054,0.07368421052631578,1.0,0.010526315789473684,0.005263157894736842,0.0,0.0,0.07894736842105263,0.9263157894736842,0.08421052631578947,0.6421052631578947,0.021052631578947368,0.0,0.010526315789473684,0.4421052631578947,0.03684210526315789,0.005263157894736842,0.0,0.0,0.021052631578947368,0.06315789473684211,0.43157894736842106,0.0,0.04736842105263158,0.0,0.005263157894736842,190
KUL30,Border,Mast cells,Mast cells,GSE144735,0.0,0.0,0.0,0.0,0.0,0.0,0.0,0.0,0.0,0.24302248915824237,0.0,0.0,0.0,0.0,0.0,0.31876616608343494,0.0,0.0,0.3342805741046093,0.0,0.0,0.0,0.0,0.0,0.0,1.7762155932860855,0.0,0.0,0.0,0.0,0.0,0.0,0.0,3.9446967055133877,0.0,0.0,0.0,0.0,0.0,0.8155427865401977,0.0,1.180492721319185,0.0,0.0,0.0,0.0,0.0,0.0,0.0,0.0,0.0,0.0,0.0,0.0,0.0,0.0,0.0,0.0,0.0,0.0,0.0,0.0,0.0,0.0,0.0,0.0,0.14285714285714285,0.0,0.0,0.0,0.0,0.0,0.14285714285714285,0.0,0.0,0.14285714285714285,0.0,0.0,0.0,0.0,0.0,0.0,0.8571428571428571,0.0,0.0,0.0,0.0,0.0,0.0,0.0,1.0,0.0,0.0,0.0,0.0,0.0,0.42857142857142855,0.0,0.42857142857142855,0.0,0.0,0.0,0.0,0.0,0.0,0.0,0.0,0.0,0.0,0.0,0.0,0.0,0.0,0.0,7
KUL30,Border,Myeloids,Anti-inflammatory,GSE144735,0.0,0.6396925249607703,0.0,0.0,0.0,0.0,0.0,0.0,0.0,0.0,0.0,0.0,0.0,0.0,0.21510588764281133,1.4892626330164542,0.21510588764281133,0.0,0.3933160570875629,0.0,1.82904547891864,0.0,0.8614243424539169,0.0,0.0,1.4806237443340422,0.0,0.0,0.7862427118061032,0.0,0.0,0.0,0.0,4.3765345001698535,0.0,0.0,1.7031591728639457,0.0,0.0,0.6156006754095035,0.0,0.6345469438647103,0.0,0.0,0.0,0.5735774257978354,0.0,0.0,0.0,0.0,0.0,0.0,0.0,0.0,1.5812259334361165,0.0,0.0,0.0,0.375,0.0,0.0,0.0,0.0,0.0,0.0,0.0,0.0,0.0,0.0,0.0,0.0,0.125,0.5,0.125,0.0,0.125,0.0,0.75,0.0,0.25,0.0,0.0,0.5,0.0,0.0,0.375,0.0,0.0,0.0,0.0,1.0,0.0,0.0,0.625,0.0,0.0,0.25,0.0,0.25,0.0,0.0,0.0,0.25,0.0,0.0,0.0,0.0,0.0,0.0,0.0,0.0,0.5,0.0,0.0,8
KUL30,Border,Myeloids,Pro-inflammatory,GSE144735,0.0,0.4535667456542273,0.0,0.0,0.0,0.0,0.0,0.0,0.0,0.25869354540722994,0.0,0.0,0.0,0.0,0.0,1.2521881592985882,0.0,0.0,0.0,0.0,1.8674815281008221,0.0,1.8282652143128468,0.0,0.0,2.467129130176732,0.0,0.0,1.3183861929980332,0.22709982264133213,0.0,0.0,0.0,4.290377903894255,0.0,0.0,0.29776802030865973,0.0,0.0,0.7256698796165522,0.0,0.8378183311207793,0.0,0.0,0.0,0.9303480174541126,0.0,0.0,0.0,0.0,0.0,0.0,0.0,0.0,0.0,0.0,0.08510682580772952,0.0,0.2857142857142857,0.0,0.0,0.0,0.0,0.0,0.0,0.0,0.07142857142857142,0.0,0.0,0.0,0.0,0.0,0.42857142857142855,0.0,0.0,0.0,0.0,0.7142857142857143,0.0,0.7142857142857143,0.0,0.0,0.9285714285714286,0.0,0.0,0.6428571428571429,0.14285714285714285,0.0,0.0,0.0,1.0,0.0,0.0,0.21428571428571427,0.0,0.0,0.42857142857142855,0.0,0.35714285714285715,0.0,0.0,0.0,0.5,0.0,0.0,0.0,0.0,0.0,0.0,0.0,0.0,0.0,0.0,0.07142857142857142,14
KUL30,Border,Myeloids,Proliferating,GSE144735,0.0,0.45009578623238333,0.3156626302669952,0.0,0.0,0.0,0.0,0.0,0.0,0.1630270958878814,0.0,0.0,0.0,0.03740787759531618,0.1526859862079954,0.6956486778855915,0.10795465141172468,0.6242462963723507,0.7587536489023636,0.2392774721546824,1.045920676469086,0.057959039942956765,1.2258958694272073,0.2337526670229829,0.0,1.3873119971161973,0.0,0.0,1.1281599895496592,0.10973319737700378,0.0,0.0,0.0,4.09985137550271,0.27427953580577685,0.0,0.36305265566312933,0.0,0.0,1.3626535375174211,0.03740787759531618,1.1154073725056295,0.0,0.0,0.0,1.7340752668341168,0.0,0.38210633496208923,0.0,0.0,0.0,0.0,0.03740787759531618,0.0,2.411631782012272,0.0,0.6541911160467269,0.0,0.38461538461538464,0.3076923076923077,0.0,0.0,0.0,0.0,0.0,0.0,0.15384615384615385,0.0,0.0,0.0,0.07692307692307693,0.07692307692307693,0.38461538461538464,0.07692307692307693,0.23076923076923078,0.15384615384615385,0.23076923076923078,0.6923076923076923,0.07692307692307693,0.7692307692307693,0.15384615384615385,0.0,0.9230769230769231,0.0,0.0,0.7692307692307693,0.15384615384615385,0.0,0.0,0.0,1.0,0.3076923076923077,0.0,0.23076923076923078,0.0,0.0,0.8461538461538461,0.07692307692307693,0.5384615384615384,0.0,0.0,0.0,0.9230769230769231,0.0,0.23076923076923078,0.0,0.0,0.0,0.0,0.07692307692307693,0.0,0.7692307692307693,0.0,0.46153846153846156,13
KUL30,Border,Myeloids,SPP1+A,GSE144735,0.0,0.40170986664577524,0.0,0.3071894891928762,0.2815291531292426,0.0,0.0,0.0,0.0,0.0,0.0,0.0,0.4474268240986827,0.0,0.687374080287395,2.5538961043917197,0.0,0.0,1.7512795267423542,0.1469103428163113,2.429445426743074,0.0,3.072249410158147,0.0,0.0,3.0158898946503037,0.0,0.0,0.22376093728628807,0.140912243085478,0.0,0.0,0.0,5.364110584889981,0.0,0.0,0.0,0.0,0.0,0.8974126400400851,0.0,1.4972305815875124,0.0,0.0,0.0,0.9455889565654099,0.0,0.0,0.0,0.0,0.2815291531292426,0.140912243085478,0.0,0.0,0.8556539394264228,0.0,0.0,0.0,0.16666666666666666,0.0,0.16666666666666666,0.16666666666666666,0.0,0.0,0.0,0.0,0.0,0.0,0.0,0.3333333333333333,0.0,0.16666666666666666,0.6666666666666666,0.0,0.0,0.3333333333333333,0.16666666666666666,1.0,0.0,1.0,0.0,0.0,1.0,0.0,0.0,0.16666666666666666,0.16666666666666666,0.0,0.0,0.0,1.0,0.0,0.0,0.0,0.0,0.0,0.5,0.0,0.5,0.0,0.0,0.0,0.5,0.0,0.0,0.0,0.0,0.16666666666666666,0.16666666666666666,0.0,0.0,0.3333333333333333,0.0,0.0,6
KUL30,Border,Myeloids,SPP1+B,GSE144735,0.037828087571096805,0.1607462093349719,0.10034558696209869,0.2591668906541786,0.0,0.0,0.0,0.0,0.0,1.3473419769878756,0.0,0.0,0.03947555182292745,0.0,0.14085840533859978,0.5290550371947267,0.0,0.0,3.5809239262872303,0.25263077512807175,1.1503674612866797,0.11801694161071138,1.645614169406414,0.025595970908789387,0.0,1.9181340474999153,0.0,0.0,0.30300444605796545,0.04307952171603163,0.0,0.0,0.04342982224750556,5.037905816174629,0.0,0.0,0.23857572580806566,0.0,0.0,1.5960996923216537,0.0,1.1126443724161048,0.0,0.0,0.0,1.443040477061508,0.0,1.392335897424683,0.2906866376565522,0.0,0.0,0.0,0.0,0.0,1.688552085060293,0.0,0.2011649749505858,0.03125,0.125,0.0625,0.1875,0.0,0.0,0.0,0.0,0.0,0.5625,0.0,0.0,0.03125,0.0,0.09375,0.25,0.0,0.0,0.84375,0.21875,0.5,0.09375,0.78125,0.03125,0.0,0.78125,0.0,0.0,0.25,0.03125,0.0,0.0,0.03125,1.0,0.0,0.0,0.1875,0.0,0.0,0.78125,0.0,0.5625,0.0,0.0,0.0,0.75,0.0,0.40625,0.15625,0.0,0.0,0.0,0.0,0.0,0.5,0.0,0.15625,32
KUL30,Border,Myeloids,Unknown,GSE144735,0.0,0.0,0.0,3.0595022649907135,0.0,0.0,0.0,0.0,0.0,0.0,0.0,0.0,0.0,0.0,0.0,0.0,1.6220359955518118,0.0,2.3495870581517475,0.0,0.0,0.0,0.8563126570623748,0.0,0.0,1.8590834545047554,0.0,0.0,0.0,0.0,0.0,0.0,0.0,6.3286386812628415,0.0,0.0,0.0,0.0,0.0,0.8563126570623748,0.0,4.341854500622228,0.0,0.0,0.0,1.6220359955518118,0.0,0.0,0.0,0.0,0.0,0.0,0.0,0.0,5.088713560885679,0.0,2.211212700507739,0.0,0.0,0.0,1.0,0.0,0.0,0.0,0.0,0.0,0.0,0.0,0.0,0.0,0.0,0.0,0.0,1.0,0.0,1.0,0.0,0.0,0.0,1.0,0.0,0.0,1.0,0.0,0.0,0.0,0.0,0.0,0.0,0.0,1.0,0.0,0.0,0.0,0.0,0.0,1.0,0.0,1.0,0.0,0.0,0.0,1.0,0.0,0.0,0.0,0.0,0.0,0.0,0.0,0.0,1.0,0.0,1.0,1
KUL30,Border,Myeloids,cDC,GSE144735,0.0,0.0,0.0,0.0,0.0,0.0,0.0,0.0,0.0,0.0,0.0,0.0,0.0,0.0,0.0,1.715672059233432,0.0,0.0,0.0,0.0,1.1366194058611636,0.0,0.0,0.0,0.0,1.8862726865637112,0.0,0.0,1.715672059233432,0.0,0.0,0.0,0.0,3.4937000257156745,0.0,0.0,0.0,0.0,0.0,0.0,0.0,0.0,0.0,0.0,0.0,1.1778988926043013,0.0,0.0,0.0,0.5780788871573551,0.0,0.0,0.0,0.0,0.0,0.0,0.0,0.0,0.0,0.0,0.0,0.0,0.0,0.0,0.0,0.0,0.0,0.0,0.0,0.0,0.0,0.0,1.0,0.0,0.0,0.0,0.0,0.5,0.0,0.0,0.0,0.0,1.0,0.0,0.0,1.0,0.0,0.0,0.0,0.0,1.0,0.0,0.0,0.0,0.0,0.0,0.0,0.0,0.0,0.0,0.0,0.0,0.5,0.0,0.0,0.0,0.5,0.0,0.0,0.0,0.0,0.0,0.0,0.0,2
KUL30,Border,Stromal cells,Enteric glial cells,GSE144735,0.0,0.0,0.0,0.0,0.0,0.0,0.0,0.0,0.6611999055335265,0.5072914339340627,0.0,0.3945532623481485,0.0,0.0,0.0,0.0,0.0,0.0,1.3662653013606152,0.0,0.24455167933278518,0.0,0.8951189138973275,0.0,0.0,2.0248191351783853,2.211190162293814,0.0,0.3300581924376047,0.22646340248497007,0.0,0.0,0.0,4.004220088275735,0.0,0.0,0.0,0.0,0.0,0.8618825549010785,0.0,2.612978217295978,0.0,0.0,0.0,0.0,0.0,0.23747840913746754,0.0,0.0,0.0,1.2132402274124083,0.0,0.0,1.5607169892987265,0.4869935552042068,2.523044702762147,0.0,0.0,0.0,0.0,0.0,0.0,0.0,0.0,0.2857142857142857,0.2857142857142857,0.0,0.14285714285714285,0.0,0.0,0.0,0.0,0.0,0.0,0.42857142857142855,0.0,0.14285714285714285,0.0,0.42857142857142855,0.0,0.0,0.7142857142857143,0.8571428571428571,0.0,0.14285714285714285,0.14285714285714285,0.0,0.0,0.0,1.0,0.0,0.0,0.0,0.0,0.0,0.42857142857142855,0.0,0.8571428571428571,0.0,0.0,0.0,0.0,0.0,0.14285714285714285,0.0,0.0,0.0,0.5714285714285714,0.0,0.0,0.42857142857142855,0.2857142857142857,0.8571428571428571,7
KUL30,Border,Stromal cells,Lymphatic ECs,GSE144735,0.0,0.21143906526110748,0.0,0.0,0.8555430756412855,0.0,0.0,0.0,0.0,0.7673540037531158,0.0,0.0,0.0,0.0,0.0,1.7605810155714898,0.0,0.0,0.0,0.0,0.5360255480965174,0.0,0.0,0.0,0.0,1.4304254832405878,0.1358294491202159,0.0,0.5360255480965174,0.0,0.0,0.0,0.0,2.946780959082923,0.0,0.0,0.0,0.0,0.0,0.6496508408676387,0.0,1.4378526129579798,0.0,0.0,0.0,0.717957917245835,0.0,0.6192059969655219,0.0,0.0,0.0,0.21143906526110748,0.410657452710116,0.0,0.0,0.0,0.0,0.0,0.2,0.0,0.0,0.6,0.0,0.0,0.0,0.0,0.4,0.0,0.0,0.0,0.0,0.0,0.6,0.0,0.0,0.0,0.0,0.2,0.0,0.0,0.0,0.0,0.6,0.2,0.0,0.2,0.0,0.0,0.0,0.0,1.0,0.0,0.0,0.0,0.0,0.0,0.4,0.0,0.8,0.0,0.0,0.0,0.4,0.0,0.4,0.0,0.0,0.0,0.2,0.2,0.0,0.0,0.0,0.0,5
KUL30,Border,Stromal cells,Myofibroblasts,GSE144735,0.0,0.49157319619778006,0.08139568221681709,0.157322393789099,0.5321127972311667,0.0,0.0,0.6366781205021058,3.2329887667354607,1.7157466162720418,0.19525622764155953,0.024977665879755487,0.0,0.056026737614343694,0.6554061486073143,0.14575949204222413,0.19370073697622267,0.14409285420104287,0.011210478934657162,0.0,0.7094700889919878,0.0,1.1774259254028716,0.022602656969338008,0.0,4.38703622722433,0.0,0.0,0.6283883137754732,0.0693426021918335,0.016516460346335905,0.10147302335843542,0.26310753859838665,3.7796255440066835,0.0,0.0,0.0,0.0,0.0,0.6199719075405455,0.03060568458742337,0.9535376473646551,0.018221678628619217,0.0,0.0,0.0,0.0,0.6492692538072609,0.0,0.24860863855040902,0.0,3.0946837800769957,0.0,0.0,0.16931223699046574,0.0,0.0,0.0,0.5,0.05,0.15,0.45,0.0,0.0,0.4,0.975,0.7,0.2,0.025,0.0,0.05,0.225,0.075,0.15,0.1,0.025,0.0,0.425,0.0,0.55,0.025,0.0,1.0,0.0,0.0,0.375,0.075,0.025,0.025,0.125,1.0,0.0,0.0,0.0,0.0,0.0,0.5,0.025,0.575,0.025,0.0,0.0,0.0,0.0,0.4,0.0,0.1,0.0,0.975,0.0,0.0,0.125,0.0,0.0,40
KUL30,Border,Stromal cells,Pericytes,GSE144735,0.0,1.0173898923573754,0.0,0.0,0.8742439888968896,0.0,0.0,0.0,2.746165045008771,0.647324527904225,0.0,0.0,0.0,0.0,0.0,0.35908967569985006,0.0,0.2109253301504007,0.08483829606635523,0.0,0.18082336571097427,0.0,0.1877629229869992,0.0,0.5146833199656881,2.984657954799667,0.0,0.0,0.44569038396788496,0.0,0.0,0.0,0.0,3.424982561621721,0.29720796453233866,0.13088287290972994,0.0,0.0,0.0,0.5825353471591408,0.0,1.2506448322532435,0.0,0.0,0.0,0.0,0.0,0.4666780153779499,0.0,0.0,0.0,2.1573359093657185,0.0,0.0,0.3978680666575869,0.0,0.0,0.0,0.6666666666666666,0.0,0.0,0.5555555555555556,0.0,0.0,0.0,1.0,0.4444444444444444,0.0,0.0,0.0,0.0,0.0,0.2222222222222222,0.0,0.1111111111111111,0.1111111111111111,0.0,0.2222222222222222,0.0,0.2222222222222222,0.0,0.3333333333333333,1.0,0.0,0.0,0.3333333333333333,0.0,0.0,0.0,0.0,1.0,0.2222222222222222,0.1111111111111111,0.0,0.0,0.0,0.4444444444444444,0.0,0.6666666666666666,0.0,0.0,0.0,0.0,0.0,0.3333333333333333,0.0,0.0,0.0,0.7777777777777778,0.0,0.0,0.2222222222222222,0.0,0.0,9
KUL30,Border,Stromal cells,Smooth muscle cells,GSE144735,0.0,0.8265985296731081,0.0,0.0,0.1557454194197529,0.0,0.0,0.0,0.31340038036049034,1.2818687555937807,0.0,0.0,0.0,0.0,0.0,0.0,0.0,0.0,0.0,0.0,0.21563353819614267,0.0,0.8122196639500242,0.0,0.0,1.7788720526121597,0.0,0.0,1.0135941009789042,0.2821207413282405,0.0,0.0,0.0,3.595665305473767,0.3775647479529506,0.0,0.0,0.0,0.0,0.5248406301848371,0.0,2.2265125619259534,0.0,0.0,0.0,0.15727136984609097,0.0,0.6515507506782441,0.0,0.0,0.0,0.14444196255533212,0.0,0.0,0.15471847463240623,0.0,0.0,0.0,0.4,0.0,0.0,0.1,0.0,0.0,0.0,0.2,0.6,0.0,0.0,0.0,0.0,0.0,0.0,0.0,0.0,0.0,0.0,0.1,0.0,0.4,0.0,0.0,0.9,0.0,0.0,0.5,0.2,0.0,0.0,0.0,1.0,0.2,0.0,0.0,0.0,0.0,0.3,0.0,0.8,0.0,0.0,0.0,0.1,0.0,0.3,0.0,0.0,0.0,0.1,0.0,0.0,0.1,0.0,0.0,10
KUL30,Border,Stromal cells,Stalk-like ECs,GSE144735,0.0,0.23652033263775113,0.0,0.0,0.34105504037667866,0.0,0.0,0.23259636652515864,0.0,0.5522207285706565,0.3054803572983733,0.0,0.0,0.0,0.09939464122175602,0.7650735345255679,0.0,0.0,0.1726879638995317,0.0,0.48770010253658136,0.0,0.6321929624880671,0.4357684108440653,0.06282827373167188,2.0156558977860195,0.0,0.0,0.6579254193722837,0.08947599369775615,0.0,0.0,0.0,2.6520443653855406,0.4511387589353146,0.0,0.0,0.0,0.0,0.6296805054469145,0.0,1.178042363965392,0.0,0.0,0.0,0.03233841106500397,0.0,0.3652380618752384,0.0,0.0,0.031160272504690025,0.018756034424636105,0.0,0.0,0.09430148164513603,0.0,0.0,0.0,0.23076923076923078,0.0,0.0,0.3076923076923077,0.0,0.0,0.19230769230769232,0.0,0.34615384615384615,0.3076923076923077,0.0,0.0,0.0,0.11538461538461539,0.38461538461538464,0.0,0.0,0.11538461538461539,0.0,0.38461538461538464,0.0,0.4230769230769231,0.3076923076923077,0.07692307692307693,0.9230769230769231,0.0,0.0,0.4230769230769231,0.07692307692307693,0.0,0.0,0.0,0.9230769230769231,0.3076923076923077,0.0,0.0,0.0,0.0,0.5384615384615384,0.0,0.5769230769230769,0.0,0.0,0.0,0.038461538461538464,0.0,0.23076923076923078,0.0,0.0,0.038461538461538464,0.038461538461538464,0.0,0.0,0.07692307692307693,0.0,0.0,26
KUL30,Border,Stromal cells,Stromal 1,GSE144735,0.0,0.22987526142667297,0.0,0.0,1.6777230378394914,0.0,0.0,0.05275764640740354,2.9573751985210794,1.0102990084132126,0.08279327384284565,0.05275764640740354,0.12505310103533196,0.021384097003725604,0.7830601954500338,0.0,0.0,0.0,0.0,0.0,0.3521903499103969,0.0,0.7036113866112621,0.11253718529746713,0.0,3.376698612202211,0.0,0.043751625517930735,1.1976403652498897,0.12704094152340503,0.0430446163381042,0.0,0.0,3.908238199943269,0.22366907337845737,0.0,0.0,0.0,0.0,0.7477657591832512,0.0,0.6824457384945278,0.021384097003725604,0.0,0.0,0.088420164037703,0.0,1.7011448828648013,0.3131673824246832,2.9757080093780663,0.0878863341807962,2.3259847290677858,0.0,0.0,3.43421645123047,0.0,0.0,0.0,0.19230769230769232,0.0,0.0,0.8076923076923077,0.0,0.0,0.038461538461538464,0.9615384615384616,0.5769230769230769,0.07692307692307693,0.038461538461538464,0.07692307692307693,0.038461538461538464,0.3076923076923077,0.0,0.0,0.0,0.0,0.0,0.19230769230769232,0.0,0.38461538461538464,0.038461538461538464,0.0,1.0,0.0,0.038461538461538464,0.7692307692307693,0.11538461538461539,0.038461538461538464,0.0,0.0,1.0,0.15384615384615385,0.0,0.0,0.0,0.0,0.5,0.0,0.34615384615384615,0.038461538461538464,0.0,0.0,0.07692307692307693,0.0,0.8076923076923077,0.23076923076923078,0.8846153846153846,0.038461538461538464,0.9615384615384616,0.0,0.0,0.9615384615384616,0.0,0.0,26
KUL30,Border,Stromal cells,Stromal 2,GSE144735,0.0,0.37626882896481617,0.0,0.0,1.2483826389030916,0.0,0.061017220849873724,0.0,2.4798851563466546,0.3143345926311934,0.0,0.0,0.0,0.049989420932151016,0.0,0.09080477166977874,0.0,0.09080477166977874,0.0,0.0,0.2868159759049222,0.15501737248169645,0.6777950799158932,0.0,0.13536382773536704,3.3653079723944144,0.0,0.0,1.284186173414442,0.045536272350968646,0.0,0.0,0.045426962098667145,3.221837745035659,0.29784920899143613,0.0,0.0,0.0,0.0,0.4496871077492116,0.0,0.6601566865030654,0.0,0.0,0.0,0.0,0.0,0.3482260519189404,0.0,0.3344026521133168,0.0,2.165195842456647,0.0,0.0,0.2553378404413829,0.0,0.0,0.0,0.28,0.0,0.0,0.68,0.0,0.04,0.0,0.92,0.2,0.0,0.0,0.0,0.04,0.0,0.04,0.0,0.04,0.0,0.0,0.2,0.08,0.36,0.0,0.08,1.0,0.0,0.0,0.6,0.04,0.0,0.0,0.04,1.0,0.2,0.0,0.0,0.0,0.0,0.28,0.0,0.36,0.0,0.0,0.0,0.0,0.0,0.2,0.0,0.12,0.0,0.84,0.0,0.0,0.12,0.0,0.0,25
KUL30,Border,Stromal cells,Stromal 3,GSE144735,0.0,0.2676818341525133,0.016838132118488405,0.2832983090796738,0.8550413285547861,0.0,0.02820785403741495,0.2708276513964025,3.72647899001434,1.4481457433843785,0.9451443818002818,0.0,0.2934072688717895,0.04825582292675394,0.25178370415171397,0.11946166208019271,0.13075780733277356,0.11082740587506379,0.0,0.02384074183993137,0.4579532333578155,0.0,1.242631274726002,0.16259836718602455,0.15612182676739686,3.7972041910590675,0.0,0.0,1.1457134110218234,0.033178345248150755,0.0,0.0,0.0,4.074205234388705,1.23619371541232,0.0,0.0,0.0,0.0,1.2152035645219648,0.0,1.701895647671244,0.02384074183993137,0.0,0.0,0.16992489056460924,0.0,0.7212559650573667,0.0,1.2889618741594562,0.06424021499000579,3.626069223532953,0.4492199533472379,0.0,1.155634121663654,0.0,0.0,0.0,0.3181818181818182,0.045454545454545456,0.13636363636363635,0.6818181818181818,0.0,0.045454545454545456,0.2727272727272727,1.0,0.8636363636363636,0.6818181818181818,0.0,0.36363636363636365,0.045454545454545456,0.13636363636363635,0.18181818181818182,0.09090909090909091,0.045454545454545456,0.0,0.045454545454545456,0.4090909090909091,0.0,0.7727272727272727,0.13636363636363635,0.22727272727272727,1.0,0.0,0.0,0.7727272727272727,0.045454545454545456,0.0,0.0,0.0,1.0,0.8636363636363636,0.0,0.0,0.0,0.0,0.8636363636363636,0.0,0.8181818181818182,0.045454545454545456,0.0,0.0,0.18181818181818182,0.0,0.5454545454545454,0.0,0.5454545454545454,0.09090909090909091,1.0,0.36363636363636365,0.0,0.5454545454545454,0.0,0.0,22
KUL30,Border,Stromal cells,Tip-like ECs,GSE144735,0.0,0.21371423831324765,0.021539683062841517,0.0,0.890784808260546,0.0,0.0,0.21864274418440321,0.06380718948136128,0.4063834515102595,0.0,0.0,0.1269180163856792,0.0,0.0,0.1905166706668095,0.0,0.0,0.20186813685240887,0.0,0.20105993388673135,0.0,0.2314426379184334,0.011017955116813864,0.017427272929395526,1.4703569698420782,0.0,0.0,0.2620278687404451,0.056978130081098075,0.05989242945659809,0.0,0.0,2.3988671611550534,1.0930180852898306,0.0,0.0,0.0,0.0,0.6361351169919115,0.0,0.9824702077025582,0.0313582296572301,0.0,0.0,0.062058318298467446,0.032873539371203235,0.09430145485934213,0.0,0.0,0.0,0.046170654430510424,0.0,0.0,0.0,0.0,0.0,0.0,0.25,0.03125,0.0,0.5625,0.0,0.0,0.15625,0.0625,0.3125,0.0,0.0,0.09375,0.0,0.0,0.15625,0.0,0.0,0.125,0.0,0.21875,0.0,0.21875,0.03125,0.03125,0.8125,0.0,0.0,0.1875,0.09375,0.0625,0.0,0.0,1.0,0.40625,0.0,0.0,0.0,0.0,0.46875,0.0,0.53125,0.03125,0.0,0.0,0.03125,0.03125,0.0625,0.0,0.0,0.0,0.03125,0.0,0.0,0.0,0.0,0.0,32
KUL30,Border,T cells,CD4+ T cells,GSE144735,0.0,0.378689763091678,0.183275570560885,0.0,0.0,0.12095469608809221,0.12095469608809221,0.0,0.0,0.0,0.0,0.0,0.0,0.0,0.17332099458700403,0.0,0.0,0.0,0.0,0.0,0.16793287904470652,0.0,0.0,0.0,0.0,0.31050032848525844,0.0,0.0,0.0,0.0,0.0,0.0,0.0,2.2772926553473387,0.0,0.14708151785733217,0.0,0.2484959146938014,0.27043315355024294,0.08763636988455165,0.0,1.3156680854137415,0.0,0.0,0.0,0.0,0.0,0.0,0.0,0.15767248747385854,0.0,0.0,0.0,0.0,0.0,0.0,0.0,0.0,0.23076923076923078,0.07692307692307693,0.0,0.0,0.07692307692307693,0.07692307692307693,0.0,0.0,0.0,0.0,0.0,0.0,0.0,0.07692307692307693,0.0,0.0,0.0,0.0,0.0,0.07692307692307693,0.0,0.0,0.0,0.0,0.23076923076923078,0.0,0.0,0.0,0.0,0.0,0.0,0.0,0.8461538461538461,0.0,0.07692307692307693,0.0,0.15384615384615385,0.15384615384615385,0.07692307692307693,0.0,0.5384615384615384,0.0,0.0,0.0,0.0,0.0,0.0,0.0,0.07692307692307693,0.0,0.0,0.0,0.0,0.0,0.0,0.0,13
KUL30,Border,T cells,CD8+ T cells,GSE144735,0.0,0.6122479194270811,0.0,0.0,0.0,0.8513932052597346,0.31635366842942686,0.0,0.0,0.0,0.0,0.0,0.0,0.0,0.0,0.0,0.0,0.0,0.0,0.0,0.0,0.0,0.0,0.0,0.0,0.298966774844787,0.0,0.0,0.0,0.0,0.0,0.0,0.0,1.1854662456328775,0.0,0.7959626294338751,0.0,1.3209512361321558,1.8212053113358342,0.0,0.0,1.320963510887338,0.0,0.0,0.0,0.0,0.0,0.0,0.0,0.0,0.0,0.0,0.0,0.0,0.0,0.0,0.0,0.0,0.2857142857142857,0.0,0.0,0.0,0.2857142857142857,0.14285714285714285,0.0,0.0,0.0,0.0,0.0,0.0,0.0,0.0,0.0,0.0,0.0,0.0,0.0,0.0,0.0,0.0,0.0,0.0,0.14285714285714285,0.0,0.0,0.0,0.0,0.0,0.0,0.0,0.42857142857142855,0.0,0.2857142857142857,0.0,0.42857142857142855,0.5714285714285714,0.0,0.0,0.5714285714285714,0.0,0.0,0.0,0.0,0.0,0.0,0.0,0.0,0.0,0.0,0.0,0.0,0.0,0.0,0.0,7
KUL30,Border,T cells,NK cells,GSE144735,0.0,0.0,0.0,0.0,0.0,0.0,0.0,0.0,0.0,0.0,0.0,0.0,0.0,0.0,0.0,0.0,0.0,0.0,0.0,0.0,0.0,0.0,0.0,0.0,0.0,0.0,0.0,0.0,0.0,0.0,0.0,0.0,0.0,3.610139853861538,0.0,0.0,0.0,0.0,0.0,0.0,0.0,0.0,0.0,0.0,0.0,0.0,0.0,0.0,0.0,0.0,0.0,0.0,0.0,0.0,0.0,0.0,0.0,0.0,0.0,0.0,0.0,0.0,0.0,0.0,0.0,0.0,0.0,0.0,0.0,0.0,0.0,0.0,0.0,0.0,0.0,0.0,0.0,0.0,0.0,0.0,0.0,0.0,0.0,0.0,0.0,0.0,0.0,0.0,0.0,0.0,1.0,0.0,0.0,0.0,0.0,0.0,0.0,0.0,0.0,0.0,0.0,0.0,0.0,0.0,0.0,0.0,0.0,0.0,0.0,0.0,0.0,0.0,0.0,0.0,1
KUL30,Border,T cells,Regulatory T cells,GSE144735,0.0,0.6599226846757086,0.7508199077734231,0.0,0.0,0.0,0.0,0.0,0.0,0.17725017663220322,0.0,0.0,0.0,0.0,0.0,0.0,0.0,0.0,0.0,0.0,0.0,0.0,0.0,0.0,0.0,0.0,0.0,0.0,0.0,0.38879920374428106,0.0,0.0,0.0,2.521223849241126,0.0,0.2914811533392749,0.0,0.6192831631602295,0.6192831631602295,0.0,0.0,0.9468924697770326,0.0,0.0,0.0,0.33212067485475394,0.0,0.0,0.0,0.0,0.0,0.0,0.0,0.0,0.0,0.0,0.0,0.0,0.2857142857142857,0.2857142857142857,0.0,0.0,0.0,0.0,0.0,0.0,0.14285714285714285,0.0,0.0,0.0,0.0,0.0,0.0,0.0,0.0,0.0,0.0,0.0,0.0,0.0,0.0,0.0,0.0,0.0,0.0,0.0,0.14285714285714285,0.0,0.0,0.0,1.0,0.0,0.14285714285714285,0.0,0.2857142857142857,0.2857142857142857,0.0,0.0,0.42857142857142855,0.0,0.0,0.0,0.14285714285714285,0.0,0.0,0.0,0.0,0.0,0.0,0.0,0.0,0.0,0.0,0.0,7
KUL30,Border,T cells,T helper 17 cells,GSE144735,0.0,0.0,0.0,0.0,0.0,1.1613833155982833,0.0,0.0,0.0,0.0,0.0,0.0,0.0,0.0,0.0,0.0,0.0,0.0,0.0,0.0,0.0,0.0,0.0,0.0,0.0,0.0,0.0,0.0,0.0,0.0,0.0,0.0,0.0,3.184236439750559,0.0,0.8615558415765834,0.0,0.8615558415765834,1.1613833155982833,0.8787965698166526,0.0,2.040179885414936,0.0,0.0,0.0,0.0,0.0,0.0,0.0,0.0,0.0,0.0,0.0,0.0,0.0,0.0,0.0,0.0,0.0,0.0,0.0,0.0,0.5,0.0,0.0,0.0,0.0,0.0,0.0,0.0,0.0,0.0,0.0,0.0,0.0,0.0,0.0,0.0,0.0,0.0,0.0,0.0,0.0,0.0,0.0,0.0,0.0,0.0,0.0,0.0,1.0,0.0,0.5,0.0,0.5,0.5,0.5,0.0,1.0,0.0,0.0,0.0,0.0,0.0,0.0,0.0,0.0,0.0,0.0,0.0,0.0,0.0,0.0,0.0,2
KUL30,Border,T cells,Unknown,GSE144735,0.0,0.0,0.0,0.0,0.0,2.040076957354576,0.0,0.0,0.0,0.0,0.0,0.0,0.0,0.0,0.0,0.0,0.0,0.0,0.0,0.0,0.0,0.0,0.0,0.0,0.0,1.469163962123346,0.0,0.0,0.0,0.0,0.0,0.0,0.0,1.469163962123346,0.0,0.0,0.0,1.469163962123346,2.8751454615396153,1.469163962123346,0.0,3.6323515855394515,0.0,0.0,0.0,0.0,0.0,0.0,0.0,0.0,0.0,0.0,0.0,0.0,0.0,0.0,0.0,0.0,0.0,0.0,0.0,0.0,1.0,0.0,0.0,0.0,0.0,0.0,0.0,0.0,0.0,0.0,0.0,0.0,0.0,0.0,0.0,0.0,0.0,0.0,0.0,0.0,1.0,0.0,0.0,0.0,0.0,0.0,0.0,0.0,1.0,0.0,0.0,0.0,1.0,1.0,1.0,0.0,1.0,0.0,0.0,0.0,0.0,0.0,0.0,0.0,0.0,0.0,0.0,0.0,0.0,0.0,0.0,0.0,1
KUL30,Border,T cells,gamma delta T cells,GSE144735,0.0,0.0,0.0,0.0,0.0,0.0,0.0,0.0,0.0,0.0,0.0,0.0,0.0,0.0,0.0,0.0,0.0,0.0,0.0,0.0,0.0,0.0,0.0,0.0,0.0,0.0,0.0,0.0,0.0,0.0,0.0,0.0,0.0,1.312928327068905,0.0,0.0,0.0,0.0,0.0,0.0,0.0,1.8641358608675778,0.0,0.0,0.0,0.0,0.0,0.0,0.0,0.0,0.0,0.0,0.0,0.0,0.0,0.0,0.0,0.0,0.0,0.0,0.0,0.0,0.0,0.0,0.0,0.0,0.0,0.0,0.0,0.0,0.0,0.0,0.0,0.0,0.0,0.0,0.0,0.0,0.0,0.0,0.0,0.0,0.0,0.0,0.0,0.0,0.0,0.0,0.0,0.0,0.5,0.0,0.0,0.0,0.0,0.0,0.0,0.0,1.0,0.0,0.0,0.0,0.0,0.0,0.0,0.0,0.0,0.0,0.0,0.0,0.0,0.0,0.0,0.0,2
KUL30,Normal,B cells,CD19+CD20+ B,GSE144735,0.0,0.0,0.0,0.0,0.0,0.0,0.0,0.0,0.0,0.30824108118728905,0.0,0.0,0.0,0.0,0.0,0.0,0.0,0.0,0.0,0.0,0.0,0.0,0.3035082732938253,0.0,0.0,0.5208839201106604,0.0,0.0,0.0,0.0,0.0,0.0,0.0,2.01055213839237,0.0,0.0,0.0,0.0,0.0,0.0,0.0,0.21054535712543793,0.0,0.0,0.0,0.22194584005976473,0.0,0.0,0.0,0.0,0.0,0.0,0.0,0.0,0.22194584005976473,0.0,0.0,0.0,0.0,0.0,0.0,0.0,0.0,0.0,0.0,0.0,0.14285714285714285,0.0,0.0,0.0,0.0,0.0,0.0,0.0,0.0,0.0,0.0,0.0,0.0,0.14285714285714285,0.0,0.0,0.2857142857142857,0.0,0.0,0.0,0.0,0.0,0.0,0.0,0.7142857142857143,0.0,0.0,0.0,0.0,0.0,0.0,0.0,0.14285714285714285,0.0,0.0,0.0,0.14285714285714285,0.0,0.0,0.0,0.0,0.0,0.0,0.0,0.0,0.14285714285714285,0.0,0.0,7
KUL30,Normal,B cells,IgA+ Plasma,GSE144735,0.0,0.011082684097513463,0.006806127110355143,0.0,0.010112200675410925,0.0,0.0,0.0,0.018735593303715967,0.008297432696679591,0.0031953604172480186,0.0020213784917455205,0.001962165600280157,0.017816288138189112,0.010512725167283878,0.016976513204266165,0.0,0.0014408484651928198,0.004247451927559215,0.0,0.09923963540627581,0.00107499793145702,0.11056270129978,0.005765374989748715,0.014364307524286598,0.9193119308546068,0.0033209357046922287,0.0,0.04644593143083586,0.0007692345842490464,0.0,0.001028703484425192,0.0008936383632954352,1.7067549973269198,0.017701347984682633,0.0,0.00157671130634039,0.0,0.0026097716699267693,0.2691142790820776,0.005132245297828535,0.31164725453611564,0.00065953900619473,0.0,0.0,0.008325930148297193,0.0,0.023575727816055245,0.0,0.02547373134662732,0.0,0.008773344370952011,0.003604981706161852,0.0,0.03969533379605168,0.0020525065777476574,0.033692203637125,0.0,0.013254786450662739,0.007363770250368188,0.0,0.011782032400589101,0.0,0.0,0.0,0.020618556701030927,0.010309278350515464,0.004418262150220913,0.0029455081001472753,0.0014727540500736377,0.023564064801178203,0.008836524300441826,0.020618556701030927,0.0,0.0014727540500736377,0.004418262150220913,0.0,0.101620029455081,0.0014727540500736377,0.11634756995581738,0.004418262150220913,0.014727540500736377,0.6892488954344624,0.004418262150220913,0.0,0.042709867452135494,0.0014727540500736377,0.0,0.0014727540500736377,0.0014727540500736377,0.9337260677466863,0.01914580265095729,0.0,0.0029455081001472753,0.0,0.0014727540500736377,0.2916053019145803,0.005891016200294551,0.29896907216494845,0.0014727540500736377,0.0,0.0,0.008836524300441826,0.0,0.026509572901325478,0.0,0.025036818851251842,0.0,0.008836524300441826,0.004418262150220913,0.0,0.03829160530191458,0.0029455081001472753,0.035346097201767304,679
KUL30,Normal,B cells,IgG+ Plasma,GSE144735,0.0,0.5695641870204976,0.0,0.0,0.0,0.0,0.0,0.0,2.3473873333498414,0.0,0.0,0.0,0.0,0.0,0.0,0.0,0.0,0.0,0.0,0.0,0.0,0.0,0.0,0.0,0.0,0.5695641870204976,0.0,0.0,0.0,0.0,0.0,0.0,0.0,2.1073909165208202,0.5695641870204976,0.0,0.0,0.0,0.0,0.0,0.0,0.5695641870204976,0.0,0.0,0.0,0.0,0.0,0.0,0.0,0.0,0.0,2.256041474989595,0.0,0.0,1.3103108260347087,0.0,0.0,0.0,0.5,0.0,0.0,0.0,0.0,0.0,0.0,1.0,0.0,0.0,0.0,0.0,0.0,0.0,0.0,0.0,0.0,0.0,0.0,0.0,0.0,0.0,0.0,0.0,0.5,0.0,0.0,0.0,0.0,0.0,0.0,0.0,1.0,0.5,0.0,0.0,0.0,0.0,0.0,0.0,0.5,0.0,0.0,0.0,0.0,0.0,0.0,0.0,0.0,0.0,1.0,0.0,0.0,0.5,0.0,0.0,2
KUL30,Normal,B cells,Unspecified Plasma,GSE144735,0.0,0.0,0.0,0.0,0.0,0.0,0.0,0.0,0.0,0.0,0.0,0.0,0.0,0.0,0.0,0.0,0.0,0.0,0.0,0.0,0.0,0.0,0.0,0.0,0.0,0.49728168763877395,0.5145098187466878,0.0,0.0,0.0,0.0,0.0,0.0,1.433366802071703,0.0,0.0,0.0,0.0,0.0,0.0,0.0,0.0,0.0,0.0,0.0,0.0,0.0,0.0,0.0,0.0,0.0,0.0,0.0,0.0,0.0,0.0,0.0,0.0,0.0,0.0,0.0,0.0,0.0,0.0,0.0,0.0,0.0,0.0,0.0,0.0,0.0,0.0,0.0,0.0,0.0,0.0,0.0,0.0,0.0,0.0,0.0,0.0,0.25,0.25,0.0,0.0,0.0,0.0,0.0,0.0,0.75,0.0,0.0,0.0,0.0,0.0,0.0,0.0,0.0,0.0,0.0,0.0,0.0,0.0,0.0,0.0,0.0,0.0,0.0,0.0,0.0,0.0,0.0,0.0,4
KUL30,Normal,Epithelial cells,BEST4+ Enterocytes,GSE144735,0.0,0.0,0.0,0.0,0.0,0.0,0.0,0.0,0.0,0.0,0.0,0.0,0.0,0.0,0.0,0.0,0.0,0.0,0.0,0.0,0.9729383332119736,0.0,0.4687264724961001,0.0,0.0,0.09201674554974482,0.0,0.0,0.3893695478599876,0.0,0.0,0.0,0.0,3.610571839796597,0.0,0.0,0.0,0.0,0.0,3.1178937038388144,0.0,2.6183562275167804,0.0,0.0,0.0,0.0,0.0,0.0,0.0,0.0,0.0,0.0,0.19403305439614094,0.0,0.0,0.0,0.0,0.0,0.0,0.0,0.0,0.0,0.0,0.0,0.0,0.0,0.0,0.0,0.0,0.0,0.0,0.0,0.0,0.0,0.0,0.0,0.0,0.75,0.0,0.75,0.0,0.0,0.25,0.0,0.0,0.5,0.0,0.0,0.0,0.0,1.0,0.0,0.0,0.0,0.0,0.0,1.0,0.0,1.0,0.0,0.0,0.0,0.0,0.0,0.0,0.0,0.0,0.0,0.0,0.5,0.0,0.0,0.0,0.0,4
KUL30,Normal,Epithelial cells,Goblet cells,GSE144735,0.0,0.0,0.0,0.0,0.0,0.0,0.0,0.0,0.0,0.0,0.0,0.0,0.0,0.0,0.0,0.0,0.0,0.0,0.0,0.0,1.5317151116873151,0.0,0.6883852398043175,0.0,0.0,0.0,0.0,0.0,0.0,0.0,0.0,0.0,0.0,2.240083475666649,0.0,0.0,0.0,0.0,0.0,2.521490220298503,0.0,1.6523721065236454,0.0,0.0,0.0,0.0,0.0,0.0,0.0,0.0,0.0,0.0,0.0,0.0,0.0,0.0,0.0,0.0,0.0,0.0,0.0,0.0,0.0,0.0,0.0,0.0,0.0,0.0,0.0,0.0,0.0,0.0,0.0,0.0,0.0,0.0,0.0,1.0,0.0,0.5,0.0,0.0,0.0,0.0,0.0,0.0,0.0,0.0,0.0,0.0,1.0,0.0,0.0,0.0,0.0,0.0,1.0,0.0,1.0,0.0,0.0,0.0,0.0,0.0,0.0,0.0,0.0,0.0,0.0,0.0,0.0,0.0,0.0,0.0,2
KUL30,Normal,Epithelial cells,Intermediate,GSE144735,0.0,0.0,0.0,0.0,0.0,0.0,0.0,0.0,0.0,0.0,0.0,0.0,0.0,0.0,0.0,0.0,0.0,0.0,0.0,0.0,0.33122661207854553,0.0,0.31543900447273904,0.0,0.0,0.0,0.0,0.0,0.2820727893636054,0.0,0.0,0.0,0.0,3.2193122668557064,0.0,0.0,0.0,0.0,0.0,1.3200216567109178,0.0,1.77262707297563,0.0,0.0,0.0,0.0,0.0,0.0,0.0,0.0,0.0,0.0,0.31659511970980336,0.0,0.0,0.0,0.0,0.0,0.0,0.0,0.0,0.0,0.0,0.0,0.0,0.0,0.0,0.0,0.0,0.0,0.0,0.0,0.0,0.0,0.0,0.0,0.0,0.15384615384615385,0.0,0.15384615384615385,0.0,0.0,0.0,0.0,0.0,0.15384615384615385,0.0,0.0,0.0,0.0,1.0,0.0,0.0,0.0,0.0,0.0,0.5384615384615384,0.0,0.6153846153846154,0.0,0.0,0.0,0.0,0.0,0.0,0.0,0.0,0.0,0.0,0.15384615384615385,0.0,0.0,0.0,0.0,13
KUL30,Normal,Epithelial cells,Mature Enterocytes,GSE144735,0.0,0.0,0.0,0.0,0.0,0.0,0.0,0.0,0.0,0.0,0.0,0.0,0.0,0.0,0.0,0.0,0.0,0.0,0.0,0.0,0.347948617291236,0.0,0.9010139134498156,0.0,0.0,0.6246829826357915,0.0,0.0,0.0,0.0,0.0,0.0,0.0,4.889382995535914,0.21116001287842065,0.0,0.0,0.0,0.0,3.4638326394745778,0.0,3.097367496055302,0.0,0.0,0.0,0.0,0.0,0.0,0.0,0.0,0.0,0.0,0.0,0.0,0.0,0.0,0.27633093081402416,0.0,0.0,0.0,0.0,0.0,0.0,0.0,0.0,0.0,0.0,0.0,0.0,0.0,0.0,0.0,0.0,0.0,0.0,0.0,0.0,0.25,0.0,0.75,0.0,0.0,0.5,0.0,0.0,0.0,0.0,0.0,0.0,0.0,1.0,0.25,0.0,0.0,0.0,0.0,1.0,0.0,0.75,0.0,0.0,0.0,0.0,0.0,0.0,0.0,0.0,0.0,0.0,0.0,0.0,0.0,0.0,0.25,4
KUL30,Normal,Epithelial cells,Stem-like/TA,GSE144735,0.0,0.07205587704809856,0.0,0.0,0.006134216188232734,0.0,0.002884956929215642,0.0,0.0341323388412056,0.015556405218549849,0.004653580225167872,0.0,0.0,0.0,0.029076274037860853,0.14508390256836878,0.0,0.0,0.019072194709818285,0.0,0.8110158884944045,0.0,0.6193120160366008,0.005448027714659765,0.0016681676864830366,0.07976153173264461,0.014313041671318964,0.0,0.4439804228702031,0.20186395551992498,0.003657798612022844,0.0,0.0,3.394339550711116,0.0016305159130672996,0.0,0.007620613642094644,0.0,0.0,2.666180476655011,0.005841484447126678,1.701922053517186,0.0,0.0,0.0,0.041896118171974084,0.013040865141581575,0.0221373706320192,0.0,0.016447265534537334,0.0,0.024156447527753637,0.21697794960521835,0.0,0.012960033510800288,0.0,0.0316169573995998,0.0,0.1732283464566929,0.0,0.0,0.015748031496062992,0.0,0.007874015748031496,0.0,0.06299212598425197,0.031496062992125984,0.007874015748031496,0.0,0.0,0.0,0.07086614173228346,0.28346456692913385,0.0,0.0,0.015748031496062992,0.0,0.8661417322834646,0.0,0.7795275590551181,0.007874015748031496,0.007874015748031496,0.15748031496062992,0.023622047244094488,0.0,0.6692913385826772,0.3937007874015748,0.015748031496062992,0.0,0.0,1.0,0.007874015748031496,0.0,0.015748031496062992,0.0,0.0,0.9921259842519685,0.015748031496062992,0.9448818897637795,0.0,0.0,0.0,0.10236220472440945,0.03937007874015748,0.07086614173228346,0.0,0.05511811023622047,0.0,0.05511811023622047,0.4330708661417323,0.0,0.047244094488188976,0.0,0.03937007874015748,127
KUL30,Normal,Mast cells,Mast cells,GSE144735,0.0,0.0,0.0,0.0,0.0,0.0,0.0,0.0,0.0,0.0,0.0,0.0,0.0,0.0,0.0,0.0,0.0,0.0,0.0,0.0,0.0,0.0,0.0,0.0,0.10767031300374229,0.4993809397057116,0.0,0.0,0.0,0.0,0.0,0.0,0.0,4.381520686548634,0.0,0.0,0.0,0.0,0.0,0.7959056031764382,0.12274475835984583,0.4912721345607998,0.0,0.0,0.0,0.2762317668964411,0.0,0.0,0.0,0.0,0.0,0.0,0.0,0.0,0.1284696854860199,0.0,0.2028047305473964,0.0,0.0,0.0,0.0,0.0,0.0,0.0,0.0,0.0,0.0,0.0,0.0,0.0,0.0,0.0,0.0,0.0,0.0,0.0,0.0,0.0,0.0,0.0,0.0,0.05555555555555555,0.2222222222222222,0.0,0.0,0.0,0.0,0.0,0.0,0.0,1.0,0.0,0.0,0.0,0.0,0.0,0.3333333333333333,0.05555555555555555,0.2222222222222222,0.0,0.0,0.0,0.1111111111111111,0.0,0.0,0.0,0.0,0.0,0.0,0.0,0.0,0.05555555555555555,0.0,0.1111111111111111,18
KUL30,Normal,Myeloids,Anti-inflammatory,GSE144735,0.0,0.05055879616499672,0.0,0.0,0.0,0.0,0.0,0.0,0.058088764777910064,0.0,0.0,0.0,0.06033013975078346,0.0,0.0,1.048040206814042,0.0,0.0,0.061422986959012056,0.0,1.4760161583057332,0.047054837824712835,0.8494407225474335,0.0,0.0,0.9461764364163903,0.04192618602538865,0.0,1.5167944560968047,0.0,0.0,0.0,0.0,3.783230867877997,0.18338408934949577,0.0,1.6136354677676918,0.0,0.07379164752492894,0.5935718548262002,0.0,0.3927972627123129,0.0,0.0,0.0,0.8789052643086023,0.0,0.3697491589188797,0.0,0.0,0.0,0.05497737524096175,0.0,0.0,0.21458926957760252,0.0,0.0,0.0,0.03333333333333333,0.0,0.0,0.0,0.0,0.0,0.0,0.03333333333333333,0.0,0.0,0.0,0.03333333333333333,0.0,0.0,0.4,0.0,0.0,0.03333333333333333,0.0,0.6,0.03333333333333333,0.43333333333333335,0.0,0.0,0.4,0.03333333333333333,0.0,0.6333333333333333,0.0,0.0,0.0,0.0,1.0,0.06666666666666667,0.0,0.7,0.0,0.03333333333333333,0.3333333333333333,0.0,0.2,0.0,0.0,0.0,0.4666666666666667,0.0,0.16666666666666666,0.0,0.0,0.0,0.03333333333333333,0.0,0.0,0.1,0.0,0.0,30
KUL30,Normal,Myeloids,Pro-inflammatory,GSE144735,0.0,0.2599728866073301,0.0773029749432316,0.0,0.0,0.0,0.0,0.0,0.0,0.0,0.0,0.0,0.0,0.0,0.0,1.533089477008115,0.0,0.0,0.07519032901770618,0.07233479715748428,2.001822854990727,0.11808373844324208,1.099700310449442,0.0,0.038249814989107955,1.4988063732681265,0.12415541521746341,0.0,1.8476230674931948,0.0,0.04999266984909965,0.0,0.0,4.543926184873118,0.0,0.0,0.20976064386759252,0.0,0.0,0.8239013352608217,0.0,0.7206920024876984,0.0,0.0,0.0,0.9350126581102485,0.0,0.1908034851194966,0.0,0.04378913039653876,0.0,0.061031867249127694,0.0,0.0,0.0,0.0,0.12664659801094072,0.0,0.17857142857142858,0.03571428571428571,0.0,0.0,0.0,0.0,0.0,0.0,0.0,0.0,0.0,0.0,0.0,0.0,0.6071428571428571,0.0,0.0,0.03571428571428571,0.03571428571428571,0.8571428571428571,0.10714285714285714,0.4642857142857143,0.0,0.03571428571428571,0.6785714285714286,0.07142857142857142,0.0,0.8214285714285714,0.0,0.03571428571428571,0.0,0.0,1.0,0.0,0.0,0.14285714285714285,0.0,0.0,0.5,0.0,0.32142857142857145,0.0,0.0,0.0,0.5714285714285714,0.0,0.10714285714285714,0.0,0.03571428571428571,0.0,0.03571428571428571,0.0,0.0,0.0,0.0,0.07142857142857142,28
KUL30,Normal,Myeloids,Proliferating,GSE144735,0.0,0.6600083943498402,0.0,0.0,0.3265502360545871,0.0,0.0,0.0,0.0,0.0,0.0,0.0,0.0,0.0,0.0,0.5224260916375337,0.6600083943498402,0.0,0.0,0.4318123768373162,1.3699342766341487,0.0,0.0,0.0,0.0,1.4322934234954356,0.0,0.0,1.2938600227394148,0.0,0.0,0.0,0.0,4.677739210292227,0.0,0.0,0.0,0.0,0.0,1.6221465675379718,0.0,0.0,0.0,0.0,0.0,1.7071826844632043,0.0,0.0,0.0,0.0,0.0,0.0,0.0,0.0,2.754794829420713,0.0,0.3265502360545871,0.0,0.5,0.0,0.0,0.5,0.0,0.0,0.0,0.0,0.0,0.0,0.0,0.0,0.0,0.0,0.5,0.5,0.0,0.0,0.5,1.0,0.0,0.0,0.0,0.0,1.0,0.0,0.0,1.0,0.0,0.0,0.0,0.0,1.0,0.0,0.0,0.0,0.0,0.0,1.0,0.0,0.0,0.0,0.0,0.0,1.0,0.0,0.0,0.0,0.0,0.0,0.0,0.0,0.0,1.0,0.0,0.5,2
KUL30,Normal,Myeloids,Unknown,GSE144735,0.0,0.0,0.0,0.0,0.0,0.0,0.0,0.0,0.0,0.0,0.0,0.0,0.0,0.0,0.0,0.0,0.0,0.0,0.0,0.0,1.1281139321357223,0.0,0.0,0.0,0.0,0.0,0.0,0.0,2.1488807518034596,0.0,0.0,0.0,0.0,4.377726530998498,0.0,0.0,0.0,0.0,0.0,0.0,0.0,1.4477906681685546,0.0,0.0,0.0,0.0,0.0,0.0,0.0,0.0,0.0,0.0,0.0,0.0,0.0,0.0,0.0,0.0,0.0,0.0,0.0,0.0,0.0,0.0,0.0,0.0,0.0,0.0,0.0,0.0,0.0,0.0,0.0,0.0,0.0,0.0,0.0,0.5,0.0,0.0,0.0,0.0,0.0,0.0,0.0,1.0,0.0,0.0,0.0,0.0,1.0,0.0,0.0,0.0,0.0,0.0,0.0,0.0,0.5,0.0,0.0,0.0,0.0,0.0,0.0,0.0,0.0,0.0,0.0,0.0,0.0,0.0,0.0,0.0,2
KUL30,Normal,Myeloids,cDC,GSE144735,0.2761084402391489,0.3331906586061385,0.0,0.0,0.0,0.0,0.0,0.0,0.0,0.0,0.0,0.0,0.0,0.0,0.0,0.7242197467440608,0.0,0.0,0.0,0.0,0.8083538233420513,0.0,0.47270993426263774,0.0,0.0,1.6018472243410293,0.0,0.0,1.9930824287503377,0.0,0.0,0.0,0.0,3.9061437115208473,0.14228282712451668,0.0,0.0,0.0,0.0,0.6973779771584745,0.0,0.8615112397401691,0.0,0.0,0.0,0.29744228949227247,0.0,0.0,0.0,0.0,0.0,0.0,0.0,0.0,0.0,0.0,0.31552432525212326,0.25,0.25,0.0,0.0,0.0,0.0,0.0,0.0,0.0,0.0,0.0,0.0,0.0,0.0,0.0,0.375,0.0,0.0,0.0,0.0,0.625,0.0,0.375,0.0,0.0,1.0,0.0,0.0,0.875,0.0,0.0,0.0,0.0,1.0,0.125,0.0,0.0,0.0,0.0,0.5,0.0,0.5,0.0,0.0,0.0,0.25,0.0,0.0,0.0,0.0,0.0,0.0,0.0,0.0,0.0,0.0,0.25,8
KUL30,Normal,Stromal cells,Enteric glial cells,GSE144735,0.0,0.36610161794372786,0.0,0.0,0.16876275677539565,0.0,0.0,0.0,0.2168494563341219,0.14713452136663763,0.35760631672329196,0.08220626567253107,0.0,0.1251462852529517,0.011221467952029766,0.02999787766483864,0.04464488104407582,0.0,1.21051131851706,0.034127904813902606,0.25528035131820054,0.0,0.17173501265168445,0.005524011684249485,0.11605370326950194,1.009548503278597,2.4732741168619943,0.004587864898349576,0.7076468871709389,0.0,0.0,0.0,0.0,3.6560754354264144,0.1805344010273891,0.0,0.0,0.0,0.0,0.8882579167653252,0.013911301973784453,2.727049664667034,0.03038609523950357,0.013906165178080073,0.0,0.0,0.0,0.6956665684310143,0.0,0.012916491870292373,0.0,0.6277120944343331,0.025576383960380176,0.0,0.35187018957235705,0.5080576302365394,3.3968240048219767,0.0,0.18235294117647058,0.0,0.0,0.08823529411764706,0.0,0.0,0.0,0.10588235294117647,0.07058823529411765,0.17647058823529413,0.041176470588235294,0.0,0.07058823529411765,0.0058823529411764705,0.011764705882352941,0.011764705882352941,0.0,0.49411764705882355,0.023529411764705882,0.11764705882352941,0.0,0.09411764705882353,0.0058823529411764705,0.058823529411764705,0.4823529411764706,0.8823529411764706,0.0058823529411764705,0.3411764705882353,0.0,0.0,0.0,0.0,1.0,0.08823529411764706,0.0,0.0,0.0,0.0,0.4411764705882353,0.0058823529411764705,0.9176470588235294,0.01764705882352941,0.0058823529411764705,0.0,0.0,0.0,0.3058823529411765,0.0,0.0058823529411764705,0.0,0.3058823529411765,0.011764705882352941,0.0,0.13529411764705881,0.2529411764705882,0.9529411764705882,170
KUL30,Normal,Stromal cells,Lymphatic ECs,GSE144735,0.0,0.031106377668103407,0.0,0.0,0.13651555935872578,0.0,0.0,0.0,0.0,0.2220763077230255,0.0,0.0,0.0,0.08106920678529195,0.0,0.2435160061355111,0.0,0.0,0.0,0.0,0.0,0.0,0.1151652461214154,0.0,0.0,1.7516419191213568,0.0,0.0,1.5782837980578779,0.0,0.0,0.0,0.0,3.4784391345224592,0.2325914820905445,0.0,0.0,0.0,0.0,0.9776552868816821,0.0,1.8504280094845196,0.11086936382896884,0.0,0.0,0.0,0.0,0.295464376305076,0.0,0.0,0.0,0.0,0.23177630778271968,0.0,0.1676674152275037,0.0,0.10936652518455103,0.0,0.05,0.0,0.0,0.1,0.0,0.0,0.0,0.0,0.15,0.0,0.0,0.0,0.05,0.0,0.15,0.0,0.0,0.0,0.0,0.0,0.0,0.1,0.0,0.0,0.75,0.0,0.0,0.75,0.0,0.0,0.0,0.0,0.95,0.15,0.0,0.0,0.0,0.0,0.55,0.0,0.7,0.05,0.0,0.0,0.0,0.0,0.1,0.0,0.0,0.0,0.0,0.1,0.0,0.1,0.0,0.05,20
KUL30,Normal,Stromal cells,Pericytes,GSE144735,0.0,0.31119596469333755,0.0,0.0,0.5300587022750497,0.0,0.0,0.0,1.7724199073901736,0.09170449283156386,0.0,0.0,0.0,0.0,0.0,0.10496183666424766,0.0,0.0,0.0,0.0,0.1954355868791883,0.0,0.2821938211083621,0.1858562225013388,2.016071371353312,1.6404272290963053,0.0,0.0,1.6265843191100853,0.0,0.0,0.0,0.0,3.0089298779679527,0.8573687266473774,0.0,0.0,0.0,0.0,0.8694863256644975,0.0,2.9552417238385895,0.0,0.0,0.0,0.0,0.0,1.3575347657589314,0.0,0.0,0.0,0.7023032082314559,0.0,0.0,0.08331334088569745,0.0,0.0,0.0,0.16666666666666666,0.0,0.0,0.2777777777777778,0.0,0.0,0.0,0.8333333333333334,0.05555555555555555,0.0,0.0,0.0,0.0,0.0,0.05555555555555555,0.0,0.0,0.0,0.0,0.1111111111111111,0.0,0.16666666666666666,0.05555555555555555,0.8888888888888888,0.7222222222222222,0.0,0.0,0.6111111111111112,0.0,0.0,0.0,0.0,1.0,0.4444444444444444,0.0,0.0,0.0,0.0,0.4444444444444444,0.0,0.9444444444444444,0.0,0.0,0.0,0.0,0.0,0.5,0.0,0.0,0.0,0.3333333333333333,0.0,0.0,0.05555555555555555,0.0,0.0,18
KUL30,Normal,Stromal cells,Smooth muscle cells,GSE144735,0.0,0.21546996491278322,0.0,0.0,0.1380507773992284,0.0,0.0,0.0,0.28835203410654264,0.49061244257016645,0.0,0.0,0.0,0.0,0.0,0.021577260097810844,0.0,0.0,0.0,0.0,0.07756488811383526,0.0,0.19134408934911218,0.05661785993076924,0.10282424949006604,0.7575068979982151,0.010329010141867438,0.0,0.664802865285992,0.0,0.013704741772752908,0.0,0.0,3.353146872136709,0.27207107377082307,0.0,0.0,0.0,0.0,0.487560022932693,0.0,2.8774970405395512,0.0,0.0,0.0,0.02070567697640771,0.0,0.5292336285107179,0.0,0.014058640801523022,0.0,0.6091957517837868,0.0,0.0,0.11326279640196134,0.010329010141867438,0.05697126169489452,0.0,0.13333333333333333,0.0,0.0,0.0761904761904762,0.0,0.0,0.0,0.17142857142857143,0.2761904761904762,0.0,0.0,0.0,0.0,0.0,0.01904761904761905,0.0,0.0,0.0,0.0,0.047619047619047616,0.0,0.12380952380952381,0.02857142857142857,0.047619047619047616,0.41904761904761906,0.009523809523809525,0.0,0.3523809523809524,0.0,0.009523809523809525,0.0,0.0,0.9904761904761905,0.1619047619047619,0.0,0.0,0.0,0.0,0.2761904761904762,0.0,0.8571428571428571,0.0,0.0,0.0,0.009523809523809525,0.0,0.23809523809523808,0.0,0.009523809523809525,0.0,0.3523809523809524,0.0,0.0,0.05714285714285714,0.009523809523809525,0.02857142857142857,105
KUL30,Normal,Stromal cells,Stalk-like ECs,GSE144735,0.0,0.3608021683827363,0.024472566483620915,0.0,0.0686004422594821,0.0,0.0,0.0,0.07051298612356766,0.5744990539369298,0.40127465954685354,0.0,0.0467190066412426,0.0,0.031430217783638754,0.6662610395634643,0.014675895433048482,0.02221700574665525,0.030924297147470865,0.0,0.6520788994018026,0.0,0.5141274225059715,0.434771130462093,0.08113181156450684,1.3579331032172992,0.032065341824964906,0.0,1.4785874752657069,0.0,0.05235610487323817,0.0,0.0,2.883542367067678,0.5279222361761651,0.0,0.0,0.0,0.0,1.0091841583727736,0.019142489295191443,2.1431954936234856,0.1464710852492389,0.0,0.0,0.019605478767673653,0.0,0.27148275083960205,0.0,0.0414290278274514,0.09513172974719512,0.03661272051178723,0.07470633860861554,0.024190751600812528,0.03035395884379193,0.004488829346677097,0.0,0.0,0.2558139534883721,0.023255813953488372,0.0,0.06976744186046512,0.0,0.0,0.0,0.03488372093023256,0.3023255813953488,0.3023255813953488,0.0,0.023255813953488372,0.0,0.023255813953488372,0.3023255813953488,0.011627906976744186,0.023255813953488372,0.023255813953488372,0.0,0.4186046511627907,0.0,0.3372093023255814,0.23255813953488372,0.05813953488372093,0.6976744186046512,0.023255813953488372,0.0,0.7093023255813954,0.0,0.046511627906976744,0.0,0.0,0.9651162790697675,0.27906976744186046,0.0,0.0,0.0,0.0,0.6046511627906976,0.023255813953488372,0.7674418604651163,0.12790697674418605,0.0,0.0,0.023255813953488372,0.0,0.16279069767441862,0.0,0.023255813953488372,0.05813953488372093,0.023255813953488372,0.046511627906976744,0.011627906976744186,0.011627906976744186,0.011627906976744186,0.0,86
KUL30,Normal,Stromal cells,Stromal 1,GSE144735,0.0,0.4988067102800648,0.0,0.0,0.988887338677853,0.0,0.01606542308440265,0.0,3.197134589053427,1.1822856648699422,0.2521249278768829,0.0,0.4160570163822242,0.022005127719550273,0.9386780549405896,0.05691230619722955,0.0,0.0,0.0,0.0,0.3635579512855977,0.0,0.32817991164608945,0.0,0.03322847274226853,1.7809795353230167,0.04758076937657599,0.011491171589159146,2.2507741582483933,0.0,0.07737249934836063,0.0,0.0,3.517111359393405,0.880477573726539,0.0,0.0,0.0,0.0,0.7612699545619389,0.0,0.695193116671823,0.0,0.0,0.0,0.12374778510621404,0.0,1.4676128890758575,0.2561692967502332,2.0083059630686586,0.0,2.427735149914195,0.01830603183222761,0.0,4.13865580087723,0.007837147591755139,0.02933537469379356,0.0,0.3382352941176471,0.0,0.0,0.5735294117647058,0.0,0.014705882352941176,0.0,1.0,0.5955882352941176,0.16176470588235295,0.0,0.23529411764705882,0.014705882352941176,0.3602941176470588,0.03676470588235294,0.0,0.0,0.0,0.0,0.21323529411764705,0.0,0.23529411764705882,0.0,0.022058823529411766,0.8088235294117647,0.029411764705882353,0.007352941176470588,0.9117647058823529,0.0,0.051470588235294115,0.0,0.0,1.0,0.5220588235294118,0.0,0.0,0.0,0.0,0.4632352941176471,0.0,0.38235294117647056,0.0,0.0,0.0,0.09558823529411764,0.0,0.6544117647058824,0.15441176470588236,0.6617647058823529,0.0,0.9264705882352942,0.014705882352941176,0.0,0.9926470588235294,0.007352941176470588,0.014705882352941176,136
KUL30,Normal,Stromal cells,Stromal 2,GSE144735,0.0,0.4298019438216485,0.0,0.0,0.3873659137280123,0.0,0.0,0.0,1.9938579633403877,0.29832758668715603,0.02871542374246754,0.0,0.0,0.0,0.0,0.0,0.0,0.0,0.0,0.0,0.1508359872291693,0.0,0.13356230818727122,0.0,0.10093596552047907,1.785619172960377,0.05476261556023041,0.022279514361246235,2.181686113914294,0.0,0.017693520506211705,0.0,0.0,3.0951955684827475,0.6977088651290466,0.0,0.0,0.0,0.0,0.6003406621812779,0.030752807570757743,0.8659808857451711,0.057500647497781124,0.0,0.0,0.04567640865574963,0.0,0.09714077611611745,0.0,0.043160834975407555,0.0,1.4105468733962947,0.0,0.0,1.0007255554666328,0.0,0.050363095549091616,0.0,0.234375,0.0,0.0,0.21875,0.0,0.0,0.0,0.765625,0.140625,0.015625,0.0,0.0,0.0,0.0,0.0,0.0,0.0,0.0,0.0,0.09375,0.0,0.078125,0.0,0.0625,0.734375,0.03125,0.015625,0.890625,0.0,0.015625,0.0,0.0,1.0,0.375,0.0,0.0,0.0,0.0,0.34375,0.015625,0.390625,0.03125,0.0,0.0,0.03125,0.0,0.046875,0.0,0.03125,0.0,0.578125,0.0,0.0,0.375,0.0,0.015625,64
KUL30,Normal,Stromal cells,Stromal 3,GSE144735,0.0,0.3366000940210214,0.0,0.0,0.49145416072750153,0.0,0.012247180267037862,0.04093134947386233,1.6356049731373146,1.0985804659252796,0.6251902102144599,0.013526966493228263,0.09589830836143406,0.07352334273393102,0.03724879094322248,0.07654285994460922,0.0035833191679763275,0.010625133174841312,0.008471044499822802,0.006723125173436911,0.21737218426319505,0.0,0.42599472346964085,0.0989853640288498,0.060574644017103225,2.4383464897493763,0.019427313136464935,0.005432715173389922,2.028752602033967,0.0035356503673849627,0.003652378121184874,0.0,0.003747028853977095,3.508617971638734,1.7755738075186676,0.0,0.0,0.0,0.0,1.2543599493432667,0.0,0.8447874779818219,0.011972018500984762,0.0031152838206559047,0.0,0.09073926304071346,0.0,0.9548933749962831,0.0,1.1750858054557574,0.0,1.3301644713288596,0.3848898535462306,0.0,0.24601581284151047,0.0,0.03415526014953602,0.0,0.21012658227848102,0.0,0.0,0.31139240506329113,0.0,0.010126582278481013,0.027848101265822784,0.7215189873417721,0.5265822784810127,0.3012658227848101,0.010126582278481013,0.053164556962025315,0.053164556962025315,0.017721518987341773,0.043037974683544304,0.002531645569620253,0.002531645569620253,0.005063291139240506,0.005063291139240506,0.1341772151898734,0.0,0.24050632911392406,0.05063291139240506,0.04050632911392405,0.9037974683544304,0.012658227848101266,0.005063291139240506,0.8379746835443038,0.002531645569620253,0.002531645569620253,0.0,0.002531645569620253,0.9898734177215189,0.7620253164556962,0.0,0.0,0.0,0.0,0.6379746835443038,0.0,0.3949367088607595,0.010126582278481013,0.002531645569620253,0.0,0.05822784810126582,0.0,0.3822784810126582,0.0,0.4,0.0,0.6354430379746835,0.1518987341772152,0.0,0.09873417721518987,0.0,0.02278481012658228,395
KUL30,Normal,Stromal cells,Tip-like ECs,GSE144735,0.0,0.4908024365533912,0.022050539316660872,0.0,0.11985293252391191,0.0,0.0,0.032369326389902676,0.05912492336971076,0.855644829916608,0.6146846553202732,0.0,0.21112196109125886,0.012357344512695745,0.05733861332494278,1.1821715154559602,0.0,0.0,0.014161568391012078,0.015320957685199591,0.22742541219227688,0.0,0.17117771965990558,0.1483553678326255,0.11157250754811868,0.6801322047444635,0.00745981808878018,0.019342930532693675,0.6041411862148919,0.015964869223096027,0.028664513051224208,0.0,0.0,2.916333566052816,2.0026075542704667,0.0,0.0,0.0,0.0,1.2205886498357412,0.0,1.6158310391929904,0.07149288840893452,0.0,0.025042272141420765,0.035099715412264865,0.0,0.16329632395222737,0.005016033700427981,0.00806714904861884,0.0,0.02694228687013217,0.13166752356750006,0.0,0.05439527509544015,0.0,0.007282912097090215,0.0,0.32857142857142857,0.014285714285714285,0.0,0.09285714285714286,0.0,0.0,0.02142857142857143,0.03571428571428571,0.36428571428571427,0.3357142857142857,0.0,0.12142857142857143,0.014285714285714285,0.02142857142857143,0.45714285714285713,0.0,0.0,0.007142857142857143,0.007142857142857143,0.16428571428571428,0.0,0.1357142857142857,0.07142857142857142,0.08571428571428572,0.42857142857142855,0.007142857142857143,0.014285714285714285,0.3142857142857143,0.007142857142857143,0.02142857142857143,0.0,0.0,0.9142857142857143,0.8,0.0,0.0,0.0,0.0,0.6142857142857143,0.0,0.6142857142857143,0.06428571428571428,0.0,0.014285714285714285,0.02857142857142857,0.0,0.07857142857142857,0.007142857142857143,0.007142857142857143,0.0,0.014285714285714285,0.07142857142857142,0.0,0.02857142857142857,0.0,0.007142857142857143,140
KUL30,Normal,T cells,CD4+ T cells,GSE144735,0.0,0.09109681959716338,0.26422919826391217,0.0,0.0,0.1532423098614092,0.0,0.0,0.0,0.0,0.0,0.0,0.0,0.0,0.0,0.0,0.0,0.0,0.0,0.0,0.0,0.0,0.0,0.0,0.1546577403414149,0.3574073429223201,0.0,0.0,0.0,0.0,0.0,0.0,0.0,2.5198892814898475,0.0,0.20594281275942497,0.0,0.3084808005292324,0.0,0.5287399310028017,0.0,0.5836092145650915,0.0,0.0,0.0,0.0,0.0,0.0,0.0,0.0,0.0,0.0,0.0,0.0,0.0,0.0,0.0,0.0,0.06666666666666667,0.13333333333333333,0.0,0.0,0.06666666666666667,0.0,0.0,0.0,0.0,0.0,0.0,0.0,0.0,0.0,0.0,0.0,0.0,0.0,0.0,0.0,0.0,0.0,0.0,0.06666666666666667,0.2,0.0,0.0,0.0,0.0,0.0,0.0,0.0,0.8666666666666667,0.0,0.13333333333333333,0.0,0.13333333333333333,0.0,0.26666666666666666,0.0,0.2,0.0,0.0,0.0,0.0,0.0,0.0,0.0,0.0,0.0,0.0,0.0,0.0,0.0,0.0,0.0,15
KUL30,Normal,T cells,CD8+ T cells,GSE144735,0.0,0.35302280038093375,0.0,0.0,0.0,0.48481963771502606,0.7192036217921981,0.0,0.0,0.0,0.0,0.0,0.0,0.0,0.0,0.0,0.0,0.0,0.0,0.0,0.1338803431540266,0.0,0.0,0.0,0.0,0.1338803431540266,0.0,0.0,0.1338803431540266,0.0,0.0,0.0,0.0,2.0141519722429977,0.0,0.3153145717169391,0.0,0.4501049135600137,0.42971884751291095,0.1326202985581481,0.0,1.0132628614183445,0.0,0.0,0.0,0.0,0.0,0.0,0.0,0.0,0.0,0.0,0.0,0.0,0.1892415041869566,0.0,0.15366936790633953,0.0,0.16666666666666666,0.0,0.0,0.0,0.25,0.25,0.0,0.0,0.0,0.0,0.0,0.0,0.0,0.0,0.0,0.0,0.0,0.0,0.0,0.08333333333333333,0.0,0.0,0.0,0.0,0.08333333333333333,0.0,0.0,0.08333333333333333,0.0,0.0,0.0,0.0,0.8333333333333334,0.0,0.16666666666666666,0.0,0.25,0.16666666666666666,0.08333333333333333,0.0,0.5,0.0,0.0,0.0,0.0,0.0,0.0,0.0,0.0,0.0,0.0,0.0,0.0,0.08333333333333333,0.0,0.08333333333333333,12
KUL30,Normal,T cells,NK cells,GSE144735,0.0,0.0,0.0,0.0,0.0,0.0,0.0,0.0,0.0,0.0,0.0,0.0,0.0,0.0,0.0,0.0,0.0,0.0,0.0,0.0,0.0,0.0,0.0,0.0,0.0,0.0,0.0,0.0,0.0,0.0,0.0,0.0,0.0,3.1651749846147474,0.0,0.0,0.0,0.0,0.0,0.0,0.0,2.1476019941849738,0.0,0.0,0.0,0.0,0.0,0.0,0.0,0.0,0.0,0.0,0.0,0.0,0.0,0.0,0.0,0.0,0.0,0.0,0.0,0.0,0.0,0.0,0.0,0.0,0.0,0.0,0.0,0.0,0.0,0.0,0.0,0.0,0.0,0.0,0.0,0.0,0.0,0.0,0.0,0.0,0.0,0.0,0.0,0.0,0.0,0.0,0.0,0.0,1.0,0.0,0.0,0.0,0.0,0.0,0.0,0.0,1.0,0.0,0.0,0.0,0.0,0.0,0.0,0.0,0.0,0.0,0.0,0.0,0.0,0.0,0.0,0.0,1
KUL30,Tumor,B cells,CD19+CD20+ B,GSE144735,0.0,0.0,0.0,0.0,0.0,0.0,0.0,0.0,0.0,0.0,0.0,0.0,0.0,0.0,0.0,0.0,0.0,0.0,0.0,0.0,0.0,0.0,0.0,0.0,0.0,0.0,0.0,0.0,0.0,0.0,0.0,0.0,0.0,2.837364195514914,0.0,0.0,0.0,0.0,0.0,0.0,0.0,0.0,0.0,0.0,0.0,0.0,0.0,0.0,0.0,0.0,0.0,0.0,0.0,0.0,0.0,0.0,0.0,0.0,0.0,0.0,0.0,0.0,0.0,0.0,0.0,0.0,0.0,0.0,0.0,0.0,0.0,0.0,0.0,0.0,0.0,0.0,0.0,0.0,0.0,0.0,0.0,0.0,0.0,0.0,0.0,0.0,0.0,0.0,0.0,0.0,1.0,0.0,0.0,0.0,0.0,0.0,0.0,0.0,0.0,0.0,0.0,0.0,0.0,0.0,0.0,0.0,0.0,0.0,0.0,0.0,0.0,0.0,0.0,0.0,1
KUL30,Tumor,B cells,IgA+ Plasma,GSE144735,0.0,0.0,0.030138804957947952,0.0,0.0,0.0,0.0,0.0,0.014771615191581995,0.03628847378585156,0.0,0.0,0.0,0.0,0.01603043794164846,0.0,0.0,0.018833246382374266,0.004038996542314598,0.0,0.06975497227061775,0.0,0.08652055992514085,0.0,0.0,0.344452607660316,0.0,0.0,0.006184857769582822,0.009602890557752137,0.0,0.0,0.0,1.2026131762447914,0.0,0.0,0.0,0.0,0.005384533313237597,0.1301072520210084,0.0,0.19976355877368246,0.0,0.0,0.0,0.0,0.0,0.013474032791913355,0.0,0.0193237473497654,0.0,0.0,0.018835958002322347,0.0,0.0,0.0,0.0,0.0,0.0,0.01904761904761905,0.0,0.0,0.0,0.0,0.0,0.01904761904761905,0.047619047619047616,0.0,0.0,0.0,0.0,0.01904761904761905,0.0,0.0,0.01904761904761905,0.009523809523809525,0.0,0.08571428571428572,0.0,0.06666666666666667,0.0,0.0,0.2761904761904762,0.0,0.0,0.009523809523809525,0.009523809523809525,0.0,0.0,0.0,0.7523809523809524,0.0,0.0,0.0,0.0,0.009523809523809525,0.11428571428571428,0.0,0.1523809523809524,0.0,0.0,0.0,0.0,0.0,0.01904761904761905,0.0,0.01904761904761905,0.0,0.0,0.009523809523809525,0.0,0.0,0.0,0.0,105
KUL30,Tumor,B cells,Unspecified Plasma,GSE144735,0.0,0.0,0.0,0.0,0.0,0.0,0.0,0.0,0.0,0.0,0.0,0.0,0.0,0.0,0.0,0.0,0.0,0.0,0.0,0.0,0.0,0.0,0.0,0.0,0.0,0.0,0.0,0.0,0.0,0.0,0.0,0.0,0.0,1.2208768833347723,0.0,0.0,0.0,0.0,0.0,0.0,0.0,0.0,0.0,0.0,0.0,0.0,0.0,0.0,0.0,0.0,0.0,0.0,0.0,0.0,0.0,0.0,0.0,0.0,0.0,0.0,0.0,0.0,0.0,0.0,0.0,0.0,0.0,0.0,0.0,0.0,0.0,0.0,0.0,0.0,0.0,0.0,0.0,0.0,0.0,0.0,0.0,0.0,0.0,0.0,0.0,0.0,0.0,0.0,0.0,0.0,0.5,0.0,0.0,0.0,0.0,0.0,0.0,0.0,0.0,0.0,0.0,0.0,0.0,0.0,0.0,0.0,0.0,0.0,0.0,0.0,0.0,0.0,0.0,0.0,2
KUL30,Tumor,Epithelial cells,CMS1,GSE144735,0.0,0.0,0.0,0.0,0.0,0.0,0.0,0.0,0.0,0.0,0.0,0.0,0.0,0.0,1.2057666211073008,1.5060703280501024,0.4604768445693603,3.170036416840541,0.0,0.0,0.7745700328057656,0.0,1.3671491584704702,0.0,0.0,2.0059463280773873,0.0,0.0,0.0,0.4604768445693603,0.0,0.0,0.0,3.7771777242055027,0.0,0.0,0.0,0.0,0.0,0.7745700328057656,0.0,0.0,0.0,0.0,0.0,1.013231787108021,1.013231787108021,0.0,0.0,0.0,0.0,0.0,2.7853548607904797,0.0,0.0,0.0,0.0,0.0,0.0,0.0,0.0,0.0,0.0,0.0,0.0,0.0,0.0,0.0,0.0,0.0,0.0,1.0,1.0,1.0,1.0,0.0,0.0,1.0,0.0,1.0,0.0,0.0,1.0,0.0,0.0,0.0,1.0,0.0,0.0,0.0,1.0,0.0,0.0,0.0,0.0,0.0,1.0,0.0,0.0,0.0,0.0,0.0,1.0,1.0,0.0,0.0,0.0,0.0,0.0,1.0,0.0,0.0,0.0,0.0,1
KUL30,Tumor,Epithelial cells,CMS2,GSE144735,0.0,0.12863932360084673,0.0,0.008961534470940054,0.003643209048296751,0.0,0.0,0.008692274148722217,0.009336286266130983,0.012090671410560612,0.0,0.0,0.012953199201691384,0.0,0.1951277895089727,0.2224869102668551,0.0,0.0,0.0,0.0,0.8594335005111221,0.0,0.39370135949311236,0.0,0.0,1.5071825401962904,0.0,0.020155064175519936,0.35857552592016045,1.5100328961788159,0.005183977287017391,0.00651365418370933,0.03918856017118307,3.3031711684391656,0.0,0.0,0.0,0.0,0.018351089411096734,2.2369562128912626,0.020399331739462984,0.3522267351214562,0.0,0.0,0.018363206240726303,0.2515166484402429,0.015077221060633337,0.0,0.0,0.0,0.0,0.0058932115166167726,0.5499176998185146,0.0,0.010914387892321301,0.0,0.0,0.0,0.29411764705882354,0.0,0.0392156862745098,0.0196078431372549,0.0,0.0,0.0196078431372549,0.0392156862745098,0.0392156862745098,0.0,0.0,0.0196078431372549,0.0,0.21568627450980393,0.29411764705882354,0.0,0.0,0.0,0.0,0.803921568627451,0.0,0.6470588235294118,0.0,0.0,0.8823529411764706,0.0,0.0392156862745098,0.6078431372549019,0.803921568627451,0.0196078431372549,0.0196078431372549,0.0784313725490196,0.9607843137254902,0.0,0.0,0.0,0.0,0.058823529411764705,0.8823529411764706,0.0784313725490196,0.3333333333333333,0.0,0.0,0.058823529411764705,0.45098039215686275,0.0196078431372549,0.0,0.0,0.0,0.0,0.0196078431372549,0.5294117647058824,0.0,0.0392156862745098,0.0,0.0,51
KUL30,Tumor,Epithelial cells,CMS3,GSE144735,0.0,0.26273815349430074,0.0,0.0,0.028879969468105993,0.0,0.0,0.0,0.021921897598486763,0.0,0.0,0.0,0.0,0.0,0.1266066876416963,0.32611537163619386,0.0,0.0,0.0,0.0,1.2648218740094292,0.0,0.4027939377063702,0.0,0.0,0.6834995731769206,0.0,0.0,0.5315910458942107,2.377492183310993,0.0,0.0,0.0,3.5519490519327004,0.0,0.0,0.0,0.0,0.0,2.8962899747174147,0.0,0.9958735967421422,0.0,0.0,0.0,0.1279096785701711,0.0,0.0,0.0,0.0,0.0,0.0,1.2053067329530496,0.0,0.0,0.0,0.0,0.0,0.4375,0.0,0.0,0.0625,0.0,0.0,0.0,0.0625,0.0,0.0,0.0,0.0,0.0,0.1875,0.25,0.0,0.0,0.0,0.0,0.8125,0.0,0.5,0.0,0.0,0.625,0.0,0.0,0.625,0.875,0.0,0.0,0.0,1.0,0.0,0.0,0.0,0.0,0.0,0.875,0.0,0.6875,0.0,0.0,0.0,0.25,0.0,0.0,0.0,0.0,0.0,0.0,0.75,0.0,0.0,0.0,0.0,16
KUL30,Tumor,Mast cells,Mast cells,GSE144735,0.0,0.0,0.0,0.0,0.0,0.0,0.0,0.0,0.0,0.0,0.0,0.0,0.0,0.0,0.0,0.0,0.0,0.0,0.0,0.0,0.0,0.0,0.0,0.0,0.0,1.8826706909193962,0.0,0.0,0.0,0.0,0.0,0.0,0.0,4.296242663141495,0.0,0.0,0.0,0.0,0.0,0.0,0.0,0.0,0.0,0.0,0.0,0.0,0.0,0.0,0.0,0.0,0.0,0.0,0.0,0.0,0.0,0.0,0.0,0.0,0.0,0.0,0.0,0.0,0.0,0.0,0.0,0.0,0.0,0.0,0.0,0.0,0.0,0.0,0.0,0.0,0.0,0.0,0.0,0.0,0.0,0.0,0.0,0.0,1.0,0.0,0.0,0.0,0.0,0.0,0.0,0.0,1.0,0.0,0.0,0.0,0.0,0.0,0.0,0.0,0.0,0.0,0.0,0.0,0.0,0.0,0.0,0.0,0.0,0.0,0.0,0.0,0.0,0.0,0.0,0.0,1
KUL30,Tumor,Myeloids,Anti-inflammatory,GSE144735,0.0,0.594866025144566,0.19557562294906441,0.0,0.0,0.0,0.0,0.0,0.0,0.0,0.0,0.0,0.0,0.0,1.0069146187999314,1.5972548016320396,0.5340816271324741,0.0,1.6937693943742786,0.8049149974945844,2.3894901904134236,0.0,1.6076523358320391,0.0,0.0,0.790610287552636,0.0,0.0,1.399949662098156,0.0,0.259871841439446,0.0,0.0,4.173538224525958,0.0,0.0,0.9679946370731126,0.0,0.0,0.7438265548761148,0.0,0.6936494462327126,0.0,0.0,0.0,1.365910775752977,0.0,1.5856067666126703,0.0,0.0,0.0,0.0,0.0,0.0,1.191421218028801,0.0,0.0,0.0,0.3333333333333333,0.16666666666666666,0.0,0.0,0.0,0.0,0.0,0.0,0.0,0.0,0.0,0.0,0.0,0.3333333333333333,0.6666666666666666,0.3333333333333333,0.0,0.3333333333333333,0.5,1.0,0.0,0.8333333333333334,0.0,0.0,0.5,0.0,0.0,0.8333333333333334,0.0,0.16666666666666666,0.0,0.0,1.0,0.0,0.0,0.5,0.0,0.0,0.5,0.0,0.3333333333333333,0.0,0.0,0.0,0.6666666666666666,0.0,0.5,0.0,0.0,0.0,0.0,0.0,0.0,0.3333333333333333,0.0,0.0,6
KUL30,Tumor,Myeloids,Pro-inflammatory,GSE144735,0.0,0.19220755901865016,0.17350401474896618,0.0,0.0,0.0,0.0,0.0,0.0,0.10385417103591281,0.0,0.0,0.0,0.0,0.0,0.9098861428870308,0.0,0.25378105616914,0.13015585341991864,0.045570581121090345,2.0133555421702405,0.13949793575456815,2.0897727346048183,0.0,0.19354754326712265,2.0351439012390924,0.0,0.0,1.2982422563764293,0.0,0.0,0.0,0.0,4.157117129785423,0.0,0.0,0.22624757349566227,0.0,0.0,0.8789389673449551,0.0,0.41550496814234916,0.0,0.0,0.0,0.7191613885218711,0.0,0.1359959138586665,0.0,0.0,0.0,0.0,0.0,0.0,0.04929670707974257,0.0,0.0,0.0,0.15384615384615385,0.15384615384615385,0.0,0.0,0.0,0.0,0.0,0.0,0.07692307692307693,0.0,0.0,0.0,0.0,0.0,0.34615384615384615,0.0,0.11538461538461539,0.038461538461538464,0.038461538461538464,0.8461538461538461,0.11538461538461539,0.8846153846153846,0.0,0.11538461538461539,0.8076923076923077,0.0,0.0,0.6538461538461539,0.0,0.0,0.0,0.0,1.0,0.0,0.0,0.15384615384615385,0.0,0.0,0.5,0.0,0.23076923076923078,0.0,0.0,0.0,0.4230769230769231,0.0,0.07692307692307693,0.0,0.0,0.0,0.0,0.0,0.0,0.038461538461538464,0.0,0.0,26
KUL30,Tumor,Myeloids,Proliferating,GSE144735,0.07122330584559855,0.4289765817716649,0.30887340849864936,0.0,0.0,0.0,0.0,0.0,0.0,0.1821021831535856,0.0,0.0,0.0,0.0,0.5397842932431985,1.4159932824885597,0.47168437730341434,0.3390097570321013,0.0,0.2517728968694005,2.0786230461278126,0.0,1.7806917124490298,0.0,0.07122330584559855,1.2659130402890293,0.0,0.0,1.4865358717769048,0.13005962217183833,0.0,0.0,0.0,3.6171197627528904,0.14540415329907636,0.0,0.922646795508889,0.0,0.0,1.140137779536833,0.0,0.767356592654112,0.0,0.0,0.0,1.2459607945347502,0.0,0.0,0.0,0.0,0.0,0.0,0.0,0.0,0.8953733364268527,0.0,0.7374813038447307,0.08333333333333333,0.4166666666666667,0.25,0.0,0.0,0.0,0.0,0.0,0.0,0.08333333333333333,0.0,0.0,0.0,0.0,0.25,0.5833333333333334,0.16666666666666666,0.08333333333333333,0.0,0.25,1.0,0.0,1.0,0.0,0.08333333333333333,0.6666666666666666,0.0,0.0,0.8333333333333334,0.08333333333333333,0.0,0.0,0.0,1.0,0.16666666666666666,0.0,0.75,0.0,0.0,0.6666666666666666,0.0,0.4166666666666667,0.0,0.0,0.0,0.75,0.0,0.0,0.0,0.0,0.0,0.0,0.0,0.0,0.4166666666666667,0.0,0.4166666666666667,12
KUL30,Tumor,Myeloids,SPP1+A,GSE144735,0.0,0.0,0.0,0.0,0.0,0.0,0.0,0.0,0.0,0.6931957962288616,0.0,0.0,0.0,0.0,0.0,1.0844337619046656,0.0,0.0,0.7430467502793664,0.0,2.5175907884119444,0.0,1.1444099114903643,0.0,0.0,2.7526528083585666,0.0,0.0,0.4013631612109978,0.0,0.0,0.0,0.0,4.273033940289719,0.0,0.0,0.0,0.0,0.0,0.5782461079159883,0.0,1.3012380081818435,0.0,0.0,0.0,0.5227295191112427,0.0,0.0,0.0,0.0,0.0,0.0,0.0,0.0,0.0,0.0,0.0,0.0,0.0,0.0,0.0,0.0,0.0,0.0,0.0,0.0,0.3333333333333333,0.0,0.0,0.0,0.0,0.0,0.3333333333333333,0.0,0.0,0.3333333333333333,0.0,1.0,0.0,0.6666666666666666,0.0,0.0,1.0,0.0,0.0,0.3333333333333333,0.0,0.0,0.0,0.0,1.0,0.0,0.0,0.0,0.0,0.0,0.3333333333333333,0.0,0.6666666666666666,0.0,0.0,0.0,0.3333333333333333,0.0,0.0,0.0,0.0,0.0,0.0,0.0,0.0,0.0,0.0,0.0,3
KUL30,Tumor,Myeloids,SPP1+B,GSE144735,0.0,0.2241365321228838,0.0595265845735856,0.47132714205529186,0.07377463504574305,0.0,0.0,0.0,0.0,0.5365427744238601,0.0,0.0,0.12217972528800033,0.0,0.10246172889124379,0.48714790373062056,0.10841693023739461,0.2183577781454306,1.0180071079259554,0.26153387041661946,1.185843056613351,0.30588369568738777,1.9093654758411704,0.0,0.0,1.6342633536824012,0.0,0.0,0.8780462970639253,0.0595265845735856,0.0,0.06716119958610983,0.0,4.734439391666981,0.0,0.0,0.2614560428042193,0.0,0.08315836814026009,1.4156050188052225,0.0,1.760650488469231,0.0,0.0,0.0,1.4469473611392312,0.0,0.10841693023739461,0.06716119958610983,0.0,0.0,0.0,0.12206063942768833,0.0,2.592840792517966,0.0,0.0595265845735856,0.0,0.23076923076923078,0.07692307692307693,0.23076923076923078,0.07692307692307693,0.0,0.0,0.0,0.0,0.3076923076923077,0.0,0.0,0.07692307692307693,0.0,0.07692307692307693,0.3076923076923077,0.07692307692307693,0.07692307692307693,0.3076923076923077,0.23076923076923078,0.6153846153846154,0.3076923076923077,0.9230769230769231,0.0,0.0,0.7692307692307693,0.0,0.0,0.5384615384615384,0.07692307692307693,0.0,0.07692307692307693,0.0,1.0,0.0,0.0,0.23076923076923078,0.0,0.07692307692307693,0.6923076923076923,0.0,0.6923076923076923,0.0,0.0,0.0,0.6923076923076923,0.0,0.07692307692307693,0.07692307692307693,0.0,0.0,0.0,0.07692307692307693,0.0,0.6153846153846154,0.0,0.07692307692307693,13
KUL30,Tumor,Myeloids,Unknown,GSE144735,0.0,0.0,0.0,0.8825892363319995,0.0,0.0,0.0,0.0,0.0,0.8825892363319995,0.0,0.0,0.0,0.0,0.0,0.0,0.0,0.0,0.0,0.0,0.0,0.0,1.1844312081542572,0.0,0.0,0.7500228792520521,0.0,0.0,0.0,0.0,0.0,0.0,0.0,5.0516455180563264,0.0,0.0,0.0,0.0,0.0,0.8825892363319995,0.0,1.3516051405032856,0.0,0.0,0.0,1.6326121155840516,0.0,0.0,0.0,0.0,0.0,0.0,0.0,0.0,2.2917296007028223,0.0,0.0,0.0,0.0,0.0,0.5,0.0,0.0,0.0,0.0,0.0,0.5,0.0,0.0,0.0,0.0,0.0,0.0,0.0,0.0,0.0,0.0,0.0,0.0,0.5,0.0,0.0,0.5,0.0,0.0,0.0,0.0,0.0,0.0,0.0,1.0,0.0,0.0,0.0,0.0,0.0,0.5,0.0,0.5,0.0,0.0,0.0,1.0,0.0,0.0,0.0,0.0,0.0,0.0,0.0,0.0,0.5,0.0,0.0,2
KUL30,Tumor,Myeloids,cDC,GSE144735,0.0,0.0,0.0,0.0,0.0,0.0,0.0,0.0,0.0,0.0,0.0,0.0,0.0,0.0,0.0,0.0,0.38376143093132614,0.0,0.0,0.0,1.7587492657263355,0.0,1.923100279403973,0.0,0.0,1.6516096894744003,0.0,0.0,1.3905848588765237,0.0,0.0,0.0,0.0,4.1085149845860025,0.0,0.0,0.0,0.0,0.0,0.5536110400474432,0.0,0.0,0.0,0.0,0.0,0.3830815210349902,0.0,0.0,0.0,0.0,0.0,0.0,0.0,0.0,0.0,0.0,0.21551919638657088,0.0,0.0,0.0,0.0,0.0,0.0,0.0,0.0,0.0,0.0,0.0,0.0,0.0,0.0,0.0,0.0,0.2,0.0,0.0,0.0,1.0,0.0,1.0,0.0,0.0,0.8,0.0,0.0,0.8,0.0,0.0,0.0,0.0,1.0,0.0,0.0,0.0,0.0,0.0,0.4,0.0,0.0,0.0,0.0,0.0,0.4,0.0,0.0,0.0,0.0,0.0,0.0,0.0,0.0,0.0,0.0,0.2,5
KUL30,Tumor,Stromal cells,Enteric glial cells,GSE144735,0.0,0.0,0.0,0.0,0.0,0.0,0.0,0.0,0.0,0.0,0.0,0.0,0.0,0.0,0.0,0.0,0.0,0.0,0.0,0.0,0.0,0.0,0.0,0.0,0.0,2.570877496348932,2.570877496348932,0.0,2.570877496348932,0.0,0.0,0.0,0.0,3.8981102451381293,0.0,0.0,0.0,0.0,0.0,2.570877496348932,0.0,2.570877496348932,0.0,0.0,0.0,0.0,0.0,0.0,0.0,0.0,0.0,0.0,0.0,0.0,1.9514160129298357,0.0,2.570877496348932,0.0,0.0,0.0,0.0,0.0,0.0,0.0,0.0,0.0,0.0,0.0,0.0,0.0,0.0,0.0,0.0,0.0,0.0,0.0,0.0,0.0,0.0,0.0,0.0,0.0,1.0,1.0,0.0,1.0,0.0,0.0,0.0,0.0,1.0,0.0,0.0,0.0,0.0,0.0,1.0,0.0,1.0,0.0,0.0,0.0,0.0,0.0,0.0,0.0,0.0,0.0,0.0,0.0,0.0,1.0,0.0,1.0,1
KUL30,Tumor,Stromal cells,Lymphatic ECs,GSE144735,0.0,0.33491171754998367,0.0,0.0,1.113200311452918,0.0,0.0,0.0,0.0,0.8391601323215665,0.0,0.0,0.0,0.0,0.0,0.20014625912488007,0.0,0.0,0.0,0.0,0.6288572554100673,0.0,0.20014625912488007,0.0,0.0,3.268613788963102,0.0,0.0,0.6447722822552594,0.0,0.0,0.0,0.0,2.852965554983193,0.0,0.0,0.34221279974363733,0.0,0.0,0.47310437076287115,0.0,1.0248667108452862,0.0,0.0,0.0,0.0,0.0,0.5784212479397159,0.2968010734530491,0.0,0.0,0.0,0.0,0.0,0.0,0.0,0.0,0.0,0.25,0.0,0.0,0.75,0.0,0.0,0.0,0.0,0.75,0.0,0.0,0.0,0.0,0.0,0.25,0.0,0.0,0.0,0.0,0.5,0.0,0.25,0.0,0.0,1.0,0.0,0.0,0.5,0.0,0.0,0.0,0.0,1.0,0.0,0.0,0.25,0.0,0.0,0.25,0.0,0.75,0.0,0.0,0.0,0.0,0.0,0.25,0.25,0.0,0.0,0.0,0.0,0.0,0.0,0.0,0.0,4
KUL30,Tumor,Stromal cells,Myofibroblasts,GSE144735,0.0,0.4392444061620695,0.04814862306759755,0.21886814774764243,0.4769905969944584,0.0,0.0,0.3405128782999266,3.027884863048344,1.0948360897137126,0.2817923114929268,0.030105250738446224,0.008635610230841258,0.04537883454642574,1.1487701047626964,0.40288692870572684,0.06328542081730196,0.2298704516209917,0.0,0.0,0.8769380753968531,0.0,1.4215746887221288,0.10962099045395952,0.05086720864683016,3.9913409518230787,0.0,0.07232922417824848,1.2245729235678344,0.030810465080373817,0.05681046488775788,0.014786601019279644,0.1531626722376831,3.7165895343019035,0.052597462900983986,0.0,0.0,0.0,0.0,0.8577099157157779,0.0,1.222491796799804,0.01871840367298643,0.0,0.006168049859231166,0.033712538372269944,0.0,1.2061900499782927,0.0,0.540912649915126,0.0,2.7649911730649683,0.008890621930295063,0.0,0.2701787882243977,0.0,0.0,0.0,0.3373493975903614,0.04819277108433735,0.1686746987951807,0.3493975903614458,0.0,0.0,0.27710843373493976,0.963855421686747,0.5060240963855421,0.25301204819277107,0.03614457831325301,0.012048192771084338,0.04819277108433735,0.43373493975903615,0.24096385542168675,0.04819277108433735,0.08433734939759036,0.0,0.0,0.5301204819277109,0.0,0.6746987951807228,0.060240963855421686,0.04819277108433735,1.0,0.0,0.04819277108433735,0.6265060240963856,0.024096385542168676,0.060240963855421686,0.012048192771084338,0.07228915662650602,0.9879518072289156,0.03614457831325301,0.0,0.0,0.0,0.0,0.6024096385542169,0.0,0.6144578313253012,0.024096385542168676,0.0,0.012048192771084338,0.03614457831325301,0.0,0.5421686746987951,0.0,0.24096385542168675,0.0,0.927710843373494,0.012048192771084338,0.0,0.1686746987951807,0.0,0.0,83
KUL30,Tumor,Stromal cells,Pericytes,GSE144735,0.0,0.49712777186113494,0.0,0.0,1.1757557891931134,0.0,0.0,0.0,2.7620056018923407,0.8397993058648328,0.0,0.0,0.0,0.0,0.0,0.3655128985936121,0.10350406377334609,0.3179123513075815,0.0,0.0,0.4633436853218197,0.0,0.5173885198620165,0.046887706202721625,0.3030791083540056,3.2333374080396817,0.0,0.0,0.6839881877006289,0.017220229443567055,0.03673631825380511,0.0,0.0,3.6310821846925774,0.0,0.0,0.0,0.06478971697330178,0.0,0.6244042776727385,0.04837521157431672,0.6094254458134452,0.08156398043406533,0.0,0.017220229443567055,0.0,0.0,0.10417147412052277,0.0,0.05140166131987282,0.0,2.630318824385802,0.03673631825380511,0.0,0.11316005522031697,0.0,0.0,0.0,0.3448275862068966,0.0,0.0,0.7586206896551724,0.0,0.0,0.0,0.9310344827586207,0.4482758620689655,0.0,0.0,0.0,0.0,0.0,0.27586206896551724,0.10344827586206896,0.10344827586206896,0.0,0.0,0.27586206896551724,0.0,0.3793103448275862,0.034482758620689655,0.1724137931034483,1.0,0.0,0.0,0.4482758620689655,0.034482758620689655,0.034482758620689655,0.0,0.0,1.0,0.0,0.0,0.0,0.034482758620689655,0.0,0.4827586206896552,0.06896551724137931,0.3793103448275862,0.06896551724137931,0.0,0.034482758620689655,0.0,0.0,0.10344827586206896,0.0,0.034482758620689655,0.0,0.8620689655172413,0.034482758620689655,0.0,0.10344827586206896,0.0,0.0,29
KUL30,Tumor,Stromal cells,Smooth muscle cells,GSE144735,0.0,0.59768940656317,0.0,0.052068477782026834,0.27726662761802506,0.0,0.0,0.04976838055632317,0.7935226436801348,1.3232885610814487,0.06248949187536295,0.05812118379514088,0.0,0.0,0.0,0.053637266307098135,0.0,0.0,0.0,0.0,0.38777091819635523,0.0,0.4668971539828743,0.0,0.0,1.9368465803719912,0.0,0.0,0.5278671143326974,0.0,0.0,0.0,0.0,2.888004218033296,0.0,0.0,0.0,0.0,0.0,0.5838669186446954,0.0,1.6858508941303094,0.0,0.0,0.0,0.0,0.0,0.3108519656123123,0.0,0.0,0.0,0.7252628514910148,0.06378452114431703,0.0,0.19194730575633207,0.0,0.0,0.0,0.3333333333333333,0.0,0.03333333333333333,0.13333333333333333,0.0,0.0,0.03333333333333333,0.4,0.5666666666666667,0.03333333333333333,0.03333333333333333,0.0,0.0,0.0,0.03333333333333333,0.0,0.0,0.0,0.0,0.23333333333333334,0.0,0.2,0.0,0.0,0.8333333333333334,0.0,0.0,0.23333333333333334,0.0,0.0,0.0,0.0,0.9,0.0,0.0,0.0,0.0,0.0,0.3333333333333333,0.0,0.7,0.0,0.0,0.0,0.0,0.0,0.16666666666666666,0.0,0.0,0.0,0.36666666666666664,0.03333333333333333,0.0,0.1,0.0,0.0,30
KUL30,Tumor,Stromal cells,Stalk-like ECs,GSE144735,0.0,0.5377085455720354,0.08475704332625458,0.0,0.2931268127695973,0.0,0.0,0.23911802485774514,0.0,0.7054787089556045,0.16860707236171563,0.0,0.0,0.0,0.0,0.6925463564679012,0.0,0.03119247860322325,0.08087415181316887,0.0,0.6511723823061879,0.0,0.7821179081261614,0.26842721316633367,0.0,1.946221863926259,0.0,0.0,0.6253853588653439,0.020928569617216175,0.0,0.0,0.0,2.747537382662972,0.17553462280250845,0.0,0.0,0.0,0.0,0.9140421030624771,0.01647905920625402,0.7040951843626589,0.019903657698925735,0.0,0.0,0.04333077294742062,0.0,0.6418602188816538,0.0,0.0,0.12314845349954912,0.0,0.0,0.0,0.035305348369783156,0.0,0.0,0.0,0.4666666666666667,0.1,0.0,0.23333333333333334,0.0,0.0,0.2,0.0,0.4666666666666667,0.1,0.0,0.0,0.0,0.0,0.4,0.0,0.03333333333333333,0.06666666666666667,0.0,0.4666666666666667,0.0,0.5,0.2,0.0,0.8666666666666667,0.0,0.0,0.4666666666666667,0.03333333333333333,0.0,0.0,0.0,1.0,0.16666666666666666,0.0,0.0,0.0,0.0,0.6,0.03333333333333333,0.36666666666666664,0.03333333333333333,0.0,0.0,0.06666666666666667,0.0,0.26666666666666666,0.0,0.0,0.1,0.0,0.0,0.0,0.03333333333333333,0.0,0.0,30
KUL30,Tumor,Stromal cells,Stromal 1,GSE144735,0.0,0.1738819741532445,0.0,0.49108604873481637,0.7669711123362245,0.0,0.0,0.04206949486384177,2.0819655353938473,0.634231952774764,0.0,0.0,0.12440085565708939,0.0,1.7064723661039618,0.3816403695622945,0.0,0.0,0.0,0.0,1.8388104332697228,0.0,1.98128719239619,0.32830622036204826,0.0,3.300539801204097,0.0,1.0649938292452579,1.595886394026149,0.0472370181909969,0.0,0.0,0.0,4.402537739968141,0.0,0.0,0.0,0.0,0.056060481074049325,0.6613433422371189,0.0,1.62377715667863,0.0,0.0,0.0,0.047523922538103426,0.0,1.3187859583762473,0.1367173234106789,1.7981218173341003,0.06757779346339651,1.77036464340482,0.0,0.0,1.9980488722856988,0.0,0.0,0.0,0.14285714285714285,0.0,0.2857142857142857,0.5357142857142857,0.0,0.0,0.03571428571428571,0.8214285714285714,0.4642857142857143,0.0,0.0,0.07142857142857142,0.0,0.5,0.17857142857142858,0.0,0.0,0.0,0.0,0.75,0.0,0.8571428571428571,0.10714285714285714,0.0,0.9642857142857143,0.0,0.4642857142857143,0.8214285714285714,0.03571428571428571,0.0,0.0,0.0,1.0,0.0,0.0,0.0,0.0,0.03571428571428571,0.42857142857142855,0.0,0.5357142857142857,0.0,0.0,0.0,0.03571428571428571,0.0,0.5714285714285714,0.10714285714285714,0.4642857142857143,0.03571428571428571,0.8214285714285714,0.0,0.0,0.6785714285714286,0.0,0.0,28
KUL30,Tumor,Stromal cells,Stromal 2,GSE144735,0.0,0.37212491527992103,0.1534684370529387,0.0,1.0054490240534468,0.0,0.0,0.0,1.8242376602157602,0.0,0.0,0.0,0.0,0.0,0.45332218330317303,0.2010055548915852,0.0,0.0,0.0,0.0,1.274936540905995,0.0,2.327722775599891,0.0,0.0,3.7945400349317655,0.0,0.0,1.9880507639939202,0.13146477096144163,0.0,0.0,0.0,3.6363547147979816,0.3957359334790926,0.0,0.0,0.0,0.0,0.3159781458214883,0.0,0.96852564640406,0.0,0.0,0.0,0.0,0.0,0.5294495229280793,0.0,0.1845133748600467,0.0,1.0013128071628201,0.0,0.0,0.0,0.0,0.0,0.0,0.2222222222222222,0.1111111111111111,0.0,0.6666666666666666,0.0,0.0,0.0,0.8888888888888888,0.0,0.0,0.0,0.0,0.0,0.1111111111111111,0.1111111111111111,0.0,0.0,0.0,0.0,0.6666666666666666,0.0,1.0,0.0,0.0,1.0,0.0,0.0,0.8888888888888888,0.1111111111111111,0.0,0.0,0.0,0.8888888888888888,0.3333333333333333,0.0,0.0,0.0,0.0,0.2222222222222222,0.0,0.5555555555555556,0.0,0.0,0.0,0.0,0.0,0.3333333333333333,0.0,0.1111111111111111,0.0,0.5555555555555556,0.0,0.0,0.0,0.0,0.0,9
KUL30,Tumor,Stromal cells,Stromal 3,GSE144735,0.0,0.40143780966595494,0.0,0.0,0.23814490802800656,0.0,0.0,0.2287996131126373,3.2508371635112128,1.3494833260278554,0.6917544121102753,0.0,0.0,0.2861563347030572,0.10939051075304194,0.3136604249555324,0.0,0.0,0.0,0.0,1.0480442567962542,0.0,0.7885167631210063,0.0,0.0,4.803603319291394,0.0,0.0,1.556248596299161,0.0,0.0,0.0,0.0,3.4207829955719133,0.8366775982950264,0.0,0.0,0.0,0.0,1.5530601871242327,0.0,1.1175643341921166,0.0,0.0,0.08197760713416406,0.0,0.0,1.240175350475156,0.0,1.2204543902008989,0.0,3.5354332067824914,0.0,0.0,0.43970256529712287,0.0,0.0,0.0,0.3333333333333333,0.0,0.0,0.3333333333333333,0.0,0.0,0.16666666666666666,1.0,0.8333333333333334,0.5,0.0,0.0,0.3333333333333333,0.16666666666666666,0.16666666666666666,0.0,0.0,0.0,0.0,0.6666666666666666,0.0,0.5,0.0,0.0,1.0,0.0,0.0,1.0,0.0,0.0,0.0,0.0,1.0,0.8333333333333334,0.0,0.0,0.0,0.0,0.8333333333333334,0.0,0.6666666666666666,0.0,0.0,0.16666666666666666,0.0,0.0,0.8333333333333334,0.0,0.5,0.0,1.0,0.0,0.0,0.16666666666666666,0.0,0.0,6
KUL30,Tumor,Stromal cells,Tip-like ECs,GSE144735,0.0,0.167612443804045,0.008964412193717448,0.0,0.5995460877311456,0.0,0.0,0.1535662220389112,0.1894451430651928,0.4127797231860412,0.0,0.0,0.04645093575638607,0.0,0.03452908236510642,0.4916155109864109,0.0,0.0569638687455797,0.19430209072514312,0.0,0.36521824299780786,0.0,0.3033090444573997,0.04767519156548379,0.014203937191904797,1.4848652755343612,0.0,0.022738757183700053,0.17919210523288856,0.018477794856920696,0.010830673143638316,0.0,0.0,2.539365915609773,1.2644514128857398,0.008377566225611144,0.0,0.0,0.0,0.6482647715690892,0.007954436929916564,0.828557906371462,0.016429092859984864,0.0,0.0,0.037785490724049714,0.03493663028523898,0.14909311499833508,0.0,0.010886470789733487,0.009275910628053,0.15290269075413518,0.0,0.0,0.020806730960038634,0.0,0.0,0.0,0.18181818181818182,0.012987012987012988,0.0,0.4935064935064935,0.0,0.0,0.16883116883116883,0.09090909090909091,0.2857142857142857,0.0,0.0,0.03896103896103896,0.0,0.05194805194805195,0.2987012987012987,0.0,0.025974025974025976,0.11688311688311688,0.0,0.33766233766233766,0.0,0.2987012987012987,0.05194805194805195,0.012987012987012988,0.8441558441558441,0.0,0.03896103896103896,0.18181818181818182,0.025974025974025976,0.012987012987012988,0.0,0.0,0.948051948051948,0.5584415584415584,0.012987012987012988,0.0,0.0,0.0,0.5194805194805194,0.012987012987012988,0.4935064935064935,0.012987012987012988,0.0,0.0,0.05194805194805195,0.025974025974025976,0.1038961038961039,0.0,0.012987012987012988,0.012987012987012988,0.07792207792207792,0.0,0.0,0.012987012987012988,0.0,0.0,77
KUL30,Tumor,T cells,CD4+ T cells,GSE144735,0.0,0.0,0.0,0.0,0.0,0.995381149729068,0.0,0.0,0.0,0.0,0.0,0.0,0.0,0.0,0.0,0.0,0.0,0.0,0.0,0.0,0.0,0.0,0.0,0.0,0.0,1.1820240401368063,0.0,0.0,0.0,0.0,0.0,0.0,0.0,3.1451862232919696,0.0,0.0,0.0,0.0,0.995381149729068,0.995381149729068,0.0,0.0,0.0,0.0,0.0,0.0,0.0,0.0,0.0,0.0,0.0,0.0,0.0,0.0,0.0,0.0,0.0,0.0,0.0,0.0,0.0,0.0,0.5,0.0,0.0,0.0,0.0,0.0,0.0,0.0,0.0,0.0,0.0,0.0,0.0,0.0,0.0,0.0,0.0,0.0,0.0,0.0,0.5,0.0,0.0,0.0,0.0,0.0,0.0,0.0,1.0,0.0,0.0,0.0,0.0,0.5,0.5,0.0,0.0,0.0,0.0,0.0,0.0,0.0,0.0,0.0,0.0,0.0,0.0,0.0,0.0,0.0,0.0,0.0,2
KUL30,Tumor,T cells,CD8+ T cells,GSE144735,0.0,1.0290196374933755,0.0,0.0,0.0,1.1338937419553694,0.0,0.0,0.0,0.0,0.0,0.0,0.0,0.0,0.0,0.0,0.0,0.0,0.0,0.0,0.0,0.0,0.0,0.0,0.0,0.0,0.0,0.0,0.0,0.0,0.0,0.0,0.0,3.129224890017527,0.0,0.0,0.0,0.0,2.0673865183502746,0.0,0.0,0.0,0.0,0.0,0.0,0.0,0.0,0.0,0.0,0.0,0.0,0.0,0.0,0.0,0.0,0.0,0.0,0.0,0.5,0.0,0.0,0.0,0.5,0.0,0.0,0.0,0.0,0.0,0.0,0.0,0.0,0.0,0.0,0.0,0.0,0.0,0.0,0.0,0.0,0.0,0.0,0.0,0.0,0.0,0.0,0.0,0.0,0.0,0.0,0.0,1.0,0.0,0.0,0.0,0.0,0.5,0.0,0.0,0.0,0.0,0.0,0.0,0.0,0.0,0.0,0.0,0.0,0.0,0.0,0.0,0.0,0.0,0.0,0.0,2
KUL30,Tumor,T cells,NK cells,GSE144735,0.0,0.0,0.0,0.0,0.0,0.0,0.0,0.0,0.0,0.0,0.0,0.0,0.0,0.0,0.0,0.0,0.0,0.0,0.0,0.0,0.0,0.0,0.0,0.0,0.0,0.0,0.0,0.0,0.0,0.0,0.0,0.0,0.0,0.0,0.0,2.0276620855297494,0.0,0.0,3.9847240327769855,0.0,0.0,0.0,0.0,0.0,0.0,0.0,0.0,0.0,0.0,0.0,0.0,0.0,0.0,0.0,0.0,0.0,0.0,0.0,0.0,0.0,0.0,0.0,0.0,0.0,0.0,0.0,0.0,0.0,0.0,0.0,0.0,0.0,0.0,0.0,0.0,0.0,0.0,0.0,0.0,0.0,0.0,0.0,0.0,0.0,0.0,0.0,0.0,0.0,0.0,0.0,0.0,0.0,1.0,0.0,0.0,1.0,0.0,0.0,0.0,0.0,0.0,0.0,0.0,0.0,0.0,0.0,0.0,0.0,0.0,0.0,0.0,0.0,0.0,0.0,1
KUL30,Tumor,T cells,Regulatory T cells,GSE144735,0.0,1.1910087175541229,0.0,0.0,0.0,0.0,0.0,0.0,0.0,0.0,0.0,0.0,0.0,0.0,0.0,0.0,0.0,0.0,0.0,0.0,0.0,0.0,0.0,0.0,0.0,1.07487078054825,0.0,0.0,0.0,0.0,0.0,0.0,0.0,2.272698433307107,0.0,0.0,0.0,0.0,0.0,0.0,0.0,2.2056823181231144,0.0,0.0,0.0,0.0,0.0,0.0,0.0,0.0,0.0,0.0,0.0,0.0,0.0,0.0,0.0,0.0,0.5,0.0,0.0,0.0,0.0,0.0,0.0,0.0,0.0,0.0,0.0,0.0,0.0,0.0,0.0,0.0,0.0,0.0,0.0,0.0,0.0,0.0,0.0,0.0,0.5,0.0,0.0,0.0,0.0,0.0,0.0,0.0,0.75,0.0,0.0,0.0,0.0,0.0,0.0,0.0,1.0,0.0,0.0,0.0,0.0,0.0,0.0,0.0,0.0,0.0,0.0,0.0,0.0,0.0,0.0,0.0,4
KUL30,Tumor,T cells,gamma delta T cells,GSE144735,0.0,0.0,0.0,0.0,0.0,0.0,0.0,0.0,0.0,0.0,0.0,0.0,0.0,0.0,0.0,0.0,0.0,0.0,0.0,0.0,0.0,0.0,0.0,0.0,0.0,0.0,0.0,0.0,0.0,0.0,0.0,0.0,0.0,0.0,0.0,0.0,0.0,2.0716827557641784,0.0,1.0290196374933755,0.0,0.0,0.0,0.0,0.0,0.0,0.0,0.0,0.0,0.0,0.0,0.0,0.0,0.0,0.0,0.0,0.0,0.0,0.0,0.0,0.0,0.0,0.0,0.0,0.0,0.0,0.0,0.0,0.0,0.0,0.0,0.0,0.0,0.0,0.0,0.0,0.0,0.0,0.0,0.0,0.0,0.0,0.0,0.0,0.0,0.0,0.0,0.0,0.0,0.0,0.0,0.0,0.0,0.0,1.0,0.0,0.5,0.0,0.0,0.0,0.0,0.0,0.0,0.0,0.0,0.0,0.0,0.0,0.0,0.0,0.0,0.0,0.0,0.0,2
KUL31,Border,B cells,CD19+CD20+ B,GSE144735,0.0,0.20340867684320715,0.0,0.0,0.052992714818759945,0.0,0.0,0.0,0.0,0.0,0.0,0.0,0.0,0.029190920017990243,0.08862544010429593,0.0,0.0,0.0,0.0,0.0,0.0,0.0,0.15105514156871913,0.1434352949307315,0.0,0.048237070688804465,0.0,0.0,0.0,0.23469387263219035,0.09830225501698392,0.0,0.0,3.2981127768368923,0.0,0.029190920017990243,0.0,0.0,0.052992714818759945,0.1536232308380227,0.0,0.09294856880928778,0.0,0.0,0.0,0.12386092675159305,0.0,0.0,0.0,0.0,0.0,0.0,0.06056561609593987,0.0,0.036041749444225994,0.0,0.0,0.0,0.13793103448275862,0.0,0.0,0.034482758620689655,0.0,0.0,0.0,0.0,0.0,0.0,0.0,0.0,0.034482758620689655,0.06896551724137931,0.0,0.0,0.0,0.0,0.0,0.0,0.0,0.10344827586206896,0.10344827586206896,0.0,0.034482758620689655,0.0,0.0,0.0,0.1724137931034483,0.06896551724137931,0.0,0.0,1.0,0.0,0.034482758620689655,0.0,0.0,0.034482758620689655,0.10344827586206896,0.0,0.06896551724137931,0.0,0.0,0.0,0.10344827586206896,0.0,0.0,0.0,0.0,0.0,0.0,0.034482758620689655,0.0,0.034482758620689655,0.0,0.0,29
KUL31,Border,B cells,IgA+ Plasma,GSE144735,0.0,0.008961518438852685,0.05171463367948814,0.0042869014156983335,0.0069172708686774794,0.0,0.0,0.009579006629993154,0.038844985614569255,0.03074460019335067,0.005868351516939653,0.0,0.0,0.005341573465498119,0.10520699293169511,0.004204885285770569,0.0,0.0,0.0,0.0,0.08944101749216109,0.0,0.18111948442547873,0.005526401141727638,0.0,0.3036426192147891,0.0,0.0,0.08346906647993925,0.4290810790656298,0.002716059585111693,0.0,0.010903136129050974,1.8289055615405312,0.0,0.0,0.0,0.0,0.03967774165617424,0.36751059681677006,0.0,0.07995945387486894,0.0,0.0,0.0,0.03797936231536952,0.0,0.024985253642425435,0.0,0.0,0.0,0.0726915321990116,0.0620787406903502,0.0,0.056229698576013794,0.0,0.015077125713521659,0.0,0.028169014084507043,0.056338028169014086,0.014084507042253521,0.014084507042253521,0.0,0.0,0.028169014084507043,0.11267605633802817,0.056338028169014086,0.014084507042253521,0.0,0.0,0.014084507042253521,0.2535211267605634,0.014084507042253521,0.0,0.0,0.0,0.0,0.19718309859154928,0.0,0.352112676056338,0.014084507042253521,0.0,0.5352112676056338,0.0,0.0,0.11267605633802817,0.6901408450704225,0.014084507042253521,0.0,0.028169014084507043,1.0,0.0,0.0,0.0,0.0,0.08450704225352113,0.6197183098591549,0.0,0.22535211267605634,0.0,0.0,0.0,0.08450704225352113,0.0,0.07042253521126761,0.0,0.0,0.0,0.18309859154929578,0.14084507042253522,0.0,0.15492957746478872,0.0,0.04225352112676056,71
KUL31,Border,B cells,IgG+ Plasma,GSE144735,0.0,0.0,0.37493695125217774,0.0,0.0,0.0,0.0,0.0,0.12309734739009226,0.0,0.09321841167356275,0.0,0.0,0.0,0.12309734739009226,0.0,0.0,0.0,0.0,0.0,0.10915585067849516,0.0,0.09321841167356275,0.0,0.0,0.48107893670102253,0.0,0.0,0.0,0.10915585067849516,0.0,0.0,0.0,2.1741496913097427,0.0,0.0,0.0,0.0,0.21631575906365502,0.2919512847922756,0.0,0.36791320287140705,0.0,0.0,0.0,0.0,0.0,0.0,0.0,0.0,0.0,0.7428501541235848,0.09321841167356275,0.0,0.19873287311871288,0.0,0.0,0.0,0.0,0.2,0.0,0.0,0.0,0.0,0.0,0.2,0.0,0.2,0.0,0.0,0.0,0.2,0.0,0.0,0.0,0.0,0.0,0.2,0.0,0.2,0.0,0.0,0.4,0.0,0.0,0.0,0.2,0.0,0.0,0.0,1.0,0.0,0.0,0.0,0.0,0.4,0.4,0.0,0.2,0.0,0.0,0.0,0.0,0.0,0.0,0.0,0.0,0.0,0.4,0.2,0.0,0.2,0.0,0.0,5
KUL31,Border,Epithelial cells,Epithelial cells,GSE144735,0.0,0.10117644505948223,0.0013086510650545627,0.003262961678555156,0.002311207964768812,0.002488685377714851,0.0017359809195949783,0.00580755833478615,0.05882600410553122,0.033942246632377805,0.0006179259533917694,0.0,0.003362373899522621,0.0014657462815616908,0.4819486674228055,0.1386209453383825,0.004066179224552754,0.0008345135575165974,0.007348209141202516,0.0005046502063860354,0.6083157493923964,0.019636467038848294,0.5837288063566485,0.0,0.0020379761072053175,0.8519548604443656,0.0,0.0,0.4953943313513172,2.192467831895193,0.3561530160609037,0.0161653139104089,0.07766939770239584,3.056278677672974,0.019901151751346144,0.0015672079440144353,0.0018421474815181044,0.0025741872298238005,0.05768117565770766,2.201426187820036,0.018512188716090176,0.24269650365452888,0.0,0.0,0.004246802056503727,0.23008314714370934,0.029945283645889997,0.009590575200787117,0.0,0.0025626829181364342,0.0013649275935245064,0.09120255039591678,0.7262169122059283,0.0,0.03154717857694178,0.0,0.01720985365708881,0.0,0.1798165137614679,0.003669724770642202,0.005504587155963303,0.007339449541284404,0.007339449541284404,0.005504587155963303,0.012844036697247707,0.11009174311926606,0.04220183486238532,0.001834862385321101,0.0,0.007339449541284404,0.001834862385321101,0.42935779816513764,0.1889908256880734,0.007339449541284404,0.003669724770642202,0.012844036697247707,0.001834862385321101,0.5688073394495413,0.03486238532110092,0.5944954128440367,0.0,0.007339449541284404,0.6844036697247706,0.0,0.0,0.5302752293577981,0.8807339449541285,0.47339449541284406,0.027522935779816515,0.08623853211009175,0.981651376146789,0.044036697247706424,0.005504587155963303,0.003669724770642202,0.007339449541284404,0.11743119266055047,0.8990825688073395,0.027522935779816515,0.29724770642201837,0.0,0.0,0.011009174311926606,0.3211009174311927,0.047706422018348627,0.02018348623853211,0.0,0.005504587155963303,0.003669724770642202,0.1724770642201835,0.5889908256880734,0.0,0.05688073394495413,0.0,0.023853211009174313,545
KUL31,Border,Mast cells,Mast cells,GSE144735,0.0,0.3283388951067477,0.0,0.0,0.0,0.0,0.0,0.0,0.0,0.0,0.0,0.0,0.0,0.0,0.0,0.0,0.0,0.0,0.0,0.0,0.09931825189706991,0.0,0.0866251337969442,0.0,0.0,2.3823498685943543,0.0,0.0,0.0,0.5381039906910662,0.23804103568345675,0.0,0.0,4.088429666759917,0.0,0.0,0.0,0.0,0.13136183875802793,1.119465024479839,0.0,2.6543878250717454,0.0,0.0,0.0,0.36159085628623744,0.0,0.0866251337969442,0.0,0.0,0.0,0.13136183875802793,0.13136183875802793,0.0,0.0,0.0,0.08988908101732906,0.0,0.2,0.0,0.0,0.0,0.0,0.0,0.0,0.0,0.0,0.0,0.0,0.0,0.0,0.0,0.0,0.0,0.0,0.0,0.0,0.1,0.0,0.1,0.0,0.0,0.9,0.0,0.0,0.0,0.4,0.2,0.0,0.0,1.0,0.0,0.0,0.0,0.0,0.1,0.6,0.0,0.9,0.0,0.0,0.0,0.2,0.0,0.1,0.0,0.0,0.0,0.1,0.1,0.0,0.0,0.0,0.1,10
KUL31,Border,Myeloids,Anti-inflammatory,GSE144735,0.0,0.0,0.0,0.0,0.0,0.0,0.0,0.0,0.0,0.0,0.0,0.0,0.0,0.0,0.713252108186326,0.0,0.0,0.761260516680005,0.7084360843859798,1.1655611388273264,0.6094334945508177,0.24664869257981895,0.7129601168272369,0.0,0.0,0.3627848019709989,0.0,0.0,1.7345749593263031,0.0,0.0,0.0,0.0,4.466648020256696,0.0,0.0,1.4067143852281168,0.0,0.0,1.1377944697604931,0.0,0.24664869257981895,0.0,0.0,0.0,1.4944699741824963,0.0,0.0,0.0,0.0,0.0,0.0,0.0,0.0,4.178809728999531,0.0,0.24212466013856188,0.0,0.0,0.0,0.0,0.0,0.0,0.0,0.0,0.0,0.0,0.0,0.0,0.0,0.0,0.25,0.0,0.0,0.25,0.5,1.0,0.5,0.25,0.5,0.0,0.0,0.25,0.0,0.0,1.0,0.0,0.0,0.0,0.0,1.0,0.0,0.0,1.0,0.0,0.0,0.75,0.0,0.25,0.0,0.0,0.0,1.0,0.0,0.0,0.0,0.0,0.0,0.0,0.0,0.0,1.0,0.0,0.25,4
KUL31,Border,Myeloids,Pro-inflammatory,GSE144735,0.0,0.2391131839063091,0.0827580623832146,0.0,0.0,0.3232830058897832,0.0827580623832146,0.0,0.0,0.0,0.0,0.0,0.0,0.0,0.1903627897257289,0.19390913601406856,0.0,0.5174494210149614,0.25344582820639244,0.3108868152725778,0.4814987069044233,0.0,2.351341239997985,0.19390913601406856,0.19390913601406856,2.233092132923095,0.0,0.0,1.873927647381292,0.40872070515535736,0.0,0.0,0.0,4.773353999267164,0.0,0.0,0.1997357416417238,0.0,0.0827580623832146,1.4886979831508085,0.0,1.2422942490116613,0.0,0.0,0.0,1.3189945168390294,0.0,0.09269832072666902,0.0,0.0,0.0,0.0,0.0,0.0,0.0827580623832146,0.0,0.0,0.0,0.25,0.125,0.0,0.0,0.25,0.125,0.0,0.0,0.0,0.0,0.0,0.0,0.0,0.125,0.125,0.0,0.25,0.125,0.25,0.375,0.0,1.0,0.125,0.125,0.875,0.0,0.0,0.875,0.375,0.0,0.0,0.0,1.0,0.0,0.0,0.25,0.0,0.125,0.875,0.0,0.625,0.0,0.0,0.0,0.75,0.0,0.125,0.0,0.0,0.0,0.0,0.0,0.0,0.125,0.0,0.0,8
KUL31,Border,Myeloids,Proliferating,GSE144735,0.06334623680512864,0.5046581820736127,0.06054788068819807,0.0,0.022006653661385007,0.0,0.0,0.0,0.01926281630288407,0.0,0.0,0.0,0.0,0.0,0.4214412570895523,0.25295801614294305,0.14429172212478852,0.11586540738601081,0.17324401402403358,0.16742233334455808,0.8507731363904034,0.10717663824753114,0.9461889150339484,0.049736455966794636,0.07589233104263585,1.4111433995113691,0.0,0.0,1.5054917594127981,0.4330053123027352,0.018551836342483204,0.0,0.0,4.577505681795548,0.14602254139593546,0.06474876255311295,0.676405582213713,0.024324771843783108,0.024324771843783108,1.745157842777625,0.022006653661385007,0.5434473000403078,0.0,0.0,0.0,2.516034922034212,0.0,0.040617823356169744,0.0,0.0,0.0,0.1944174739672168,0.018551836342483204,0.0,1.7830085765097405,0.0,1.2012941827500343,0.15,0.65,0.15,0.0,0.05,0.0,0.0,0.0,0.05,0.0,0.0,0.0,0.0,0.0,0.3,0.2,0.15,0.1,0.1,0.25,0.7,0.15,0.55,0.1,0.1,0.95,0.0,0.0,0.85,0.6,0.05,0.0,0.0,1.0,0.15,0.1,0.6,0.05,0.05,1.0,0.05,0.4,0.0,0.0,0.0,1.0,0.0,0.05,0.0,0.0,0.0,0.3,0.05,0.0,0.55,0.0,0.7,20
KUL31,Border,Myeloids,SPP1+A,GSE144735,0.0,0.17824733595751432,0.0,0.0,0.1597128245287846,0.0,0.11189681734633179,0.0,0.0,0.0,0.0,0.0,0.18528587871625993,0.0,0.7764724915772807,1.0638257212973155,0.0,0.17824733595751432,2.753888882420125,0.3260501317548342,1.4621663894836228,0.0,4.047246084777755,0.0,0.34018447314177475,2.3142779734637924,0.0,0.0,0.23975122576696076,0.0,0.0,0.0,0.0,5.966131654746707,0.0,0.0,0.5914185613443707,0.0,0.22828765579544297,1.817193610433094,0.0,2.02782807150945,0.0,0.0,0.0,2.0526182913711533,0.0,0.1597128245287846,0.0,0.0,0.0,0.10311170078533323,0.0,0.0,0.9827771118936813,0.0,0.1597128245287846,0.0,0.16666666666666666,0.0,0.0,0.16666666666666666,0.0,0.16666666666666666,0.0,0.0,0.0,0.0,0.0,0.16666666666666666,0.0,0.3333333333333333,0.5,0.0,0.16666666666666666,0.6666666666666666,0.3333333333333333,0.8333333333333334,0.0,1.0,0.0,0.3333333333333333,1.0,0.0,0.0,0.16666666666666666,0.0,0.0,0.0,0.0,1.0,0.0,0.0,0.3333333333333333,0.0,0.16666666666666666,1.0,0.0,1.0,0.0,0.0,0.0,1.0,0.0,0.16666666666666666,0.0,0.0,0.0,0.16666666666666666,0.0,0.0,0.5,0.0,0.16666666666666666,6
KUL31,Border,Myeloids,SPP1+B,GSE144735,0.031326961803926516,0.15252134816268376,0.051658938055648355,0.24082559345996166,0.0,0.0,0.0,0.0,0.12897683965908424,0.0,0.0,0.0,0.0,0.06020442473235743,0.4324589040354062,0.40737935764159466,0.0,0.3352308945552183,1.3121285930315512,0.3308103232185733,0.42259422485038156,0.19704411450225426,3.2034139374890604,0.0,0.0,2.0812273484540404,0.0,0.0,1.1065889419977157,0.2485071904151774,0.0,0.0,0.0,6.012544285290139,0.11398590230781865,0.0,1.1402245971612095,0.0,0.0,2.2973196706054395,0.0,3.0886241497116704,0.0,0.0,0.0,1.8513480816849914,0.0,0.30222980473220645,0.09611053221136742,0.0,0.0,0.06466847486794675,0.031326961803926516,0.0,2.560381756919345,0.0,0.4560346745793944,0.058823529411764705,0.17647058823529413,0.058823529411764705,0.11764705882352941,0.0,0.0,0.0,0.0,0.11764705882352941,0.0,0.0,0.0,0.0,0.058823529411764705,0.23529411764705882,0.23529411764705882,0.0,0.11764705882352941,0.47058823529411764,0.29411764705882354,0.4117647058823529,0.17647058823529413,1.0,0.0,0.0,0.8823529411764706,0.0,0.0,0.7058823529411765,0.29411764705882354,0.0,0.0,0.0,1.0,0.058823529411764705,0.0,0.5882352941176471,0.0,0.0,0.9411764705882353,0.0,0.8235294117647058,0.0,0.0,0.0,0.8235294117647058,0.0,0.11764705882352941,0.058823529411764705,0.0,0.0,0.11764705882352941,0.058823529411764705,0.0,0.6470588235294118,0.0,0.29411764705882354,17
KUL31,Border,Myeloids,Unknown,GSE144735,0.0,0.0,0.4301899194445321,0.6337609316666254,0.0,0.0,0.0,0.0,0.0,0.0,0.0,0.0,0.0,0.0,0.4259532114186766,0.4301899194445321,0.0,0.0,0.0,0.0,0.8934381666907925,0.0,2.3408865364798688,0.0,0.0,1.8883927784160037,0.0,0.0,0.4259532114186766,0.0,0.0,0.0,0.0,5.191888008872409,0.0,0.0,0.0,0.0,0.0,1.0011407927107316,0.0,2.0273863452499397,0.0,0.0,0.0,0.7975697804886384,0.0,0.0,0.0,0.0,0.0,0.0,0.0,0.0,2.2816540844805475,0.0,0.0,0.0,0.0,0.2,0.2,0.0,0.0,0.0,0.0,0.0,0.0,0.0,0.0,0.0,0.0,0.2,0.2,0.0,0.0,0.0,0.0,0.4,0.0,0.6,0.0,0.0,0.6,0.0,0.0,0.2,0.0,0.0,0.0,0.0,1.0,0.0,0.0,0.0,0.0,0.0,0.4,0.0,0.4,0.0,0.0,0.0,0.4,0.0,0.0,0.0,0.0,0.0,0.0,0.0,0.0,0.6,0.0,0.0,5
KUL31,Border,Myeloids,cDC,GSE144735,0.18750776374046785,0.126994893724797,0.14057451354451322,0.0,0.0,0.0426271674793473,0.032039392729733676,0.0,0.0,0.0,0.03863302168539628,0.0,0.0,0.0,0.03863302168539628,0.16330564523079866,0.04595130208215575,0.32223733004848604,0.0,0.11554475837938273,0.5264652606971176,0.14612292987767878,0.9076978533055147,0.15427732681741163,0.0861988907289143,1.2715325260799821,0.0,0.0,1.0375868434219286,0.32495329602051864,0.0,0.0,0.0,3.81275118974838,0.0,0.10006803584870118,0.0,0.0426271674793473,0.47854547290537963,0.9854819113121808,0.0,0.3882797368870007,0.0,0.0,0.0,1.4786121686175862,0.0,0.0,0.0,0.0,0.0,0.06821533062986967,0.0,0.0,0.1571921950492657,0.0,2.623827858169608,0.23076923076923078,0.23076923076923078,0.15384615384615385,0.0,0.0,0.07692307692307693,0.07692307692307693,0.0,0.0,0.0,0.07692307692307693,0.0,0.0,0.0,0.07692307692307693,0.07692307692307693,0.07692307692307693,0.15384615384615385,0.0,0.23076923076923078,0.5384615384615384,0.15384615384615385,0.6923076923076923,0.15384615384615385,0.07692307692307693,0.7692307692307693,0.0,0.0,0.6923076923076923,0.46153846153846156,0.0,0.0,0.0,1.0,0.0,0.15384615384615385,0.0,0.07692307692307693,0.15384615384615385,0.6923076923076923,0.0,0.46153846153846156,0.0,0.0,0.0,0.9230769230769231,0.0,0.0,0.0,0.0,0.0,0.07692307692307693,0.0,0.0,0.15384615384615385,0.0,0.8461538461538461,13
KUL31,Border,Stromal cells,Enteric glial cells,GSE144735,0.0,1.416894847272827,0.0,0.0,0.0,0.0,0.0,0.0,0.0,0.0,0.903885298739597,0.0,0.0,0.0,0.0,0.0,0.0,0.0,1.9913182961659643,0.0,0.633251214123038,0.0,0.633251214123038,0.0,0.0,0.633251214123038,2.9422866873149838,0.0,2.568308731525997,0.0,0.0,0.0,0.0,4.8987778934825545,0.783643633149789,0.0,0.0,0.0,0.0,1.3102320530628506,0.0,3.4138157585269235,0.0,0.0,0.0,0.0,0.0,0.0,0.0,0.0,0.0,1.416894847272827,0.783643633149789,0.0,0.783643633149789,0.633251214123038,3.8253186407768736,0.0,1.0,0.0,0.0,0.0,0.0,0.0,0.0,0.0,0.0,0.5,0.0,0.0,0.0,0.0,0.0,0.0,0.0,1.0,0.0,0.5,0.0,0.5,0.0,0.0,0.5,1.0,0.0,1.0,0.0,0.0,0.0,0.0,1.0,0.5,0.0,0.0,0.0,0.0,0.5,0.0,1.0,0.0,0.0,0.0,0.0,0.0,0.0,0.0,0.0,0.0,1.0,0.5,0.0,0.5,0.5,1.0,2
KUL31,Border,Stromal cells,Myofibroblasts,GSE144735,0.0,0.33486889353006055,0.02667312709672254,0.15802098313405183,0.6370364200748155,0.0,0.0,0.650087522825437,3.655497205653241,1.1696335873291266,0.8226971030216843,0.027981191629933774,0.0,0.04900653396615459,0.6551739730581152,0.06254067993111898,0.043063711224960034,0.05580056851287729,0.0,0.0439325415378069,0.24621527409691352,0.0,1.0586668238642833,0.02178791962248941,0.0,3.380206063300695,0.0,0.0,1.314570132145275,0.28200883835627494,0.2890946891564502,0.08210049870522419,0.43974303684078087,3.942422441608773,0.1973705920393196,0.0,0.0,0.0,0.0,1.585614354468952,0.0,1.421645934702184,0.0,0.0,0.010846232580931424,0.09708809557012911,0.0,0.7305010863316762,0.010539082301787196,0.6554573635387929,0.0,3.8740307744924487,0.06635192350175147,0.0,0.8239120461079824,0.0,0.009946270496752,0.0,0.3888888888888889,0.018518518518518517,0.14814814814814814,0.6111111111111112,0.0,0.0,0.5370370370370371,1.0,0.6111111111111112,0.5555555555555556,0.05555555555555555,0.0,0.05555555555555555,0.4074074074074074,0.05555555555555555,0.037037037037037035,0.037037037037037035,0.0,0.07407407407407407,0.25925925925925924,0.0,0.7037037037037037,0.018518518518518517,0.0,0.9814814814814815,0.0,0.0,0.7592592592592593,0.37037037037037035,0.35185185185185186,0.05555555555555555,0.18518518518518517,1.0,0.16666666666666666,0.0,0.0,0.0,0.0,0.8703703703703703,0.0,0.7222222222222222,0.0,0.0,0.018518518518518517,0.1111111111111111,0.0,0.4444444444444444,0.018518518518518517,0.42592592592592593,0.0,1.0,0.07407407407407407,0.0,0.5,0.0,0.018518518518518517,54
KUL31,Border,Stromal cells,Pericytes,GSE144735,0.0,0.5798395639313261,0.0,0.2452601180047964,0.9915876974859682,0.0,0.0,0.07799370327194279,3.479035305269516,1.413753504237394,0.306215523668748,0.0,0.0,0.0,0.0,0.0,0.0,0.0,0.0,0.0,0.2827597361368522,0.0,0.17834065463322074,0.0,0.35635259794210716,3.5356238304049397,0.0,0.0,1.0172798254536024,0.12702280015299133,0.5281343677925234,0.0,0.0,3.5239482965087534,0.0722540333096734,0.14137998353115613,0.0,0.0,0.04902909688104855,1.1361347100611605,0.0,0.9879676938153319,0.0,0.0,0.0,0.06338628025921336,0.0,0.207593252809033,0.0,0.12127352468179467,0.0,3.776509340598838,0.0,0.0,0.758842628407175,0.0,0.07799370327194279,0.0,0.6,0.0,0.1,0.8,0.0,0.0,0.1,1.0,0.9,0.2,0.0,0.0,0.0,0.0,0.0,0.0,0.0,0.0,0.0,0.3,0.0,0.2,0.0,0.2,1.0,0.0,0.0,0.6,0.2,0.4,0.0,0.0,1.0,0.1,0.2,0.0,0.0,0.1,0.7,0.0,0.6,0.0,0.0,0.0,0.1,0.0,0.2,0.0,0.1,0.0,1.0,0.0,0.0,0.4,0.0,0.1,10
KUL31,Border,Stromal cells,Smooth muscle cells,GSE144735,0.0,0.42387215768379605,0.0,0.0,0.0,0.0,0.0,0.0,1.6970094240059699,1.5747452630675745,0.42387215768379605,0.0,0.0,0.0,0.0,0.0,0.0,0.0,0.0,0.0,0.0,0.0,0.3104282830771957,0.0,0.640014513547842,2.338605092910522,0.0,0.0,1.7051120143597949,0.6469448734341368,0.5239815689737004,0.0,0.0,3.171503092998811,0.22307271575034068,0.0,0.0,0.0,0.0,0.6338872315716151,0.22307271575034068,1.425381350280917,0.0,0.0,0.0,0.0,0.22328553955256178,0.0,0.0,0.0,0.0,2.415557594828295,0.2005866181312343,0.0,0.0,0.0,0.0,0.0,0.5,0.0,0.0,0.0,0.0,0.0,0.0,0.75,0.5,0.5,0.0,0.0,0.0,0.0,0.0,0.0,0.0,0.0,0.0,0.0,0.0,0.25,0.0,0.5,1.0,0.0,0.0,0.75,0.75,0.5,0.0,0.0,1.0,0.25,0.0,0.0,0.0,0.0,0.5,0.25,1.0,0.0,0.0,0.0,0.0,0.25,0.0,0.0,0.0,0.0,0.75,0.25,0.0,0.0,0.0,0.0,4
KUL31,Border,Stromal cells,Stalk-like ECs,GSE144735,0.0,0.0,0.0,0.0,0.5231913750512566,0.1833334136866476,0.0,0.09838428303428098,0.0,0.9767070927912156,0.4752557196347536,0.0,0.0,0.0,0.0,0.0,0.0,0.0,0.0,0.0,0.5937105479547887,0.0,0.4892206831756505,0.0597433585411922,0.0,2.4651651243270063,0.0,0.0,0.7269142769658511,0.6405342250751199,0.4594194034238082,0.0,0.0,2.4401464521412723,0.08852054044261967,0.0,0.0597433585411922,0.0,0.08929320520523687,0.7002369837677862,0.0,0.8683735034150932,0.0,0.0,0.0,0.0,0.0,0.7502436008894273,0.0,0.0,0.0597433585411922,0.0,0.0,0.0,0.08929320520523687,0.0,0.0,0.0,0.0,0.0,0.0,0.3333333333333333,0.1111111111111111,0.0,0.1111111111111111,0.0,0.6666666666666666,0.3333333333333333,0.0,0.0,0.0,0.0,0.0,0.0,0.0,0.0,0.0,0.5555555555555556,0.0,0.3333333333333333,0.1111111111111111,0.0,0.8888888888888888,0.0,0.0,0.6666666666666666,0.5555555555555556,0.3333333333333333,0.0,0.0,0.8888888888888888,0.1111111111111111,0.0,0.1111111111111111,0.0,0.1111111111111111,0.5555555555555556,0.0,0.4444444444444444,0.0,0.0,0.0,0.0,0.0,0.2222222222222222,0.0,0.0,0.1111111111111111,0.0,0.0,0.0,0.1111111111111111,0.0,0.0,9
KUL31,Border,Stromal cells,Stromal 1,GSE144735,0.0,0.3212564372208063,0.0,1.149659843525639,0.7740406100401062,0.0,0.0,0.8457028873098791,3.329300756234697,1.2828123437429884,0.821940437673816,0.0,0.159652196117153,0.06572695939583663,2.155350129393493,0.09906747701108373,0.06572695939583663,0.0,0.0,0.09981480055781637,0.7660794333440464,0.05795455602862803,2.0387882018938135,0.2780667855632216,0.0,3.023444904465736,0.0,0.1981117227509888,1.9787539455463243,0.2288922166638986,0.5098329795172537,0.05795455602862803,0.25803725583798637,4.9125788192159705,0.7862046086472915,0.0,0.0,0.0,0.0,1.723434526145551,0.0,2.1991904520241485,0.11962424421340358,0.0,0.0,0.39305179588465006,0.0,2.2320647768045494,0.0,1.8972784225279962,0.29714435710292314,3.4877735722705347,0.04186024452918835,0.0,2.680855925369736,0.0,0.10105650914128572,0.0,0.42857142857142855,0.0,0.5714285714285714,0.8571428571428571,0.0,0.0,0.5714285714285714,1.0,0.8571428571428571,0.5714285714285714,0.0,0.14285714285714285,0.14285714285714285,0.7142857142857143,0.14285714285714285,0.14285714285714285,0.0,0.0,0.2857142857142857,0.7142857142857143,0.14285714285714285,0.8571428571428571,0.14285714285714285,0.0,1.0,0.0,0.14285714285714285,1.0,0.2857142857142857,0.5714285714285714,0.14285714285714285,0.2857142857142857,1.0,0.42857142857142855,0.0,0.0,0.0,0.0,1.0,0.0,0.7142857142857143,0.2857142857142857,0.0,0.0,0.42857142857142855,0.0,0.8571428571428571,0.0,0.7142857142857143,0.14285714285714285,1.0,0.14285714285714285,0.0,0.8571428571428571,0.0,0.14285714285714285,7
KUL31,Border,Stromal cells,Stromal 2,GSE144735,0.0,0.0,1.2958027021951217,0.0,0.0,0.0,0.0,0.0,2.8287071404115056,0.0,0.0,0.0,0.0,0.0,0.0,0.0,0.0,0.0,0.0,0.0,0.0,0.0,1.2958027021951217,0.0,0.0,3.491864488702651,0.0,0.0,1.8417957814461898,0.0,1.2958027021951217,0.0,0.0,3.7089006162907134,0.0,0.0,0.0,0.0,0.0,2.452358600047408,0.0,0.0,0.0,0.0,0.0,0.0,0.0,0.0,0.0,0.0,0.0,1.2958027021951217,0.0,0.0,1.2958027021951217,0.0,0.0,0.0,0.0,1.0,0.0,0.0,0.0,0.0,0.0,1.0,0.0,0.0,0.0,0.0,0.0,0.0,0.0,0.0,0.0,0.0,0.0,0.0,0.0,1.0,0.0,0.0,1.0,0.0,0.0,1.0,0.0,1.0,0.0,0.0,1.0,0.0,0.0,0.0,0.0,0.0,1.0,0.0,0.0,0.0,0.0,0.0,0.0,0.0,0.0,0.0,0.0,0.0,1.0,0.0,0.0,1.0,0.0,0.0,1
KUL31,Border,Stromal cells,Stromal 3,GSE144735,0.0,0.1701711078871461,0.0,0.8199741346114368,0.2704901334446247,0.0,0.0,0.9121505529893893,3.8247048623763464,0.8488180331497247,0.9170178976754751,0.0,0.1701711078871461,0.0,0.6610278760987214,0.0,0.0,0.0,0.0,0.0,0.5452766100972083,0.0,0.7571391776897964,0.0,0.0,2.9729096501415073,0.0,0.0,1.3173739443052817,0.1701711078871461,0.8080710321944906,0.0,0.0,3.7393510005402586,1.1616525637578947,0.0,0.2774848176531965,0.0,0.3504095941387727,1.623804299564827,0.0,0.8269688188200086,0.0,0.0,0.0,0.0,0.0,0.8278611984042096,0.0,1.997559073218464,0.0,3.788299911214243,0.1701711078871461,0.0,2.0716279497150323,0.0,0.0,0.0,0.25,0.0,0.5,0.25,0.0,0.0,0.75,1.0,0.75,0.5,0.0,0.25,0.0,0.5,0.0,0.0,0.0,0.0,0.0,0.5,0.0,0.5,0.0,0.0,1.0,0.0,0.0,0.5,0.25,0.75,0.0,0.0,1.0,0.75,0.0,0.25,0.0,0.25,0.75,0.0,0.5,0.0,0.0,0.0,0.0,0.0,0.5,0.0,0.75,0.0,1.0,0.25,0.0,0.5,0.0,0.0,4
KUL31,Border,Stromal cells,Tip-like ECs,GSE144735,0.0,0.22848338187842193,0.023930974680857375,0.0,0.5159907297375906,0.0,0.0,0.3202737144179135,0.0,0.5621249984301989,0.0,0.0,0.0,0.026434004210828102,0.02326948259295373,0.03517451895272529,0.0,0.0,0.08542650598039271,0.0,0.24274008928685922,0.0,0.2082644211821992,0.06826691319682436,0.0,1.298204418305756,0.0,0.0,0.27105651491512467,0.2277639506949146,0.34374675638540125,0.0,0.0,2.5284242725031123,1.1375186753065956,0.0,0.0,0.0,0.0,0.8467439170622224,0.040856383074080994,0.8639674188087892,0.0,0.0,0.0,0.08419003894856629,0.04950249440045545,0.09379884410707698,0.0,0.0,0.0,0.15592251526134385,0.04950249440045545,0.0,0.06991938225964653,0.0,0.022598701380632892,0.0,0.20689655172413793,0.034482758620689655,0.0,0.41379310344827586,0.0,0.0,0.3448275862068966,0.0,0.3448275862068966,0.0,0.0,0.0,0.034482758620689655,0.034482758620689655,0.034482758620689655,0.0,0.0,0.034482758620689655,0.0,0.2413793103448276,0.0,0.27586206896551724,0.06896551724137931,0.0,0.7586206896551724,0.0,0.0,0.2413793103448276,0.27586206896551724,0.3448275862068966,0.0,0.0,0.9655172413793104,0.6551724137931034,0.0,0.0,0.0,0.0,0.6206896551724138,0.034482758620689655,0.4482758620689655,0.0,0.0,0.0,0.06896551724137931,0.034482758620689655,0.034482758620689655,0.0,0.0,0.0,0.13793103448275862,0.034482758620689655,0.0,0.034482758620689655,0.0,0.034482758620689655,29
KUL31,Border,T cells,CD4+ T cells,GSE144735,0.0,0.6154904305951161,0.05675792506025988,0.0,0.0,0.2845906024116746,0.19618345799817688,0.0,0.09081435857664631,0.07769049618579492,0.0,0.0,0.0,0.0,0.0,0.0,0.0,0.0,0.0,0.0,0.055836335871633044,0.0,0.07704871462941668,0.0,0.06012453606695792,0.46785966347225966,0.0,0.0,0.2541320499887661,0.3909289953671457,0.158007884402664,0.0,0.0,2.9218304228574272,0.0,0.20389515810546543,0.0,0.0,0.21643338619493402,0.5019180358205888,0.0,0.6276148230053982,0.0,0.0,0.0,0.0,0.0,0.0,0.0,0.0,0.0,0.0,0.0,0.0,0.0,0.0,0.03751561056794184,0.0,0.3611111111111111,0.027777777777777776,0.0,0.0,0.1111111111111111,0.08333333333333333,0.0,0.05555555555555555,0.05555555555555555,0.0,0.0,0.0,0.0,0.0,0.0,0.0,0.0,0.0,0.0,0.027777777777777776,0.0,0.05555555555555555,0.0,0.027777777777777776,0.2777777777777778,0.0,0.0,0.1388888888888889,0.25,0.1111111111111111,0.0,0.0,1.0,0.0,0.1111111111111111,0.0,0.0,0.08333333333333333,0.2777777777777778,0.0,0.3611111111111111,0.0,0.0,0.0,0.0,0.0,0.0,0.0,0.0,0.0,0.0,0.0,0.0,0.0,0.0,0.027777777777777776,36
KUL31,Border,T cells,CD8+ T cells,GSE144735,0.0,0.4341332186284146,0.31051471731022195,0.03846045725542779,0.0,1.8235471811726143,1.4071692943875493,0.0,0.07105591871108918,0.0,0.0,0.0,0.0,0.0,0.0,0.0,0.0,0.0,0.0,0.0,0.0,0.0,0.05099434525380019,0.0,0.038822341106948315,0.1313338901685531,0.0,0.0,0.44010143686536357,0.22901961336653665,0.10507185730260689,0.0,0.0,2.3978459434750117,0.0,0.879602741403788,0.0,1.0222172797808513,1.9819221597173469,0.5738709403430653,0.0,1.0898970814349849,0.0,0.0,0.0,0.0,0.0,0.029998717448352988,0.0,0.0,0.0,0.0294678524259824,0.03126402058192843,0.0,0.10145688340945927,0.0,0.0,0.0,0.24489795918367346,0.1836734693877551,0.02040816326530612,0.0,0.7755102040816326,0.6530612244897959,0.0,0.04081632653061224,0.0,0.0,0.0,0.0,0.0,0.0,0.0,0.0,0.0,0.0,0.0,0.0,0.0,0.02040816326530612,0.0,0.02040816326530612,0.08163265306122448,0.0,0.0,0.22448979591836735,0.14285714285714285,0.061224489795918366,0.0,0.0,0.9591836734693877,0.0,0.42857142857142855,0.0,0.4489795918367347,0.7142857142857143,0.3469387755102041,0.0,0.5510204081632653,0.0,0.0,0.0,0.0,0.0,0.02040816326530612,0.0,0.0,0.0,0.02040816326530612,0.02040816326530612,0.0,0.061224489795918366,0.0,0.0,49
KUL31,Border,T cells,NK cells,GSE144735,0.0,0.746258287187599,0.0,0.0,0.0,0.0,0.0,0.0,0.0,0.0,0.0,0.0,0.0,0.0,0.0,0.0,0.0,0.7176641915607078,0.0,0.0,0.0,0.0,0.0,0.0,0.0,0.0,0.0,0.0,0.7176641915607078,0.0,1.463922478748307,0.0,0.0,2.526863687739165,0.0,3.011467798678601,0.0,0.0,2.831774270702989,0.0,0.0,1.2143809603894489,0.0,0.0,0.0,0.0,0.0,0.0,0.0,0.0,0.0,0.0,0.0,0.0,0.746258287187599,0.0,0.746258287187599,0.0,0.5,0.0,0.0,0.0,0.0,0.0,0.0,0.0,0.0,0.0,0.0,0.0,0.0,0.0,0.0,0.0,0.5,0.0,0.0,0.0,0.0,0.0,0.0,0.0,0.0,0.0,0.0,0.5,0.0,1.0,0.0,0.0,1.0,0.0,1.0,0.0,0.0,1.0,0.0,0.0,0.5,0.0,0.0,0.0,0.0,0.0,0.0,0.0,0.0,0.0,0.0,0.0,0.0,0.5,0.0,0.5,2
KUL31,Border,T cells,Regulatory T cells,GSE144735,0.0,1.055798631195453,0.4352567531485501,0.0,0.08376597730319436,0.04671039002041151,0.0,0.0,0.04572690587982741,0.0,0.0,0.0,0.0,0.0,0.0,0.0,0.0,0.0,0.0,0.0,0.10308223281999783,0.0,0.20276566595672685,0.0,0.0,0.1742849340810925,0.0,0.0,0.0,0.3141108357466589,0.13171932109616022,0.0,0.0,2.9914368185223195,0.0,0.21455487035667878,0.0,0.0,0.0,0.6215927923409635,0.0,0.7021569578168503,0.0,0.0,0.0,0.0,0.0,0.0,0.0,0.0,0.0,0.09939195757595272,0.0,0.0,0.0,0.0,0.0,0.0,0.5517241379310345,0.27586206896551724,0.0,0.06896551724137931,0.034482758620689655,0.0,0.0,0.034482758620689655,0.0,0.0,0.0,0.0,0.0,0.0,0.0,0.0,0.0,0.0,0.0,0.06896551724137931,0.0,0.13793103448275862,0.0,0.0,0.10344827586206896,0.0,0.0,0.0,0.20689655172413793,0.10344827586206896,0.0,0.0,1.0,0.0,0.13793103448275862,0.0,0.0,0.0,0.3793103448275862,0.0,0.41379310344827586,0.0,0.0,0.0,0.0,0.0,0.0,0.0,0.0,0.0,0.06896551724137931,0.0,0.0,0.0,0.0,0.0,29
KUL31,Border,T cells,T follicular helper cells,GSE144735,0.0,0.6618595471198437,0.0,0.0,0.0,0.0,0.0,0.0,0.0,0.0,0.0,0.0,0.0,0.0,0.0,0.0,0.0,0.0,0.0,0.0,0.0,0.0,0.5142768581311964,0.0,0.0,0.5142768581311964,0.0,0.0,0.0,0.5142768581311964,0.3049173361284262,0.0,0.0,2.8721576239255113,0.0,0.39523355826913054,0.0,0.0,0.0,0.3750304243456868,0.0,0.6601655129407116,0.0,0.0,0.0,0.0,0.0,0.0,0.0,0.0,0.0,0.0,0.0,0.0,0.0,0.0,0.0,0.0,0.4,0.0,0.0,0.0,0.0,0.0,0.0,0.0,0.0,0.0,0.0,0.0,0.0,0.0,0.0,0.0,0.0,0.0,0.0,0.0,0.0,0.4,0.0,0.0,0.4,0.0,0.0,0.0,0.4,0.2,0.0,0.0,1.0,0.0,0.2,0.0,0.0,0.0,0.2,0.0,0.4,0.0,0.0,0.0,0.0,0.0,0.0,0.0,0.0,0.0,0.0,0.0,0.0,0.0,0.0,0.0,5
KUL31,Border,T cells,T helper 17 cells,GSE144735,0.0,0.660547296089177,0.24786900730125824,0.009380510487288564,0.0,0.5786051613011022,0.3280080367847941,0.0,0.1289436287403573,0.0,0.0,0.0,0.009553415717037732,0.0,0.04389626596786655,0.010014765013223981,0.0,0.0,0.0,0.0,0.06527360648638371,0.0,0.17074004272934193,0.0,0.0483626218560587,0.4101032122795644,0.0,0.0,0.42490989472481633,0.2649688822518362,0.06991759927066779,0.0,0.0,2.909990663126444,0.0,0.5211813158611004,0.0,0.38953915966491504,0.8642157484279939,0.9113778834738617,0.0,1.0406900432780797,0.0,0.0,0.0,0.019427574452082836,0.0,0.010574897944667325,0.0,0.009355340556062519,0.0,0.07753578648746526,0.03231831732475145,0.0,0.05234844075422047,0.0,0.02381090258077283,0.0,0.3724137931034483,0.15172413793103448,0.006896551724137931,0.0,0.2689655172413793,0.18620689655172415,0.0,0.0896551724137931,0.0,0.0,0.0,0.006896551724137931,0.0,0.027586206896551724,0.006896551724137931,0.0,0.0,0.0,0.0,0.04827586206896552,0.0,0.1103448275862069,0.0,0.034482758620689655,0.2689655172413793,0.0,0.0,0.2206896551724138,0.1724137931034483,0.04827586206896552,0.0,0.0,0.9793103448275862,0.0,0.2827586206896552,0.0,0.16551724137931034,0.3310344827586207,0.5172413793103449,0.0,0.4896551724137931,0.0,0.0,0.0,0.013793103448275862,0.0,0.006896551724137931,0.0,0.006896551724137931,0.0,0.05517241379310345,0.020689655172413793,0.0,0.034482758620689655,0.0,0.013793103448275862,145
KUL31,Normal,B cells,CD19+CD20+ B,GSE144735,0.0,0.018505386601676277,0.011196839748637659,0.0,0.0,0.0,0.0,0.0,0.012671871675682133,0.02156226234537871,0.01802894609434872,0.0,0.007793199939940285,0.01414709496885887,0.029389423503802473,0.0,0.0,0.00748129944151341,0.0,0.0,0.045968498271838444,0.0,0.08916756425224949,0.09979415203882869,0.014803906617540365,0.04616484580981951,0.005730128426794356,0.0,0.006235813014771349,0.00644545898061209,0.006371617007203249,0.0,0.0,3.138379648558556,0.0,0.0,0.0,0.011381851291954891,0.004103709261010278,0.0808205511981444,0.0053689373358228164,0.1409476466950989,0.0,0.0,0.0,0.12752133210602198,0.0,0.013320257490849873,0.0,0.0,0.0,0.013156589918696478,0.0,0.0,0.006493657872623644,0.0,0.011796457766425811,0.0,0.01195219123505976,0.00796812749003984,0.0,0.0,0.0,0.0,0.0,0.00796812749003984,0.01593625498007968,0.01195219123505976,0.0,0.00398406374501992,0.01195219123505976,0.0199203187250996,0.0,0.0,0.00398406374501992,0.0,0.0,0.03187250996015936,0.0,0.05976095617529881,0.05179282868525897,0.00796812749003984,0.03187250996015936,0.00398406374501992,0.0,0.00398406374501992,0.00398406374501992,0.00398406374501992,0.0,0.0,0.9960159362549801,0.0,0.0,0.0,0.00796812749003984,0.00398406374501992,0.05179282868525897,0.00398406374501992,0.09163346613545817,0.0,0.0,0.0,0.08764940239043825,0.0,0.00796812749003984,0.0,0.0,0.0,0.00796812749003984,0.0,0.0,0.00398406374501992,0.0,0.00796812749003984,251
KUL31,Normal,B cells,IgA+ Plasma,GSE144735,0.0,0.025885207163887262,0.007071824865753158,0.0,0.0,0.002086231517513633,0.0016910267222421242,0.0,0.028358591513344824,0.005972650474369682,0.00446714950338007,0.007083647973474008,0.0,0.023760532591018024,0.004299944803914856,0.011767274791443494,0.0,0.0,0.008276587921162515,0.0,0.08085007959152374,0.0,0.10016681465672778,0.0,0.007684320884803202,0.9109574970251447,0.0,0.0,0.016060968423831683,0.018233619483144444,0.0017130877925163029,0.0020634969491549033,0.0,1.5792448155522496,0.011792518898781735,0.0,0.0,0.0,0.0067426515880525855,0.25471364268776847,0.005166575232302118,0.22951918249016107,0.0,0.0,0.0,0.021511003855934258,0.0,0.007743745036350438,0.0,0.0068535693590443545,0.0,0.0,0.019560712288476976,0.0,0.01951506901581635,0.0,0.0077731825921742185,0.0,0.030303030303030304,0.015151515151515152,0.0,0.0,0.005050505050505051,0.005050505050505051,0.0,0.050505050505050504,0.015151515151515152,0.010101010101010102,0.005050505050505051,0.0,0.045454545454545456,0.010101010101010102,0.010101010101010102,0.0,0.0,0.005050505050505051,0.0,0.16161616161616163,0.0,0.17676767676767677,0.0,0.015151515151515152,0.7121212121212122,0.0,0.0,0.030303030303030304,0.030303030303030304,0.005050505050505051,0.005050505050505051,0.0,0.9545454545454546,0.020202020202020204,0.0,0.0,0.0,0.010101010101010102,0.40404040404040403,0.010101010101010102,0.3434343434343434,0.0,0.0,0.0,0.04040404040404041,0.0,0.020202020202020204,0.0,0.015151515151515152,0.0,0.0,0.045454545454545456,0.0,0.045454545454545456,0.0,0.020202020202020204,198
KUL31,Normal,B cells,Unspecified Plasma,GSE144735,0.0,0.0,0.0,0.0,0.0,0.0,0.0,0.0,0.0,0.04332847144979999,0.0,0.0,0.0,0.0,0.0,0.0,0.0,0.0,0.0,0.0,0.144869239016389,0.0,0.0,0.0,0.0,1.0201494024629318,0.0,0.0,0.0,0.0,0.0,0.0,0.0,1.5566152284023818,0.0,0.0,0.0,0.05872383561678698,0.0,0.06457994017413714,0.0,0.17069300085087963,0.0,0.0,0.0,0.0,0.0,0.0,0.0,0.0,0.0,0.0,0.0,0.0,0.0,0.0,0.0,0.0,0.0,0.0,0.0,0.0,0.0,0.0,0.0,0.0,0.034482758620689655,0.0,0.0,0.0,0.0,0.0,0.0,0.0,0.0,0.0,0.0,0.10344827586206896,0.0,0.0,0.0,0.0,0.5517241379310345,0.0,0.0,0.0,0.0,0.0,0.0,0.0,0.7586206896551724,0.0,0.0,0.0,0.034482758620689655,0.0,0.034482758620689655,0.0,0.10344827586206896,0.0,0.0,0.0,0.0,0.0,0.0,0.0,0.0,0.0,0.0,0.0,0.0,0.0,0.0,0.0,29
KUL31,Normal,Epithelial cells,BEST4+ Enterocytes,GSE144735,0.0,0.16328190915391796,0.0,0.0,0.0,0.05909886686043245,0.016947676753244763,0.0,0.02156047146580839,0.0,0.0,0.0,0.0,0.0,0.0174760722541513,0.036850479180873176,0.0,0.0,0.0,0.0,1.6590303553245092,0.0,0.6290363214043104,0.0,0.0,0.25039849193604885,0.0,0.0,0.7772177210771483,0.10293306344701872,0.0,0.0,0.0,4.094265628166203,0.0,0.0,0.0,0.015818774719830266,0.01460519641248442,3.42043812781046,0.0,2.529626071618188,0.0,0.0,0.0,0.09145207681438867,0.0,0.0,0.0,0.0,0.0,0.013215313895071088,1.6127023969782115,0.0,0.0,0.0,0.0,0.0,0.23529411764705882,0.0,0.0,0.0,0.058823529411764705,0.029411764705882353,0.0,0.029411764705882353,0.0,0.0,0.0,0.0,0.0,0.029411764705882353,0.058823529411764705,0.0,0.0,0.0,0.0,0.9411764705882353,0.0,0.6176470588235294,0.0,0.0,0.29411764705882354,0.0,0.0,0.7058823529411765,0.11764705882352941,0.0,0.0,0.0,1.0,0.0,0.0,0.0,0.029411764705882353,0.029411764705882353,1.0,0.0,1.0,0.0,0.0,0.0,0.14705882352941177,0.0,0.0,0.0,0.0,0.0,0.029411764705882353,0.9705882352941176,0.0,0.0,0.0,0.0,34
KUL31,Normal,Epithelial cells,Goblet cells,GSE144735,0.0,0.07724243274074208,0.0,0.0,0.0,0.0,0.0,0.30886117021426335,0.0,0.11275322417601931,0.0,0.0,0.0,0.0,0.5104028318415194,0.4103074930697753,0.0,0.0,0.0,0.0,0.870069056172023,0.0,0.25891977488726114,0.0,0.0,0.6460151334030209,0.0,0.0,0.5495577372453645,0.18395475992934818,0.0,0.0,0.0,3.1538292091420312,0.054383055318793574,0.0,0.0,0.0,0.0,1.3427565698962103,0.0,1.0841296368556796,0.0,0.0,0.0,0.0,0.0,0.0,0.0,0.0,0.0,0.18024718304730183,0.863721937848264,0.0,0.07775463465550124,0.0,0.0,0.0,0.09090909090909091,0.0,0.0,0.0,0.0,0.0,0.2727272727272727,0.0,0.09090909090909091,0.0,0.0,0.0,0.0,0.36363636363636365,0.2727272727272727,0.0,0.0,0.0,0.0,0.5454545454545454,0.0,0.2727272727272727,0.0,0.0,0.36363636363636365,0.0,0.0,0.45454545454545453,0.18181818181818182,0.0,0.0,0.0,1.0,0.09090909090909091,0.0,0.0,0.0,0.0,0.7272727272727273,0.0,0.5454545454545454,0.0,0.0,0.0,0.0,0.0,0.0,0.0,0.0,0.0,0.18181818181818182,0.36363636363636365,0.0,0.09090909090909091,0.0,0.0,11
KUL31,Normal,Epithelial cells,Intermediate,GSE144735,0.0,0.031507457172000035,0.0,0.0,0.0,0.0,0.0,0.0,0.10013273439091484,0.0,0.0,0.0,0.0,0.0,0.06163157007498472,0.031393679914138224,0.0,0.031507457172000035,0.0,0.0,0.3074939593386261,0.0,0.156812577272662,0.0,0.0,0.026703590950916768,0.026703590950916768,0.0,0.14235672657379994,0.707028694329101,0.0,0.0,0.0,4.489268607886246,0.03865509756484109,0.0,0.0,0.0,0.0,2.988440938026738,0.0,2.2016317595477854,0.0,0.0,0.0,0.03220460038882008,0.020723412494684786,0.0,0.0,0.0,0.0,0.0,0.3981821840765102,0.0,0.0,0.0,0.0,0.0,0.01639344262295082,0.0,0.0,0.0,0.0,0.0,0.0,0.04918032786885246,0.0,0.0,0.0,0.0,0.0,0.03278688524590164,0.01639344262295082,0.0,0.01639344262295082,0.0,0.0,0.14754098360655737,0.0,0.08196721311475409,0.0,0.0,0.01639344262295082,0.01639344262295082,0.0,0.06557377049180328,0.2786885245901639,0.0,0.0,0.0,1.0,0.01639344262295082,0.0,0.0,0.0,0.0,0.9344262295081968,0.0,0.7049180327868853,0.0,0.0,0.0,0.01639344262295082,0.01639344262295082,0.0,0.0,0.0,0.0,0.0,0.19672131147540983,0.0,0.0,0.0,0.0,61
KUL31,Normal,Epithelial cells,Mature Enterocytes,GSE144735,0.0,0.0,0.0,0.0,0.0,0.0,0.0,0.0,0.0,0.0,0.0,0.0,0.0,0.0,0.0,0.0,0.0,0.0,0.0,0.0,0.7726064988749494,0.0,0.6729939537516446,0.0,0.0,0.0,0.0,0.0,0.11206237644188494,0.2301930349164158,0.0,0.0,0.0,5.061942870839569,0.0,0.0,0.0,0.0,0.0,3.9553448580920674,0.0,2.609831585952355,0.0,0.0,0.0,0.0,0.0,0.05126361573745666,0.0,0.0,0.0,0.0,0.2283959235790915,0.0,0.0,0.0,0.0,0.0,0.0,0.0,0.0,0.0,0.0,0.0,0.0,0.0,0.0,0.0,0.0,0.0,0.0,0.0,0.0,0.0,0.0,0.0,0.0,0.42424242424242425,0.0,0.36363636363636365,0.0,0.0,0.0,0.0,0.0,0.06060606060606061,0.12121212121212122,0.0,0.0,0.0,1.0,0.0,0.0,0.0,0.0,0.0,1.0,0.0,0.7878787878787878,0.0,0.0,0.0,0.0,0.0,0.030303030303030304,0.0,0.0,0.0,0.0,0.12121212121212122,0.0,0.0,0.0,0.0,33
KUL31,Normal,Epithelial cells,Stem-like/TA,GSE144735,0.0,0.052432584000391226,0.0,0.0,0.0,0.011575329832050717,0.0019664053375944212,0.0,0.02471472279140345,0.10037179723955818,0.0023270738594460168,0.0,0.0,0.0,0.153191511277682,0.16999747134673385,0.0,0.0,0.0,0.0,1.1928478034573538,0.004375536718845974,0.6675221841544924,0.0,0.0,0.11345709918702586,0.0,0.0,0.5910006923694433,1.3472188810905468,0.02313122376326532,0.0,0.0,3.7706016023918907,0.027059570947708913,0.00418586293154374,0.0,0.005678848741518198,0.016507755641200696,2.793495380862951,0.0,2.0602222924432843,0.0,0.0025528497030253825,0.0,0.05178679562516454,0.05739723034664021,0.014523515665407662,0.0,0.009228928183413334,0.0,0.023235234632235036,1.352184514105346,0.002650107850844445,0.03035666842584467,0.0,0.0,0.0,0.112,0.0,0.0,0.0,0.024,0.008,0.0,0.056,0.136,0.008,0.0,0.0,0.0,0.208,0.216,0.0,0.0,0.0,0.0,0.856,0.008,0.76,0.0,0.0,0.2,0.0,0.0,0.712,0.856,0.048,0.0,0.0,0.992,0.04,0.008,0.0,0.008,0.016,0.976,0.0,0.936,0.0,0.008,0.0,0.096,0.08,0.04,0.0,0.024,0.0,0.048,0.896,0.008,0.056,0.0,0.0,125
KUL31,Normal,Epithelial cells,Tuft cells,GSE144735,0.0,0.0,0.0,0.0,0.0,0.0,0.0,0.0,0.0,0.7749050053978406,0.0,0.0,0.0,0.0,0.0,0.0,0.0,0.0,0.0,0.0,0.0,0.0,0.0,0.0,0.0,0.0,0.0,0.0,0.0,0.0,0.0,0.0,0.0,3.063667561812189,0.0,0.0,0.0,0.0,0.0,0.7749050053978406,0.0,0.0,0.0,0.0,1.0982568910520802,0.0,0.0,0.0,0.0,0.0,0.0,0.0,0.0,0.0,0.0,0.0,0.0,0.0,0.0,0.0,0.0,0.0,0.0,0.0,0.0,0.0,0.5,0.0,0.0,0.0,0.0,0.0,0.0,0.0,0.0,0.0,0.0,0.0,0.0,0.0,0.0,0.0,0.0,0.0,0.0,0.0,0.0,0.0,0.0,0.0,1.0,0.0,0.0,0.0,0.0,0.0,0.5,0.0,0.0,0.0,0.0,0.5,0.0,0.0,0.0,0.0,0.0,0.0,0.0,0.0,0.0,0.0,0.0,0.0,2
KUL31,Normal,Mast cells,Mast cells,GSE144735,0.0,0.0,0.0,0.0,0.0,0.0,0.0,0.0,0.0,0.0,0.0,0.0,0.0,0.0,0.23757735575919353,0.2781096831487123,0.0,0.0,0.0,0.0,0.0,0.0,0.0,0.0,0.0,0.865790841754965,0.0,0.0,0.0,0.0,0.0,0.0,0.0,4.791987170009447,0.0,0.0,0.0,0.23757735575919353,0.0,1.899926644218916,0.0,1.2772398352543985,0.0,0.0,0.0,0.0,0.0,0.912474469229851,0.0,0.0,0.0,0.0,0.0,0.0,0.0,0.0,0.0,0.0,0.0,0.0,0.0,0.0,0.0,0.0,0.0,0.0,0.0,0.0,0.0,0.0,0.0,0.14285714285714285,0.14285714285714285,0.0,0.0,0.0,0.0,0.0,0.0,0.0,0.0,0.0,0.5714285714285714,0.0,0.0,0.0,0.0,0.0,0.0,0.0,1.0,0.0,0.0,0.0,0.14285714285714285,0.0,1.0,0.0,0.5714285714285714,0.0,0.0,0.0,0.0,0.0,0.42857142857142855,0.0,0.0,0.0,0.0,0.0,0.0,0.0,0.0,0.0,7
KUL31,Normal,Myeloids,Anti-inflammatory,GSE144735,0.191393564772343,0.21808743613135215,0.0,0.0,0.0,0.0,0.0,0.0,0.0,0.0,0.0,0.0,0.0,0.0,0.0,0.286292048650975,0.1543020172403201,0.0,0.0,0.0,0.51038539002924,0.31134783448940956,0.35247329400876465,0.0,0.0,1.3904373565622832,0.0,0.0,1.922826891178096,0.0,0.0,0.0,0.0,4.258417536048135,0.2586854137612013,0.0,1.1449371250819766,0.0,0.0,0.7966441351192999,0.0,0.7856368306846266,0.0,0.0,0.0,1.3908202921251211,0.0,0.22549569151975027,0.0,0.0,0.0,0.20217974450153006,0.10657955779186858,0.0,0.2886878751177326,0.0,0.0,0.09090909090909091,0.18181818181818182,0.0,0.0,0.0,0.0,0.0,0.0,0.0,0.0,0.0,0.0,0.0,0.0,0.0,0.18181818181818182,0.09090909090909091,0.0,0.0,0.0,0.2727272727272727,0.18181818181818182,0.2727272727272727,0.0,0.0,0.6363636363636364,0.0,0.0,0.9090909090909091,0.0,0.0,0.0,0.0,1.0,0.18181818181818182,0.0,0.6363636363636364,0.0,0.0,0.45454545454545453,0.0,0.36363636363636365,0.0,0.0,0.0,0.6363636363636364,0.0,0.18181818181818182,0.0,0.0,0.0,0.09090909090909091,0.09090909090909091,0.0,0.18181818181818182,0.0,0.0,11
KUL31,Normal,Myeloids,Pro-inflammatory,GSE144735,0.0,0.15709577808283567,0.13369875197553438,0.0,0.0,0.0,0.0,0.0,0.0,0.0,0.0,0.0,0.0,0.0,0.0,0.8448709867342991,0.0,0.0,0.0,0.30706935369898897,1.4632857527900507,0.05310417250926018,1.272418282676412,0.0,0.0,1.9596675016584837,0.0,0.0,2.5321305006396737,0.0,0.0,0.0,0.0,4.5660329947771725,0.0,0.0,0.39484932854336385,0.07561487023614588,0.0,1.307708416986169,0.0,1.2493608272714352,0.0,0.0,0.0,1.3562975533097184,0.0,0.04576338969250702,0.0,0.1251790651239241,0.0,0.0,0.0,0.0,0.1482401756875693,0.0,0.051684492680390756,0.0,0.1875,0.125,0.0,0.0,0.0,0.0,0.0,0.0,0.0,0.0,0.0,0.0,0.0,0.0,0.3125,0.0,0.0,0.0,0.1875,0.75,0.0625,0.625,0.0,0.0,0.9375,0.0,0.0,1.0,0.0,0.0,0.0,0.0,1.0,0.0,0.0,0.3125,0.0625,0.0,0.8125,0.0,0.5,0.0,0.0,0.0,0.8125,0.0,0.0625,0.0,0.0625,0.0,0.0,0.0,0.0,0.0625,0.0,0.0625,16
KUL31,Normal,Myeloids,Proliferating,GSE144735,0.0,1.0623708513504344,0.0,0.0,0.0,0.0,0.0,0.0,0.0,0.0,0.0,0.0,0.0,0.0,0.0,0.0,0.0,0.0,0.0,0.0,0.6660899797583724,0.6660899797583724,0.6660899797583724,0.0,0.0,2.4347287378332916,0.0,0.0,2.514411533566502,0.0,0.0,0.0,0.0,3.91648859724743,0.0,0.0,0.0,0.0,0.0,0.6660899797583724,0.0,1.3454289793148642,0.0,0.0,0.0,0.0,0.0,0.0,0.0,0.0,0.0,0.0,0.0,0.0,0.0,0.0,0.0,0.0,1.0,0.0,0.0,0.0,0.0,0.0,0.0,0.0,0.0,0.0,0.0,0.0,0.0,0.0,0.0,0.0,0.0,0.0,0.0,1.0,1.0,1.0,0.0,0.0,1.0,0.0,0.0,1.0,0.0,0.0,0.0,0.0,1.0,0.0,0.0,0.0,0.0,0.0,1.0,0.0,1.0,0.0,0.0,0.0,0.0,0.0,0.0,0.0,0.0,0.0,0.0,0.0,0.0,0.0,0.0,0.0,1
KUL31,Normal,Myeloids,Unknown,GSE144735,0.0,0.0,0.0,0.0,0.0,0.0,0.0,0.0,0.0,0.0,0.0,0.0,0.0,0.0,0.0,0.0,0.0,0.0,0.0,0.0,0.0,2.5074797135716005,0.0,0.0,0.0,0.0,0.0,0.0,1.8926568267186819,0.0,0.0,0.0,0.0,4.512963415612019,0.0,0.0,0.0,0.0,0.0,2.5074797135716005,0.0,0.0,0.0,0.0,0.0,3.1590372525457378,0.0,0.0,0.0,0.0,0.0,0.0,0.0,0.0,5.371591926604573,0.0,0.0,0.0,0.0,0.0,0.0,0.0,0.0,0.0,0.0,0.0,0.0,0.0,0.0,0.0,0.0,0.0,0.0,0.0,0.0,0.0,0.0,0.0,1.0,0.0,0.0,0.0,0.0,0.0,0.0,1.0,0.0,0.0,0.0,0.0,1.0,0.0,0.0,0.0,0.0,0.0,1.0,0.0,0.0,0.0,0.0,0.0,1.0,0.0,0.0,0.0,0.0,0.0,0.0,0.0,0.0,1.0,0.0,0.0,1
KUL31,Normal,Myeloids,cDC,GSE144735,0.0,0.0,0.10738381159980223,0.0,0.0,0.0,0.0,0.0,0.0,0.0,0.20713902697658418,0.0,0.0,0.0,0.0,0.0,0.0,0.0,0.0,0.0,0.3370646008682205,0.0,0.40160418103683776,0.0,0.0,1.4232312817392128,0.0,0.0,1.5636930580665374,0.0,0.0,0.0,0.0,3.746331417628714,0.0,0.0,0.0,0.0,0.0,1.1911993128293195,0.0,0.18633539508305466,0.0,0.0,0.0,0.7410365409754985,0.0,0.0,0.0,0.0,0.0,0.0,0.0,0.0,0.26452697636595135,0.0,2.133071484762728,0.0,0.0,0.14285714285714285,0.0,0.0,0.0,0.0,0.0,0.0,0.0,0.2857142857142857,0.0,0.0,0.0,0.0,0.0,0.0,0.0,0.0,0.0,0.2857142857142857,0.0,0.42857142857142855,0.0,0.0,0.8571428571428571,0.0,0.0,0.8571428571428571,0.0,0.0,0.0,0.0,1.0,0.0,0.0,0.0,0.0,0.0,0.8571428571428571,0.0,0.14285714285714285,0.0,0.0,0.0,0.7142857142857143,0.0,0.0,0.0,0.0,0.0,0.0,0.0,0.0,0.14285714285714285,0.0,0.8571428571428571,7
KUL31,Normal,Stromal cells,Enteric glial cells,GSE144735,0.0,0.9151402504176491,0.0,0.0,0.15347523753880843,0.0,0.0,0.0,0.8343114397707659,0.5491717394032481,0.6367796003776335,0.09418643883381893,0.0,0.33256397279719174,0.0,0.0,0.0,0.0,1.5282210724574212,0.0,0.0,0.0,0.0,0.0,0.0,1.4724747612124536,3.0078018780771374,0.0,0.4995659997903057,0.0,0.0,0.0,0.0,4.014689352145349,0.0,0.0,0.0,0.0,0.0,1.725139533965594,0.0,3.2451153506732866,0.0,0.0,0.0,0.0,0.0,0.1974887114313503,0.0,0.0,0.0,0.4176100322224795,0.0,0.0,0.262842563721959,0.4058879886140986,3.2005532873051963,0.0,0.47058823529411764,0.0,0.0,0.058823529411764705,0.0,0.0,0.0,0.4117647058823529,0.23529411764705882,0.29411764705882354,0.058823529411764705,0.0,0.17647058823529413,0.0,0.0,0.0,0.0,0.5294117647058824,0.0,0.0,0.0,0.0,0.0,0.0,0.6470588235294118,1.0,0.0,0.23529411764705882,0.0,0.0,0.0,0.0,1.0,0.0,0.0,0.0,0.0,0.0,0.8235294117647058,0.0,0.9411764705882353,0.0,0.0,0.0,0.0,0.0,0.058823529411764705,0.0,0.0,0.0,0.17647058823529413,0.0,0.0,0.11764705882352941,0.23529411764705882,0.8823529411764706,17
KUL31,Normal,Stromal cells,Lymphatic ECs,GSE144735,0.0,0.0,0.0,0.0,0.2330310314065248,0.0,0.0,0.0,0.0,0.7429049358596806,0.0,0.0,0.0,0.0,0.0,0.0,0.0,0.0,0.0,0.0,0.3795912970087252,0.0,0.0,0.0,0.0,2.0871882663221517,0.0,0.0,1.7506143368802034,0.0,0.0,0.0,0.0,3.933550314947054,0.0,0.0,0.0,0.0,0.0,1.6601621633470536,0.0,1.3899232001365334,0.0,0.0,0.0,0.0,0.0,0.3982172296119913,0.0,0.0,0.0,0.0,0.3771906426596372,0.0,0.0,0.0,0.0,0.0,0.0,0.0,0.0,0.16666666666666666,0.0,0.0,0.0,0.0,0.5,0.0,0.0,0.0,0.0,0.0,0.0,0.0,0.0,0.0,0.0,0.16666666666666666,0.0,0.0,0.0,0.0,0.8333333333333334,0.0,0.0,0.8333333333333334,0.0,0.0,0.0,0.0,1.0,0.0,0.0,0.0,0.0,0.0,0.8333333333333334,0.0,0.5,0.0,0.0,0.0,0.0,0.0,0.16666666666666666,0.0,0.0,0.0,0.0,0.16666666666666666,0.0,0.0,0.0,0.0,6
KUL31,Normal,Stromal cells,Pericytes,GSE144735,0.0,0.0,0.0,0.0,0.0,0.0,0.0,0.0,2.5148590852669437,0.0,0.0,0.0,0.0,0.0,0.0,0.0,0.0,0.0,0.0,0.0,0.0,0.0,0.19967975975000896,0.0,1.5104016778917952,1.0062877051555184,0.0,0.0,2.7425621938022626,0.0,0.19967975975000896,0.0,0.0,3.3909497879216848,0.3453447149825695,0.0,0.0,0.0,0.0,0.2879438387456856,0.0,2.2831148274791926,0.0,0.0,0.0,0.0,0.0,0.5976722319321955,0.0,0.0,0.0,1.1139846098146313,0.0,0.0,0.3979924721821866,0.0,0.0,0.0,0.0,0.0,0.0,0.0,0.0,0.0,0.0,0.8333333333333334,0.0,0.0,0.0,0.0,0.0,0.0,0.0,0.0,0.0,0.0,0.0,0.0,0.0,0.16666666666666666,0.0,0.6666666666666666,0.3333333333333333,0.0,0.0,1.0,0.0,0.16666666666666666,0.0,0.0,1.0,0.16666666666666666,0.0,0.0,0.0,0.0,0.16666666666666666,0.0,0.8333333333333334,0.0,0.0,0.0,0.0,0.0,0.3333333333333333,0.0,0.0,0.0,0.5,0.0,0.0,0.16666666666666666,0.0,0.0,6
KUL31,Normal,Stromal cells,Smooth muscle cells,GSE144735,0.0,0.6849017410954646,0.0,0.0,0.18808711600282602,0.0,0.0,0.0,0.7433439978931518,1.1940591501560982,0.0,0.0,0.0,0.0,0.13269058620777832,0.0,0.0,0.0,0.0,0.0,0.24670105131093775,0.0,0.076089210594001,0.13269058620777832,0.0,1.0929591263079035,0.0,0.0,1.205453416496039,0.0,0.26417632659682705,0.0,0.0,3.4978935348194535,0.4113702811842875,0.0,0.0,0.0,0.0,0.5835210430655532,0.12300927745015884,1.8804652015324868,0.0,0.0,0.0,0.0,0.0,0.668678046086258,0.0,0.0856208412787955,0.0,0.6751634969012582,0.0,0.0,0.0,0.0,0.0,0.0,0.5555555555555556,0.0,0.0,0.1111111111111111,0.0,0.0,0.0,0.4444444444444444,0.5555555555555556,0.0,0.0,0.0,0.0,0.1111111111111111,0.0,0.0,0.0,0.0,0.0,0.1111111111111111,0.0,0.1111111111111111,0.1111111111111111,0.0,0.5555555555555556,0.0,0.0,0.6666666666666666,0.0,0.2222222222222222,0.0,0.0,1.0,0.2222222222222222,0.0,0.0,0.0,0.0,0.4444444444444444,0.1111111111111111,0.5555555555555556,0.0,0.0,0.0,0.0,0.0,0.2222222222222222,0.0,0.1111111111111111,0.0,0.3333333333333333,0.0,0.0,0.0,0.0,0.0,9
KUL31,Normal,Stromal cells,Stalk-like ECs,GSE144735,0.0,0.3845003988703019,0.0,0.0,0.0,0.0,0.0,0.0,0.0,0.41059502144702886,1.2683808157025922,0.0,0.0,0.0,0.0,0.06922117355742857,0.0,0.0,0.0,0.0,0.9023751373028197,0.0,0.27542550327856896,0.0,0.0,1.7323508624325874,0.0,0.0,0.9502731881405452,0.0,0.2531144999967846,0.0,0.0,3.00926653651207,0.34078191807303576,0.0,0.0,0.0,0.0,1.878332079417066,0.0,1.9047337205636967,0.0,0.0,0.0,0.20620432972114042,0.0,0.29494590283249045,0.0,0.0,0.0,0.0,0.0,0.0,0.0,0.0,0.0,0.0,0.2857142857142857,0.0,0.0,0.0,0.0,0.0,0.0,0.0,0.2857142857142857,0.7142857142857143,0.0,0.0,0.0,0.0,0.14285714285714285,0.0,0.0,0.0,0.0,0.5714285714285714,0.0,0.2857142857142857,0.0,0.0,0.8571428571428571,0.0,0.0,0.5714285714285714,0.0,0.2857142857142857,0.0,0.0,1.0,0.42857142857142855,0.0,0.0,0.0,0.0,0.8571428571428571,0.0,0.8571428571428571,0.0,0.0,0.0,0.14285714285714285,0.0,0.14285714285714285,0.0,0.0,0.0,0.0,0.0,0.0,0.0,0.0,0.0,7
KUL31,Normal,Stromal cells,Stromal 1,GSE144735,0.0,0.48844653822920375,0.0,0.0,0.47110139031895043,0.0,0.0,0.0,2.6599106847763054,3.1484450157926225,0.6450531705318301,0.0,0.94833030740547,0.02890393175240742,1.8833553900869144,0.18970063069721405,0.023247214591213778,0.013605354043366298,0.0,0.0,0.22024985469133754,0.0,0.6583380584303558,0.08051882436247182,0.02039192147836617,1.6217438990289086,0.0,0.037320736530475414,3.6362002172836263,0.02019128829814799,0.12479202863597975,0.0,0.0,3.7539757595482115,2.1091077748031393,0.0,0.0,0.029725554128488648,0.0,1.3610677881706292,0.0,1.4118921130095787,0.0,0.0,0.0,0.08702259757391052,0.0,2.6716003167165168,0.15126952170664634,0.8864125360862035,0.0,1.8468643563430853,0.036847273434368326,0.0,2.986595884014829,0.0,0.0,0.0,0.33695652173913043,0.0,0.0,0.31521739130434784,0.0,0.0,0.0,0.967391304347826,0.9782608695652174,0.3804347826086957,0.0,0.5217391304347826,0.021739130434782608,0.5978260869565217,0.10869565217391304,0.010869565217391304,0.010869565217391304,0.0,0.0,0.15217391304347827,0.0,0.358695652173913,0.043478260869565216,0.021739130434782608,0.782608695652174,0.0,0.03260869565217391,0.9782608695652174,0.010869565217391304,0.09782608695652174,0.0,0.0,0.9891304347826086,0.8695652173913043,0.0,0.0,0.021739130434782608,0.0,0.7391304347826086,0.0,0.5978260869565217,0.0,0.0,0.0,0.06521739130434782,0.0,0.8586956521739131,0.08695652173913043,0.32608695652173914,0.0,0.8043478260869565,0.021739130434782608,0.0,0.8804347826086957,0.0,0.0,92
KUL31,Normal,Stromal cells,Stromal 2,GSE144735,0.0,0.357541067922145,0.0,0.0,0.15375369367290723,0.0,0.0,0.0,2.4635195165207184,0.16486108246127526,0.0,0.0,0.0,0.0,0.0,0.21248312205812175,0.0,0.0,0.0,0.0,0.38449438408590964,0.0,0.17795973060339076,0.0,0.4068264771694768,2.3600340668048805,0.0,0.0,3.4535834287192677,0.0,0.057086720386379894,0.0,0.0,3.164092590407379,1.1490011954352997,0.0,0.0,0.05846527632565331,0.0,0.9186326966946776,0.0,2.51997227785298,0.0,0.0,0.0,0.0,0.0,0.1711455194931982,0.0,0.0,0.0,2.103917133527372,0.0,0.0,0.09138211776511834,0.0,0.0,0.0,0.2,0.0,0.0,0.1,0.0,0.0,0.0,0.8,0.1,0.0,0.0,0.0,0.0,0.0,0.1,0.0,0.0,0.0,0.0,0.2,0.0,0.1,0.0,0.2,0.95,0.0,0.0,1.0,0.0,0.05,0.0,0.0,1.0,0.5,0.0,0.0,0.05,0.0,0.5,0.0,0.7,0.0,0.0,0.0,0.0,0.0,0.1,0.0,0.0,0.0,0.85,0.0,0.0,0.05,0.0,0.0,20
KUL31,Normal,Stromal cells,Stromal 3,GSE144735,0.0,0.3266196324205658,0.0,0.0,0.3734996727773806,0.0,0.0,0.02918175969279269,1.606606128820856,1.8875666222889742,1.4941670259576545,0.02484327664086988,0.46139002582449284,0.2644071980757174,0.03614029769927657,0.0,0.0,0.0,0.0,0.0,0.07776325195706148,0.0,0.258518624186654,0.0,0.03008161577491243,2.8789942487660083,0.0,0.0,2.525961205038883,0.01656853963643202,0.061813454432259156,0.0,0.0,3.899567422244619,2.4176526607202407,0.008864576417801277,0.0,0.023944932402919526,0.0,1.8241866928150101,0.0,1.1504791176817493,0.037156892782729885,0.0,0.01021360356452779,0.20822612767171242,0.012352084694923106,0.7906771409760374,0.008864576417801277,0.7947198933021508,0.0,1.6841435580566406,0.8761029173140599,0.0,0.9417530005774924,0.0,0.0,0.0,0.22826086956521738,0.0,0.0,0.2608695652173913,0.0,0.0,0.021739130434782608,0.7065217391304348,0.7608695652173914,0.6521739130434783,0.021739130434782608,0.2826086956521739,0.18478260869565216,0.03260869565217391,0.0,0.0,0.0,0.0,0.0,0.06521739130434782,0.0,0.18478260869565216,0.0,0.021739130434782608,0.9565217391304348,0.0,0.0,0.9239130434782609,0.010869565217391304,0.03260869565217391,0.0,0.0,1.0,0.9239130434782609,0.010869565217391304,0.0,0.010869565217391304,0.0,0.8695652173913043,0.0,0.5760869565217391,0.03260869565217391,0.0,0.010869565217391304,0.14130434782608695,0.010869565217391304,0.3695652173913043,0.010869565217391304,0.25,0.0,0.7282608695652174,0.358695652173913,0.0,0.30434782608695654,0.0,0.0,92
KUL31,Normal,Stromal cells,Tip-like ECs,GSE144735,0.0,0.334281166562785,0.0,0.0,0.07971333146161887,0.0,0.0,0.046411913237408196,0.20690751756064277,0.07568903321802788,0.41694361793013457,0.0,0.05908643581653031,0.0,0.04671081200135374,0.9545332604823837,0.0,0.0,0.0,0.0,0.021949179613622714,0.0,0.2427308421057005,0.06845297462185608,0.08834664354853636,0.8196862750350553,0.0,0.0,0.5994537266694281,0.0,0.4104165875638126,0.0,0.0,2.7523527431555697,1.683551015747508,0.0,0.0,0.0,0.0,1.4620472248514318,0.0,1.7113096619278254,0.09524525106323155,0.0,0.0,0.0,0.0,0.020217419751092605,0.0,0.0,0.0,0.0,0.08171376588679911,0.0,0.0,0.0,0.0,0.0,0.19230769230769232,0.0,0.0,0.07692307692307693,0.0,0.0,0.038461538461538464,0.11538461538461539,0.038461538461538464,0.19230769230769232,0.0,0.07692307692307693,0.0,0.038461538461538464,0.3076923076923077,0.0,0.0,0.0,0.0,0.038461538461538464,0.0,0.11538461538461539,0.038461538461538464,0.07692307692307693,0.46153846153846156,0.0,0.0,0.3076923076923077,0.0,0.2692307692307692,0.0,0.0,0.9230769230769231,0.7307692307692307,0.0,0.0,0.0,0.0,0.6923076923076923,0.0,0.5769230769230769,0.07692307692307693,0.0,0.0,0.0,0.0,0.038461538461538464,0.0,0.0,0.0,0.0,0.038461538461538464,0.0,0.0,0.0,0.0,26
KUL31,Normal,T cells,CD4+ T cells,GSE144735,0.0,0.2441461782285999,0.07458197834423093,0.0,0.0,0.2154315805194678,0.12876854956685158,0.0,0.0,0.01833849900538349,0.0,0.0,0.0,0.0,0.010359168318745162,0.013950699452264558,0.0,0.0,0.0,0.0,0.1339678730535721,0.0,0.10058538075789475,0.0,0.019412345402369253,0.35648520647893317,0.0,0.0,0.0945399938457891,0.020366016281188646,0.05363678423351571,0.0,0.0,2.7598773557521143,0.0,0.2178428940036584,0.0,0.09692176942091281,0.06590481774745467,0.43109203500499704,0.0,0.41261904464834387,0.0,0.0,0.0,0.0,0.0,0.012623403319055121,0.0,0.0,0.0,0.0,0.009544461571253004,0.0,0.033343428872718725,0.0,0.02773140434291316,0.0,0.14545454545454545,0.04242424242424243,0.0,0.0,0.10303030303030303,0.06060606060606061,0.0,0.0,0.012121212121212121,0.0,0.0,0.0,0.0,0.006060606060606061,0.006060606060606061,0.0,0.0,0.0,0.0,0.07272727272727272,0.0,0.05454545454545454,0.0,0.012121212121212121,0.19393939393939394,0.0,0.0,0.05454545454545454,0.012121212121212121,0.030303030303030304,0.0,0.0,0.9575757575757575,0.0,0.12121212121212122,0.0,0.04242424242424243,0.03636363636363636,0.23030303030303031,0.0,0.20606060606060606,0.0,0.0,0.0,0.0,0.0,0.006060606060606061,0.0,0.0,0.0,0.0,0.006060606060606061,0.0,0.01818181818181818,0.0,0.01818181818181818,165
KUL31,Normal,T cells,CD8+ T cells,GSE144735,0.0,0.31898424186239904,0.18130572500960535,0.0,0.006999223239279249,1.716367194743137,1.2200065171664176,0.0,0.0,0.007957215434972756,0.0,0.0,0.0,0.0,0.0,0.0,0.0,0.0,0.0,0.0,0.05936823412277667,0.0,0.09454065992560297,0.0,0.028733691305108132,0.25745656525358396,0.008127644144383626,0.0,0.16578055962809932,0.0,0.05642931640862758,0.0,0.0,2.7414684676268855,0.0,0.7071408877029527,0.0,1.1431371217264952,1.1427130763787732,0.4024372803172271,0.0,0.5812573265945898,0.0,0.0,0.0,0.0,0.0,0.025601610969839383,0.0,0.01610399880344628,0.0,0.0062605329536305375,0.02467818090289991,0.0,0.025180986792266272,0.0,0.010561785769857578,0.0,0.18048780487804877,0.1073170731707317,0.0,0.004878048780487805,0.7658536585365854,0.6097560975609756,0.0,0.0,0.004878048780487805,0.0,0.0,0.0,0.0,0.0,0.0,0.0,0.0,0.0,0.0,0.03414634146341464,0.0,0.05853658536585366,0.0,0.01951219512195122,0.15121951219512195,0.004878048780487805,0.0,0.09268292682926829,0.0,0.03414634146341464,0.0,0.0,0.975609756097561,0.0,0.36097560975609755,0.0,0.44390243902439025,0.4926829268292683,0.21951219512195122,0.0,0.3121951219512195,0.0,0.0,0.0,0.0,0.0,0.014634146341463415,0.0,0.00975609756097561,0.0,0.004878048780487805,0.014634146341463415,0.0,0.014634146341463415,0.0,0.004878048780487805,205
KUL31,Normal,T cells,NK cells,GSE144735,0.0,0.26096025681137136,0.11626941930327044,0.0,0.0,0.07813098546883267,0.07813098546883267,0.0,0.06304073092289657,0.05672967880756845,0.0,0.0,0.0,0.0,0.053068892298462685,0.0,0.0,0.0,0.0,0.0,0.17660156669860883,0.0,0.05252492963503722,0.0,0.09566757872781938,0.4185537988342529,0.0,0.0,0.1966288127532498,0.0,0.06560598948428319,0.0,0.0,2.541353631847635,0.06242727550166591,0.5728320132929059,0.0,0.2713115241835466,0.22416884131819206,0.6255263536007393,0.0,0.3268065998925607,0.0,0.0,0.0,0.0,0.0,0.0,0.0,0.0,0.0,0.0,0.0,0.0,0.0,0.0,0.0,0.0,0.16666666666666666,0.06666666666666667,0.0,0.0,0.03333333333333333,0.03333333333333333,0.0,0.03333333333333333,0.03333333333333333,0.0,0.0,0.0,0.0,0.03333333333333333,0.0,0.0,0.0,0.0,0.0,0.1,0.0,0.03333333333333333,0.0,0.06666666666666667,0.23333333333333334,0.0,0.0,0.1,0.0,0.03333333333333333,0.0,0.0,0.8666666666666667,0.03333333333333333,0.23333333333333334,0.0,0.1,0.06666666666666667,0.3,0.0,0.2,0.0,0.0,0.0,0.0,0.0,0.0,0.0,0.0,0.0,0.0,0.0,0.0,0.0,0.0,0.0,30
KUL31,Normal,T cells,Regulatory T cells,GSE144735,0.0,1.218094296776773,0.23504910966627263,0.0,0.0,0.0,0.0,0.0,0.0,0.0,0.0,0.0,0.0,0.0,0.0,0.0,0.0,0.0,0.0,0.0,0.10394873657577842,0.0,0.11149742971509648,0.0,0.0,0.08568656111786296,0.0,0.0,0.07046334967709814,0.0,0.0,0.0,0.0,3.2428819184838926,0.0,0.11149742971509648,0.0,0.0,0.0,0.4222589963862079,0.0,0.8237270764342947,0.0,0.0,0.0,0.0,0.0,0.0,0.0,0.0,0.0,0.0,0.14405264847131036,0.0,0.0,0.10324279441140191,0.0,0.0,0.6666666666666666,0.13333333333333333,0.0,0.0,0.0,0.0,0.0,0.0,0.0,0.0,0.0,0.0,0.0,0.0,0.0,0.0,0.0,0.0,0.0,0.06666666666666667,0.0,0.06666666666666667,0.0,0.0,0.06666666666666667,0.0,0.0,0.06666666666666667,0.0,0.0,0.0,0.0,1.0,0.0,0.06666666666666667,0.0,0.0,0.0,0.2,0.0,0.4,0.0,0.0,0.0,0.0,0.0,0.0,0.0,0.0,0.0,0.0,0.13333333333333333,0.0,0.0,0.06666666666666667,0.0,15
KUL31,Normal,T cells,T follicular helper cells,GSE144735,0.0,0.5963073098704491,0.0,0.0,0.0,0.0,0.0,0.0,0.0,0.0,0.0,0.0,0.0,0.0,0.0,0.0,0.0,0.0,0.0,0.0,0.0,0.0,0.0,0.0,0.0,0.1063432918882043,0.0,0.0,0.0,0.0,0.0,0.0,0.0,2.839672250795862,0.0,0.2558198450653678,0.0,0.0,0.0,0.0,0.0,0.5164961970456261,0.0,0.0,0.0,0.0,0.0,0.0,0.0,0.0,0.0,0.0,0.0,0.0,0.0,0.0,0.0,0.0,0.3333333333333333,0.0,0.0,0.0,0.0,0.0,0.0,0.0,0.0,0.0,0.0,0.0,0.0,0.0,0.0,0.0,0.0,0.0,0.0,0.0,0.0,0.0,0.0,0.0,0.1111111111111111,0.0,0.0,0.0,0.0,0.0,0.0,0.0,1.0,0.0,0.2222222222222222,0.0,0.0,0.0,0.0,0.0,0.3333333333333333,0.0,0.0,0.0,0.0,0.0,0.0,0.0,0.0,0.0,0.0,0.0,0.0,0.0,0.0,0.0,9
KUL31,Normal,T cells,T helper 17 cells,GSE144735,0.0,0.24578743198737757,0.14774609417763335,0.0,0.0,0.2777406536284899,0.1562203266051524,0.0,0.0,0.0,0.0,0.0,0.0,0.0,0.0,0.0,0.0,0.0,0.0,0.0,0.0,0.0,0.0,0.0,0.0,0.0,0.0,0.0,0.1815481354198642,0.0,0.0,0.0,0.0,2.8131840744987873,0.0,0.3104169140078862,0.0,0.0,0.3741288381095986,0.5607876392298536,0.0,0.7667660453811165,0.0,0.0,0.0,0.0,0.0,0.0,0.0,0.0,0.0,0.0,0.0,0.0,0.0,0.0,0.1815481354198642,0.0,0.1,0.1,0.0,0.0,0.1,0.1,0.0,0.0,0.0,0.0,0.0,0.0,0.0,0.0,0.0,0.0,0.0,0.0,0.0,0.0,0.0,0.0,0.0,0.0,0.0,0.0,0.0,0.1,0.0,0.0,0.0,0.0,1.0,0.0,0.2,0.0,0.0,0.1,0.3,0.0,0.5,0.0,0.0,0.0,0.0,0.0,0.0,0.0,0.0,0.0,0.0,0.0,0.0,0.0,0.0,0.1,10
KUL31,Normal,T cells,gamma delta T cells,GSE144735,0.0,0.411079453074213,0.12596459579354777,0.0,0.0,1.4917227609917278,1.0174223474886288,0.0,0.12072247776279146,0.0,0.0,0.0,0.0,0.0,0.0,0.0,0.0,0.0,0.0,0.0,0.0,0.0,0.0,0.0,0.0,0.48588076802733937,0.0,0.0,0.23832038118517854,0.0,0.11520122317781226,0.0,0.0,2.539041042576228,0.0,0.6938462793024995,0.0,0.24614407900885077,0.944579025112636,0.34458220859055655,0.0,0.12201308313745649,0.0,0.0,0.0,0.0,0.0,0.0,0.0,0.0,0.0,0.0,0.11520122317781226,0.0,0.0,0.0,0.0,0.0,0.23076923076923078,0.07692307692307693,0.0,0.0,0.6923076923076923,0.5384615384615384,0.0,0.07692307692307693,0.0,0.0,0.0,0.0,0.0,0.0,0.0,0.0,0.0,0.0,0.0,0.0,0.0,0.0,0.0,0.0,0.3076923076923077,0.0,0.0,0.15384615384615385,0.0,0.07692307692307693,0.0,0.0,1.0,0.0,0.38461538461538464,0.0,0.15384615384615385,0.5384615384615384,0.23076923076923078,0.0,0.07692307692307693,0.0,0.0,0.0,0.0,0.0,0.0,0.0,0.0,0.0,0.0,0.07692307692307693,0.0,0.0,0.0,0.0,13
KUL31,Tumor,B cells,CD19+CD20+ B,GSE144735,0.0,0.0,0.0,0.0,0.0,0.0,0.0,0.0,0.0,0.0,0.0,0.0,0.0,0.0,0.0,0.0,0.0,0.0,0.0,0.0,1.4970771941531225,0.0,0.0,0.0,0.0,0.0,0.0,0.0,0.0,0.0,0.0,0.0,0.0,3.082444438250268,0.0,0.0,0.0,0.0,0.0,0.0,0.0,0.0,0.0,0.0,0.0,0.0,0.0,0.0,0.0,0.0,0.0,0.0,0.0,0.0,0.0,0.0,0.0,0.0,0.0,0.0,0.0,0.0,0.0,0.0,0.0,0.0,0.0,0.0,0.0,0.0,0.0,0.0,0.0,0.0,0.0,0.0,0.0,1.0,0.0,0.0,0.0,0.0,0.0,0.0,0.0,0.0,0.0,0.0,0.0,0.0,1.0,0.0,0.0,0.0,0.0,0.0,0.0,0.0,0.0,0.0,0.0,0.0,0.0,0.0,0.0,0.0,0.0,0.0,0.0,0.0,0.0,0.0,0.0,0.0,1
KUL31,Tumor,B cells,IgA+ Plasma,GSE144735,0.0,0.0,0.0,0.0,0.0,0.0,0.0,0.0,0.3801817249105563,0.0,0.0,0.0,0.0,0.0,0.046822801300554134,0.0,0.0,0.0,0.0,0.0,0.0833352087351828,0.0,0.0,0.0,0.046822801300554134,0.13680370182320412,0.0,0.0,0.09243589112248891,0.6427526604241458,0.0,0.0,0.0,1.209045745364188,0.0,0.0,0.0,0.0,0.0,0.2494589903446208,0.0,0.0,0.0,0.0,0.0,0.0,0.0,0.0,0.0,0.0,0.0,0.04561308982193479,0.10102931406190467,0.0,0.0,0.0,0.0,0.0,0.0,0.0,0.0,0.0,0.0,0.0,0.0,0.16666666666666666,0.0,0.0,0.0,0.0,0.0,0.16666666666666666,0.0,0.0,0.0,0.0,0.0,0.16666666666666666,0.0,0.0,0.0,0.16666666666666666,0.3333333333333333,0.0,0.0,0.3333333333333333,0.6666666666666666,0.0,0.0,0.0,0.6666666666666666,0.0,0.0,0.0,0.0,0.0,0.3333333333333333,0.0,0.0,0.0,0.0,0.0,0.0,0.0,0.0,0.0,0.0,0.0,0.16666666666666666,0.3333333333333333,0.0,0.0,0.0,0.0,6
KUL31,Tumor,B cells,Unspecified Plasma,GSE144735,0.0,0.0,0.0,0.0,0.0,0.5995243727539455,0.0,0.0,0.0,0.0,0.0,0.0,0.0,0.0,0.0,0.0,0.0,0.0,0.0,0.0,0.0,0.0,0.0,0.0,0.5995243727539455,0.5995243727539455,0.0,0.0,0.0,0.5995243727539455,0.0,0.0,0.0,0.5187508200553186,0.0,0.0,0.0,0.0,0.0,0.5187508200553186,0.0,0.0,0.0,0.0,0.0,0.0,0.0,0.0,0.0,0.0,0.0,0.0,0.0,0.0,0.0,0.0,0.0,0.0,0.0,0.0,0.0,0.0,0.5,0.0,0.0,0.0,0.0,0.0,0.0,0.0,0.0,0.0,0.0,0.0,0.0,0.0,0.0,0.0,0.0,0.0,0.0,0.5,0.5,0.0,0.0,0.0,0.5,0.0,0.0,0.0,0.5,0.0,0.0,0.0,0.0,0.0,0.5,0.0,0.0,0.0,0.0,0.0,0.0,0.0,0.0,0.0,0.0,0.0,0.0,0.0,0.0,0.0,0.0,0.0,2
KUL31,Tumor,Epithelial cells,CMS2,GSE144735,0.013027422262955345,0.0977632937107826,0.0,0.0,0.0,0.0,0.0,0.0,0.010314097216167852,0.04397227215579157,0.0,0.0,0.0,0.0,0.42786450754292576,0.3461595168695779,0.0,0.0,0.013027422262955345,0.0,0.4641103290180153,0.0,0.5157674259158859,0.0,0.0,0.5934677129958834,0.0,0.0,0.4808320591454169,1.7364624849447832,0.5279657975794729,0.0,0.0,3.013148940358891,0.0,0.0,0.06011009015954727,0.0,0.09141759901057782,2.1086524192783505,0.024008010503781655,0.3449119145442587,0.0,0.0,0.02518058301123299,0.16455558915203228,0.013027422262955345,0.0,0.0,0.0,0.0,0.14806265624517329,0.5370462564251711,0.0,0.026144504226457064,0.0,0.01697084400922356,0.03571428571428571,0.17857142857142858,0.0,0.0,0.0,0.0,0.0,0.0,0.03571428571428571,0.03571428571428571,0.0,0.0,0.0,0.0,0.32142857142857145,0.25,0.0,0.0,0.03571428571428571,0.0,0.42857142857142855,0.0,0.4642857142857143,0.0,0.0,0.5,0.0,0.0,0.5357142857142857,0.8214285714285714,0.6071428571428571,0.0,0.0,0.9285714285714286,0.0,0.0,0.03571428571428571,0.0,0.07142857142857142,0.8571428571428571,0.03571428571428571,0.32142857142857145,0.0,0.0,0.03571428571428571,0.25,0.03571428571428571,0.0,0.0,0.0,0.0,0.25,0.39285714285714285,0.0,0.03571428571428571,0.0,0.03571428571428571,28
KUL31,Tumor,Epithelial cells,CMS3,GSE144735,0.0,0.2350576993853671,0.0,0.0,0.0,0.0,0.0,0.0,0.0323414630592908,0.04936882163799196,0.0,0.0,0.0,0.0,0.6219328334372742,0.20042214585379417,0.0,0.0,0.0,0.0,1.1609949519909555,0.0361604726150226,0.8522926857203802,0.0,0.0,0.8989885852891875,0.0,0.0,0.8628647302563504,1.9043094868019894,0.39834208178002484,0.0361604726150226,0.1268335647079714,2.878436377895571,0.02857882826348329,0.0,0.0,0.0,0.0,2.717954406468389,0.04314981565250198,0.07172864391598527,0.0,0.0,0.02748839125471943,0.5083177734644209,0.27428252883547766,0.0,0.0,0.0,0.0,0.1517929937003605,0.5250700849885399,0.0,0.0,0.0,0.0,0.0,0.38461538461538464,0.0,0.0,0.0,0.0,0.0,0.0,0.07692307692307693,0.07692307692307693,0.0,0.0,0.0,0.0,0.38461538461538464,0.23076923076923078,0.0,0.0,0.0,0.0,0.8461538461538461,0.07692307692307693,0.7692307692307693,0.0,0.0,0.6923076923076923,0.0,0.0,0.5384615384615384,0.7692307692307693,0.5384615384615384,0.07692307692307693,0.07692307692307693,0.9230769230769231,0.07692307692307693,0.0,0.0,0.0,0.0,0.9230769230769231,0.07692307692307693,0.15384615384615385,0.0,0.0,0.07692307692307693,0.5384615384615384,0.23076923076923078,0.0,0.0,0.0,0.0,0.15384615384615385,0.5384615384615384,0.0,0.0,0.0,0.0,13
KUL31,Tumor,Mast cells,Mast cells,GSE144735,0.0,0.0,0.0,0.0,0.0,0.0,0.0,0.0,0.0,0.0,0.0,0.0,0.0,0.0,0.0,0.0,0.0,0.0,0.0,0.0,0.6989981001060624,0.0,0.0,0.0,0.0,1.8014920694612264,0.0,0.0,0.0,0.0,0.6989981001060624,0.0,0.0,4.138615075633795,0.0,0.0,0.0,0.0,0.0,1.8014920694612264,0.0,1.618783021932137,0.0,0.0,0.0,0.6989981001060624,0.0,0.0,0.0,0.0,0.0,0.0,0.0,0.0,0.0,0.0,0.0,0.0,0.0,0.0,0.0,0.0,0.0,0.0,0.0,0.0,0.0,0.0,0.0,0.0,0.0,0.0,0.0,0.0,0.0,0.0,0.0,1.0,0.0,0.0,0.0,0.0,1.0,0.0,0.0,0.0,0.0,1.0,0.0,0.0,1.0,0.0,0.0,0.0,0.0,0.0,1.0,0.0,1.0,0.0,0.0,0.0,1.0,0.0,0.0,0.0,0.0,0.0,0.0,0.0,0.0,0.0,0.0,0.0,1
KUL31,Tumor,Myeloids,Anti-inflammatory,GSE144735,0.0,0.0,0.0,0.0,0.0,0.0,0.0,0.0,0.0,0.0,0.0,0.0,0.0,0.0,1.1432606960456382,0.0,0.0,0.0,0.0,0.0,0.7268189804466929,0.0,0.7268189804466929,0.0,0.0,0.0,0.0,0.0,1.4363862181821176,0.7268189804466929,0.0,0.0,0.0,3.1543712099122283,0.7268189804466929,0.0,1.1432606960456382,0.0,0.0,1.1432606960456382,0.0,0.0,0.0,0.0,0.0,2.7700143568029403,0.0,0.0,0.0,0.0,0.0,0.0,0.0,0.0,0.0,0.0,0.0,0.0,0.0,0.0,0.0,0.0,0.0,0.0,0.0,0.0,0.0,0.0,0.0,0.0,0.0,1.0,0.0,0.0,0.0,0.0,0.0,1.0,0.0,1.0,0.0,0.0,0.0,0.0,0.0,1.0,1.0,0.0,0.0,0.0,1.0,1.0,0.0,1.0,0.0,0.0,1.0,0.0,0.0,0.0,0.0,0.0,1.0,0.0,0.0,0.0,0.0,0.0,0.0,0.0,0.0,0.0,0.0,0.0,1
KUL31,Tumor,Myeloids,Pro-inflammatory,GSE144735,0.0,0.0,0.0,0.0,0.0,0.0,0.0,0.0,0.0,0.0,0.0,0.0,0.0,0.0,0.0,0.0,0.0,0.0,0.0,0.0,0.0,0.0,0.0,0.0,0.0,1.8801559467175615,0.0,0.0,1.0478483207655744,0.0,0.0,0.0,0.0,3.5359369252497124,0.0,0.0,0.0,0.0,0.0,1.5482044217174957,0.0,0.0,0.0,0.0,0.0,2.636236415914678,0.0,0.0,0.0,0.0,0.0,0.0,0.0,0.0,0.0,0.0,0.0,0.0,0.0,0.0,0.0,0.0,0.0,0.0,0.0,0.0,0.0,0.0,0.0,0.0,0.0,0.0,0.0,0.0,0.0,0.0,0.0,0.0,0.0,0.0,0.0,0.0,1.0,0.0,0.0,1.0,0.0,0.0,0.0,0.0,1.0,0.0,0.0,0.0,0.0,0.0,1.0,0.0,0.0,0.0,0.0,0.0,1.0,0.0,0.0,0.0,0.0,0.0,0.0,0.0,0.0,0.0,0.0,0.0,1
KUL31,Tumor,Myeloids,Proliferating,GSE144735,0.0,1.0428715362774192,0.0,0.0,0.0,0.23469472381170742,0.0,0.0,0.0,0.0,0.0,0.0,0.0,0.0,0.0,0.0,0.0,0.0,0.0,0.0,0.23469472381170742,0.0,0.3937819402639915,0.0,0.0,0.23469472381170742,0.0,0.0,0.7623870525134487,0.23469472381170742,0.23469472381170742,0.0,0.0,3.6970841325675576,0.0,0.0,0.0,0.0,0.0,1.6718120920567612,0.0,2.3232086722415675,0.0,0.0,0.0,2.3841713025122644,0.0,0.0,0.0,0.0,0.0,0.0,0.0,0.0,0.0,0.0,0.7868840731310838,0.0,1.0,0.0,0.0,0.0,0.5,0.0,0.0,0.0,0.0,0.0,0.0,0.0,0.0,0.0,0.0,0.0,0.0,0.0,0.0,0.5,0.0,0.5,0.0,0.0,0.5,0.0,0.0,0.5,0.5,0.5,0.0,0.0,1.0,0.0,0.0,0.0,0.0,0.0,1.0,0.0,1.0,0.0,0.0,0.0,1.0,0.0,0.0,0.0,0.0,0.0,0.0,0.0,0.0,0.0,0.0,1.0,2
KUL31,Tumor,Myeloids,SPP1+B,GSE144735,0.0,0.0,1.4976159013115593,0.0,0.0,0.0,0.0,0.0,0.0,0.0,0.0,0.0,0.0,0.0,0.0,0.0,0.0,0.0,0.0,0.0,1.4976159013115593,0.0,0.0,0.0,0.0,1.4976159013115593,0.0,0.0,1.4976159013115593,0.0,0.0,0.0,0.0,3.6681967103682,0.0,0.0,0.0,0.0,0.0,2.9099066500035344,0.0,1.4976159013115593,0.0,0.0,0.0,2.7002913812837495,0.0,0.0,0.0,0.0,0.0,0.0,0.0,0.0,0.0,0.0,0.0,0.0,0.0,1.0,0.0,0.0,0.0,0.0,0.0,0.0,0.0,0.0,0.0,0.0,0.0,0.0,0.0,0.0,0.0,0.0,0.0,1.0,0.0,0.0,0.0,0.0,1.0,0.0,0.0,1.0,0.0,0.0,0.0,0.0,1.0,0.0,0.0,0.0,0.0,0.0,1.0,0.0,1.0,0.0,0.0,0.0,1.0,0.0,0.0,0.0,0.0,0.0,0.0,0.0,0.0,0.0,0.0,0.0,1
KUL31,Tumor,Stromal cells,Tip-like ECs,GSE144735,0.0,0.0,0.0,0.0,1.0130269510764711,0.0,0.0,0.6296546204432047,0.0,0.6296546204432047,0.0,0.0,0.0,0.0,0.0,0.0,0.0,0.0,0.0,0.0,0.0,0.0,0.0,0.0,0.0,1.683582215219121,0.0,0.0,0.0,0.0,0.0,0.0,0.0,2.185226197843027,0.0,0.0,0.0,0.0,0.0,1.2894768632987912,0.0,1.8344634065943588,0.0,0.0,0.0,0.6296546204432047,0.6296546204432047,0.0,0.0,0.0,0.0,0.0,0.0,0.0,0.0,0.0,0.0,0.0,0.0,0.0,0.0,1.0,0.0,0.0,1.0,0.0,1.0,0.0,0.0,0.0,0.0,0.0,0.0,0.0,0.0,0.0,0.0,0.0,0.0,0.0,0.0,0.0,1.0,0.0,0.0,0.0,0.0,0.0,0.0,0.0,1.0,0.0,0.0,0.0,0.0,0.0,1.0,0.0,1.0,0.0,0.0,0.0,1.0,1.0,0.0,0.0,0.0,0.0,0.0,0.0,0.0,0.0,0.0,0.0,1
KUL31,Tumor,T cells,CD4+ T cells,GSE144735,0.0,0.0,0.0,0.0,0.0,0.0,0.0,0.0,0.0,0.0,0.0,0.0,0.0,0.0,0.0,0.0,0.0,0.0,0.0,0.0,0.0,0.0,0.0,0.0,0.0,0.0,0.0,0.0,0.0,0.0,1.981540453647922,0.0,0.0,3.4073420389850195,0.0,0.0,0.0,0.0,0.0,1.1264337350004703,0.0,1.1264337350004703,0.0,0.0,0.0,0.0,0.0,0.0,0.0,0.0,0.0,0.0,0.0,0.0,0.0,0.0,0.0,0.0,0.0,0.0,0.0,0.0,0.0,0.0,0.0,0.0,0.0,0.0,0.0,0.0,0.0,0.0,0.0,0.0,0.0,0.0,0.0,0.0,0.0,0.0,0.0,0.0,0.0,0.0,0.0,0.0,0.0,1.0,0.0,0.0,1.0,0.0,0.0,0.0,0.0,0.0,1.0,0.0,1.0,0.0,0.0,0.0,0.0,0.0,0.0,0.0,0.0,0.0,0.0,0.0,0.0,0.0,0.0,0.0,1
KUL31,Tumor,T cells,CD8+ T cells,GSE144735,0.0,0.7940132575628026,1.4555335562786436,0.0,0.0,2.5133575821158605,1.4039877057331767,0.0,0.0,0.0,0.0,0.0,0.0,0.0,0.0,0.0,0.0,0.0,0.0,0.0,0.0,0.0,0.0,0.0,0.0,0.0,0.0,0.0,0.0,0.661520298715841,0.9366422214610285,0.0,0.0,0.9366422214610285,0.0,0.7940132575628026,0.0,1.1130929387377093,2.1997957326736994,1.4555335562786436,0.0,0.661520298715841,0.0,0.0,0.0,0.0,0.0,0.0,0.0,0.0,0.0,0.0,0.0,0.0,0.0,0.0,0.0,0.0,0.5,1.0,0.0,0.0,1.0,0.5,0.0,0.0,0.0,0.0,0.0,0.0,0.0,0.0,0.0,0.0,0.0,0.0,0.0,0.0,0.0,0.0,0.0,0.0,0.0,0.0,0.0,0.0,0.5,0.5,0.0,0.0,0.5,0.0,0.5,0.0,0.5,1.0,1.0,0.0,0.5,0.0,0.0,0.0,0.0,0.0,0.0,0.0,0.0,0.0,0.0,0.0,0.0,0.0,0.0,0.0,2
KUL31,Tumor,T cells,NK cells,GSE144735,0.0,0.0,0.0,0.0,0.0,1.5090355361181125,0.0,0.0,0.0,0.0,0.0,0.0,0.0,0.0,0.0,0.0,0.0,0.0,0.0,0.0,0.0,0.0,0.0,0.0,0.0,0.0,0.0,0.0,1.5090355361181125,0.0,2.4481649559598475,0.0,0.0,2.713997025145868,0.0,4.108908647858406,0.0,1.5090355361181125,3.3734470875006273,0.0,0.0,0.0,0.0,0.0,0.0,0.0,0.0,0.0,0.0,0.0,0.0,0.0,0.0,0.0,0.0,0.0,0.0,0.0,0.0,0.0,0.0,0.0,1.0,0.0,0.0,0.0,0.0,0.0,0.0,0.0,0.0,0.0,0.0,0.0,0.0,0.0,0.0,0.0,0.0,0.0,0.0,0.0,0.0,0.0,0.0,1.0,0.0,1.0,0.0,0.0,1.0,0.0,1.0,0.0,1.0,1.0,0.0,0.0,0.0,0.0,0.0,0.0,0.0,0.0,0.0,0.0,0.0,0.0,0.0,0.0,0.0,0.0,0.0,0.0,1
KUL31,Tumor,T cells,Regulatory T cells,GSE144735,0.0,0.0,0.0,0.0,0.0,0.0,0.0,0.0,0.0,0.0,0.0,0.0,0.0,0.0,0.0,0.0,0.0,0.0,0.0,0.0,0.0,0.0,0.0,0.0,0.0,0.0,0.0,0.0,0.0,0.0,0.0,0.0,0.0,2.676969591532915,0.0,0.0,0.0,0.0,0.0,0.0,0.0,2.0503320291492884,0.0,0.0,0.0,0.0,0.0,0.0,0.0,0.0,0.0,0.0,0.0,0.0,0.0,0.0,0.0,0.0,0.0,0.0,0.0,0.0,0.0,0.0,0.0,0.0,0.0,0.0,0.0,0.0,0.0,0.0,0.0,0.0,0.0,0.0,0.0,0.0,0.0,0.0,0.0,0.0,0.0,0.0,0.0,0.0,0.0,0.0,0.0,0.0,1.0,0.0,0.0,0.0,0.0,0.0,0.0,0.0,1.0,0.0,0.0,0.0,0.0,0.0,0.0,0.0,0.0,0.0,0.0,0.0,0.0,0.0,0.0,0.0,1
KUL31,Tumor,T cells,T helper 17 cells,GSE144735,0.0,0.32442477542130593,0.11684532663703005,0.0,0.0,0.191568757096698,0.11885770690738487,0.0,0.0,0.0,0.0,0.0,0.0,0.0,0.0,0.10611029095260066,0.0,0.0,0.0,0.0,0.10499467302748443,0.0,0.37861664707769693,0.0,0.11283462306090393,0.25041264215806297,0.0,0.0,0.2228969295525549,0.3009405220066114,0.7556834093174304,0.0,0.0,2.9102653199780693,0.0,0.22731773137053193,0.0,0.0,0.683825809022291,0.9651974357340443,0.0,0.8597759602157606,0.0,0.0,0.0,0.0,0.0,0.0,0.0,0.0,0.0,0.0,0.0,0.0,0.0,0.0,0.0,0.0,0.15384615384615385,0.07692307692307693,0.0,0.0,0.07692307692307693,0.07692307692307693,0.0,0.0,0.0,0.0,0.0,0.0,0.0,0.0,0.07692307692307693,0.0,0.0,0.0,0.0,0.07692307692307693,0.0,0.23076923076923078,0.0,0.07692307692307693,0.15384615384615385,0.0,0.0,0.07692307692307693,0.23076923076923078,0.5384615384615384,0.0,0.0,1.0,0.0,0.15384615384615385,0.0,0.0,0.23076923076923078,0.6153846153846154,0.0,0.5384615384615384,0.0,0.0,0.0,0.0,0.0,0.0,0.0,0.0,0.0,0.0,0.0,0.0,0.0,0.0,0.0,13
