iteration,TIMP1_match,IFITM1_match,CHI3L1_match,median_paired_delta,n_positive_patients
1,EID1,SLC25A5,IGKV2D-28,-0.0010163793340325356,22
2,CHCHD2,JTB,REP15,0.01215408369898796,26
3,GABARAP,IL32,KRT7,0.05208615958690643,30
4,GPX4,FABP1,ZNF671,-0.00225944840349257,22
5,GABARAP,APRT,SAMD10,0.02588849700987339,28
6,CHCHD2,SFRP4,AURKB,0.008659210987389088,24
7,TMBIM6,TUFM,SIK1,0.00768230389803648,24
8,GPX4,IL11RA,SIK1,-0.005463383160531521,20
9,TMBIM6,PLP2,KLRF1,0.002167187165468931,23
10,BTF3,IL32,REP15,0.06126287579536438,31
11,COX6A1,JTB,AGAP2,0.009761788882315159,24
12,GPX4,IL32,UBASH3A,0.05565314739942551,32
13,CHCHD2,FABP1,AURKB,-0.0014956649392843246,22
14,TXNIP,CYCS,AURKB,-0.10064031183719635,9
15,DNAJA1,APRT,UBASH3A,0.03381578251719475,28
16,GSTP1,IL32,REP15,0.04115554317831993,33
17,GABARAP,COL15A1,ZNF671,-0.0035898624919354916,21
18,BTG2,PLP2,MRC1,-0.041608959436416626,12
19,BTG2,IL32,REP15,-0.011556113138794899,20
20,BTG2,JTB,SIK1,-0.02331133745610714,18
21,BTG2,PIGR,SAMD10,-0.05275467038154602,12
22,EID1,COL15A1,ZNF671,-0.04194498062133789,14
23,COX6A1,SLC25A5,IGKV2D-28,0.0005978600820526481,22
24,CHCHD2,APRT,MRC1,0.01617225632071495,27
25,EID1,PLP2,MRC1,-0.009976291097700596,21
26,IFITM2,CYCS,KRT7,0.019848838448524475,28
27,IFITM2,JTB,IL18RAP,0.008280015550553799,25
28,DNAJA1,PLP2,AGAP2,0.00862923264503479,27
29,BTF3,TUFM,ZNF671,0.017610106617212296,25
30,GSTP1,JTB,KRT7,0.01532257441431284,27
31,IFITM2,JTB,ZNF671,0.00544392317533493,24
32,CHCHD2,SFRP4,SIK1,0.007681675720959902,23
33,PPP1R15A,SFRP4,AURKB,0.015627412125468254,25
34,GSTP1,HSPD1,AGAP2,0.030514921993017197,29
35,COX6A1,PLP2,KLRF1,-0.00754666980355978,19
36,BTF3,PIGR,IGKV2D-28,4.695415555033833e-06,22
37,DNAJA1,CYCS,KRT7,0.030008841305971146,27
38,TXNIP,APRT,KRT7,-0.09017320722341537,8
39,TMBIM6,SLC25A5,LINC00954,0.011805107817053795,25
40,EID1,SFRP4,ZNF671,0.014938700944185257,25
41,GSTP1,PLP2,IGKV2D-28,-0.0011818479979410768,21
42,LGALS3,PLP2,AURKB,-0.019473079591989517,21
43,EID1,JTB,IL18RAP,0.0006933931144885719,22
44,IFITM2,JTB,AGAP2,0.008183151483535767,25
45,TXNIP,IL32,AURKB,-0.09647387266159058,12
46,TXNIP,IL11RA,ZNF671,-0.13384637236595154,6
47,TMBIM6,SFRP4,IL18RAP,0.01565612480044365,25
48,BTG2,PLP2,AURKB,-0.04057843238115311,12
49,LGALS3,TUFM,SAMD10,-0.012273889034986496,20
50,PPP1R15A,CDK2AP2,MRC1,-0.008467063307762146,20
51,COX6A1,CYCS,REP15,0.012814586982131004,28
52,EID1,PIGR,REP15,-0.006564811337739229,20
53,COX6A1,ID2,SAMD10,-0.0011557545512914658,22
54,PPP1R15A,PIGR,SIK1,-0.024743419140577316,20
55,COX6A1,APRT,LINC00954,0.022826196625828743,24
56,GPX4,PLP2,AURKB,0.014144910499453545,25
57,IFITM2,IL11RA,AURKB,-0.00014519284013658762,22
58,LGALS3,PIGR,ZNF671,-0.02743542566895485,18
59,IFITM2,HSPD1,MRC1,0.025645963847637177,28
60,LGALS3,COL15A1,IL18RAP,-0.02193487249314785,17
61,GABARAP,CYCS,ZNF671,0.01866219751536846,30
62,GPX4,ID2,SIK1,0.02012268826365471,26
63,GPX4,PLP2,ZNF671,0.013913760893046856,25
64,GABARAP,FABP1,AURKB,0.0017256613355129957,25
65,GABARAP,SLC25A5,REP15,0.02447567507624626,25
66,CHCHD2,ID2,UBASH3A,0.002414428861811757,23
67,CHCHD2,SFRP4,ZNF671,0.0075927115976810455,23
68,CHCHD2,TUFM,REP15,0.010563882999122143,26
69,PPP1R15A,PIGR,AURKB,-0.024858258664608,20
70,CHCHD2,HSPD1,ZNF671,0.0070608826354146,24
71,TMBIM6,PIGR,IGKV2D-28,0.00012295355554670095,22
72,GABARAP,CYCS,ZNF671,0.01866219751536846,30
73,GSTP1,CDK2AP2,REP15,0.029976915568113327,26
74,BTF3,CYCS,UBASH3A,0.016493787989020348,27
75,COX6A1,JTB,KLRF1,0.010795403271913528,24
76,DNAJA1,SFRP4,IL18RAP,0.041840147227048874,28
77,TXNIP,ID2,SAMD10,-0.1168915182352066,10
78,TMBIM6,APRT,REP15,0.025223761796951294,28
79,DNAJA1,ID2,IGKV2D-28,0.031216375529766083,26
80,BTG2,CYCS,KLRF1,-0.02298898622393608,16
81,PPP1R15A,JTB,MRC1,-0.008569445461034775,20
82,TXNIP,IL32,H4C11,-0.09820924699306488,12
83,GSTP1,ID2,IL18RAP,0.034041643142700195,29
84,GABARAP,CDK2AP2,AGAP2,0.009308228269219398,29
85,GSTP1,ID2,LINC00954,0.031659871339797974,28
86,HNRNPK,COL15A1,CDK5R1,-0.013109621591866016,20
87,DNAJA1,ID2,AGAP2,0.028144558891654015,26
88,DNAJA1,TUFM,H4C11,0.03476434201002121,27
89,TXNIP,COL15A1,AURKB,-0.13870319724082947,6
90,BTF3,IL32,SIK1,0.05938373878598213,32
91,TXNIP,HSPD1,IGKV2D-28,-0.09643856436014175,11
92,DNAJA1,APRT,UBASH3A,0.03381578251719475,28
93,COX6A1,HSPD1,IGKV2D-28,0.019689660519361496,28
94,HNRNPK,SFRP4,AGAP2,0.004588381852954626,22
95,DNAJA1,IL11RA,AGAP2,0.014597561210393906,26
96,HNRNPK,FABP1,ZNF671,-0.030845612287521362,17
97,COX6A1,IL11RA,SIK1,-0.017787091434001923,19
98,EID1,SLC25A5,MRC1,-0.00855371542274952,21
99,HNRNPK,SLC25A5,ZNF671,-0.008547102101147175,19
100,GPX4,CDK2AP2,CDK5R1,0.03012816794216633,29
101,BTG2,HSPD1,LINC00954,-0.024793142452836037,17
102,GPX4,TUFM,REP15,0.013222575187683105,27
103,TXNIP,APRT,KRT7,-0.09017320722341537,8
104,BTG2,CYCS,LINC00954,-0.023407626897096634,17
105,GPX4,TUFM,SAMD10,0.014505678787827492,27
106,IFITM2,PLP2,MRC1,0.017064597457647324,25
107,BTF3,CYCS,CDK5R1,0.017853159457445145,28
108,COX6A1,HSPD1,ZNF671,0.020665276795625687,27
109,GPX4,TUFM,LINC00954,0.014611221849918365,27
110,GABARAP,PLP2,ZNF671,-0.0012767813168466091,22
111,IFITM2,JTB,IGKV2D-28,0.01309925876557827,25
112,GSTP1,SFRP4,AGAP2,0.020565733313560486,29
113,COX6A1,SLC25A5,CDK5R1,0.0008954758523032069,22
114,GABARAP,IL32,REP15,0.051202625036239624,30
115,GABARAP,JTB,CDK5R1,0.0222262404859066,31
116,GSTP1,APRT,REP15,0.025592636317014694,28
117,TXNIP,ID2,LINC00954,-0.11626330018043518,11
118,GPX4,TUFM,UBASH3A,0.014499465003609657,28
119,PPP1R15A,ID2,REP15,-0.009389521554112434,22
120,BTG2,SFRP4,SAMD10,-0.024811211973428726,20
121,CHCHD2,SFRP4,LINC00954,0.00831998884677887,23
122,TXNIP,IL11RA,ZNF671,-0.13384637236595154,6
123,GABARAP,TUFM,SAMD10,0.013757063075900078,31
124,TXNIP,HSPD1,CDK5R1,-0.10062798857688904,11
125,GSTP1,PLP2,IL18RAP,-0.00047368681407533586,22
126,BTG2,ID2,AURKB,-0.03229854255914688,15
127,TXNIP,IL11RA,AGAP2,-0.13407881557941437,6
128,GPX4,IL32,REP15,0.055697206407785416,32
129,BTF3,SLC25A5,IL18RAP,0.01740586943924427,27
130,LGALS3,TUFM,SIK1,-0.005171464290469885,20
131,TXNIP,APRT,LINC00954,-0.07982061058282852,8
132,LGALS3,ID2,IL18RAP,-0.019384831190109253,21
133,BTF3,SLC25A5,ZNF671,0.01313740573823452,26
134,GABARAP,JTB,ZNF671,0.020736780017614365,30
135,HNRNPK,SFRP4,LINC00954,0.014216307550668716,23
136,PPP1R15A,FABP1,CDK5R1,-0.024538759142160416,14
137,DNAJA1,SFRP4,UBASH3A,0.03564509376883507,27
138,BTF3,IL11RA,ZNF671,0.00809512659907341,23
139,EID1,PIGR,LINC00954,-0.006838787347078323,21
140,BTG2,PIGR,IL18RAP,-0.05189096927642822,13
141,BTG2,CYCS,MRC1,-0.023075012490153313,15
142,GPX4,PIGR,MRC1,0.010608435608446598,24
143,BTG2,IL11RA,SIK1,-0.04919184744358063,11
144,TXNIP,APRT,MRC1,-0.09307494759559631,8
145,IFITM2,SFRP4,MRC1,0.02780594304203987,28
146,BTF3,SFRP4,ZNF671,0.009122374467551708,24
147,BTF3,JTB,REP15,0.00046275515342131257,22
148,COX6A1,PIGR,CDK5R1,-0.011959124356508255,21
149,BTF3,SLC25A5,LINC00954,0.014823236502707005,27
150,EID1,PIGR,SAMD10,-0.007484983652830124,21
151,CHCHD2,TUFM,SIK1,0.012417986989021301,27
152,BTF3,COL15A1,AURKB,-0.017958112061023712,17
153,TXNIP,ID2,AURKB,-0.11684657633304596,11
154,LGALS3,COL15A1,IL18RAP,-0.02193487249314785,17
155,HNRNPK,SLC25A5,ZNF671,-0.008547102101147175,19
156,BTG2,CYCS,IGKV2D-28,-0.02339688315987587,16
157,BTF3,IL11RA,UBASH3A,0.008213281631469727,23
158,LGALS3,ID2,LINC00954,-0.011293323710560799,21
159,HNRNPK,HSPD1,ZNF671,0.005993710830807686,24
160,TMBIM6,ID2,LINC00954,0.013559015467762947,26
161,GPX4,IL11RA,KLRF1,-0.007802152074873447,20
162,LGALS3,PIGR,SAMD10,-0.02125205658376217,19
163,TXNIP,IL11RA,KLRF1,-0.13478055596351624,6
164,DNAJA1,SFRP4,SAMD10,0.03493030369281769,27
165,TXNIP,CYCS,ZNF671,-0.10466405749320984,9
166,TXNIP,COL15A1,MRC1,-0.13852933049201965,6
167,GPX4,COL15A1,CDK5R1,-0.002012688899412751,22
168,GPX4,PLP2,UBASH3A,0.012909144163131714,25
169,PPP1R15A,APRT,CDK5R1,0.002097608055919409,24
170,BTG2,APRT,REP15,-0.021677134558558464,19
171,HNRNPK,APRT,REP15,-0.0020035631023347378,22
172,EID1,IL11RA,IL18RAP,-0.025637656450271606,16
173,HNRNPK,CDK2AP2,AGAP2,-0.005906215403228998,21
174,HNRNPK,IL11RA,CDK5R1,-0.03649205341935158,15
175,PPP1R15A,CYCS,AGAP2,-0.003735874779522419,20
176,EID1,SFRP4,KLRF1,0.014382954686880112,26
177,BTF3,COL15A1,LINC00954,-0.01864372193813324,17
178,HNRNPK,HSPD1,MRC1,0.004043078515678644,24
179,TMBIM6,SLC25A5,ZNF671,0.014033244922757149,26
180,PPP1R15A,CDK2AP2,LINC00954,-0.010435368865728378,20
181,BTF3,IL32,AURKB,0.05582229793071747,32
182,GSTP1,IL11RA,H4C11,0.002488014753907919,22
183,HNRNPK,SLC25A5,KRT7,-0.010224180296063423,19
184,CHCHD2,PIGR,SAMD10,0.00018664737581275403,22
185,BTF3,SFRP4,CDK5R1,0.014568769372999668,24
186,HNRNPK,JTB,CDK5R1,-0.005742610432207584,20
187,GSTP1,SLC25A5,ZNF671,0.03391779959201813,26
188,CHCHD2,HSPD1,KLRF1,0.006914195604622364,24
189,TMBIM6,IL11RA,UBASH3A,-0.012900641188025475,17
190,GABARAP,FABP1,MRC1,0.0008028969168663025,23
191,COX6A1,PLP2,SAMD10,-0.01097417064011097,19
192,BTF3,IL32,MRC1,0.05671576410531998,32
193,GSTP1,SFRP4,AURKB,0.02079889550805092,28
194,TXNIP,PIGR,SIK1,-0.12410111725330353,8
195,COX6A1,PLP2,ZNF671,-0.009136928245425224,20
196,GSTP1,IL11RA,IGKV2D-28,-0.0005819787620566785,22
197,EID1,TUFM,KRT7,-0.0009439244167879224,22
198,BTG2,CYCS,LINC00954,-0.023407626897096634,17
199,IFITM2,TUFM,AGAP2,0.009775947779417038,25
200,GPX4,HSPD1,AURKB,0.037647150456905365,28
201,PPP1R15A,IL11RA,IGKV2D-28,-0.023274343460798264,16
202,LGALS3,TUFM,ZNF671,-0.004552420228719711,20
203,TXNIP,PIGR,H4C11,-0.12168608605861664,7
204,PPP1R15A,IL11RA,UBASH3A,-0.022355323657393456,16
205,TXNIP,COL15A1,H4C11,-0.13540130853652954,6
206,DNAJA1,TUFM,KLRF1,0.03285885602235794,27
207,BTG2,SFRP4,SIK1,-0.019576426595449448,20
208,HNRNPK,PIGR,CDK5R1,-0.013376131653785706,21
209,TMBIM6,IL11RA,AURKB,-0.013440418988466263,17
210,EID1,TUFM,CDK5R1,4.498070848057978e-05,22
211,TMBIM6,JTB,H4C11,0.01101125217974186,26
212,GABARAP,PLP2,UBASH3A,-0.0009867418557405472,22
213,CHCHD2,CYCS,ZNF671,0.015573550947010517,28
214,HNRNPK,PLP2,ZNF671,-0.017843738198280334,19
215,GPX4,CDK2AP2,MRC1,0.030257631093263626,29
216,GABARAP,CDK2AP2,IGKV2D-28,0.009982069954276085,30
217,HNRNPK,FABP1,H4C11,-0.024158727377653122,17
218,GABARAP,IL32,UBASH3A,0.05091648921370506,30
219,EID1,IL11RA,IL18RAP,-0.025637656450271606,16
220,LGALS3,FABP1,SAMD10,-0.054186202585697174,16
221,LGALS3,CDK2AP2,H4C11,0.018428537994623184,25
222,CHCHD2,JTB,UBASH3A,0.016766691580414772,25
223,PPP1R15A,ID2,IGKV2D-28,-0.012556616216897964,22
224,EID1,TUFM,IGKV2D-28,0.00032901353552006185,23
225,CHCHD2,APRT,ZNF671,0.017406878992915154,28
226,DNAJA1,IL11RA,H4C11,0.019426602870225906,26
227,IFITM2,CYCS,SIK1,0.019975146278738976,28
228,BTG2,FABP1,UBASH3A,-0.06147994473576546,11
229,EID1,TUFM,IL18RAP,0.00014436442870646715,22
230,CHCHD2,ID2,IL18RAP,0.0038134842179715633,24
231,IFITM2,ID2,MRC1,0.008129040710628033,23
232,IFITM2,APRT,KLRF1,0.02378380298614502,28
233,COX6A1,PLP2,MRC1,-0.00785555224865675,19
234,TXNIP,SLC25A5,KLRF1,-0.08942084014415741,9
235,LGALS3,JTB,LINC00954,0.004695778712630272,24
236,COX6A1,TUFM,SAMD10,0.01227196678519249,24
237,CHCHD2,JTB,UBASH3A,0.016766691580414772,25
238,DNAJA1,CYCS,AURKB,0.03111940249800682,27
239,BTF3,TUFM,IL18RAP,0.018375661224126816,24
240,IFITM2,IL32,LINC00954,0.03133838623762131,29
241,TMBIM6,IL11RA,KRT7,-0.01460399478673935,18
242,PPP1R15A,FABP1,LINC00954,-0.023877663537859917,16
243,COX6A1,HSPD1,AGAP2,0.019887249916791916,28
244,BTF3,TUFM,UBASH3A,0.017810406163334846,25
245,BTG2,PIGR,KLRF1,-0.052762605249881744,13
246,LGALS3,PIGR,H4C11,-0.016947126016020775,20
247,TMBIM6,HSPD1,MRC1,0.009459903463721275,26
248,BTG2,PLP2,IGKV2D-28,-0.04041605442762375,12
249,BTG2,FABP1,KLRF1,-0.06464560329914093,11
250,PPP1R15A,IL11RA,KRT7,-0.023519940674304962,16
251,TMBIM6,APRT,AGAP2,0.021179163828492165,27
252,GPX4,SLC25A5,IL18RAP,0.03498228266835213,27
253,GSTP1,COL15A1,SAMD10,-0.010016401298344135,21
254,BTF3,CYCS,SAMD10,0.01557730883359909,27
255,HNRNPK,SFRP4,AURKB,0.003583825659006834,22
256,IFITM2,CDK2AP2,REP15,0.012512246146798134,23
257,COX6A1,IL32,KRT7,0.020600484684109688,28
258,GPX4,PLP2,H4C11,0.011120602488517761,25
259,TXNIP,IL32,UBASH3A,-0.09066478163003922,12
260,TMBIM6,APRT,ZNF671,0.02228245697915554,27
261,CHCHD2,SFRP4,AGAP2,0.008792879991233349,23
262,IFITM2,SLC25A5,MRC1,0.022479305043816566,27
263,LGALS3,JTB,KRT7,0.003982981666922569,24
264,TMBIM6,SFRP4,IL18RAP,0.01565612480044365,25
265,PPP1R15A,COL15A1,ZNF671,-0.019521741196513176,18
266,CHCHD2,ID2,MRC1,0.0007394066196866333,22
267,GABARAP,SLC25A5,CDK5R1,0.02365470677614212,26
268,COX6A1,HSPD1,H4C11,0.02509673312306404,29
269,BTF3,CYCS,KLRF1,0.01654275506734848,27
270,BTF3,CDK2AP2,IGKV2D-28,-0.003526985878124833,21
271,TMBIM6,IL11RA,LINC00954,-0.010826806537806988,18
272,LGALS3,APRT,AURKB,-0.0037420145235955715,21
273,DNAJA1,IL11RA,SAMD10,0.009367361664772034,26
274,GSTP1,JTB,AURKB,0.016680536791682243,27
275,BTF3,PIGR,SAMD10,-0.00026856083422899246,21
276,GSTP1,TUFM,KRT7,0.005099751986563206,24
277,IFITM2,TUFM,IGKV2D-28,0.00959792360663414,25
278,EID1,IL32,IGKV2D-28,0.01947132870554924,30
279,EID1,FABP1,CDK5R1,-0.0192941352725029,19
280,CHCHD2,HSPD1,KRT7,0.00589433079585433,24
281,IFITM2,CYCS,H4C11,0.022632500156760216,28
282,GABARAP,HSPD1,LINC00954,0.023115145042538643,29
283,LGALS3,COL15A1,SIK1,-0.022418441250920296,16
284,PPP1R15A,COL15A1,ZNF671,-0.019521741196513176,18
285,COX6A1,CYCS,SIK1,0.013234833255410194,27
286,BTF3,COL15A1,ZNF671,-0.02712862752377987,17
287,COX6A1,SFRP4,REP15,0.003220349084585905,23
288,BTG2,TUFM,IGKV2D-28,-0.02636365406215191,16
289,CHCHD2,COL15A1,IL18RAP,-0.014886600896716118,17
290,LGALS3,ID2,REP15,-0.021641936153173447,21
291,GPX4,CDK2AP2,REP15,0.028996150940656662,29
292,CHCHD2,IL11RA,REP15,-0.005400827620178461,20
293,BTF3,APRT,AGAP2,0.016874726861715317,28
294,COX6A1,PLP2,AURKB,-0.007416759617626667,19
295,LGALS3,IL32,H4C11,0.031562648713588715,28
296,COX6A1,CYCS,CDK5R1,0.012706639245152473,27
297,GPX4,PLP2,AGAP2,0.014104494825005531,25
298,TXNIP,SFRP4,IGKV2D-28,-0.10557307302951813,12
299,GPX4,CDK2AP2,LINC00954,0.030269689857959747,29
300,TMBIM6,JTB,REP15,0.008188458159565926,26
301,LGALS3,CDK2AP2,AURKB,0.013224363327026367,25
302,HNRNPK,FABP1,REP15,-0.03538825362920761,17
303,LGALS3,IL11RA,CDK5R1,-0.027930453419685364,14
304,COX6A1,SFRP4,MRC1,0.007249610964208841,23
305,COX6A1,TUFM,KLRF1,0.013666173443198204,24
306,LGALS3,CDK2AP2,IL18RAP,0.012199883349239826,25
307,BTF3,APRT,KRT7,0.015698622912168503,28
308,EID1,FABP1,AGAP2,-0.01980031654238701,19
309,TXNIP,FABP1,KRT7,-0.12114943563938141,6
310,LGALS3,HSPD1,CDK5R1,0.010896032676100731,24
311,COX6A1,IL32,IGKV2D-28,0.020588353276252747,28
312,BTF3,HSPD1,REP15,0.008487604558467865,26
313,BTF3,JTB,H4C11,0.0011004286352545023,24
314,HNRNPK,SLC25A5,SIK1,-0.009798210114240646,19
315,EID1,APRT,CDK5R1,-0.004805236589163542,18
316,DNAJA1,JTB,REP15,0.02115168794989586,26
317,IFITM2,APRT,REP15,0.022997532039880753,28
318,HNRNPK,PLP2,CDK5R1,-0.018898067995905876,19
319,BTG2,PIGR,MRC1,-0.0529172345995903,13
320,PPP1R15A,PIGR,MRC1,-0.026002898812294006,20
321,BTF3,IL11RA,AURKB,0.007814954966306686,23
322,COX6A1,APRT,CDK5R1,0.01209176518023014,23
323,PPP1R15A,IL32,SAMD10,0.035873107612133026,29
324,DNAJA1,COL15A1,SAMD10,-0.00830585416406393,20
325,HNRNPK,APRT,AURKB,0.0027414090000092983,23
326,HNRNPK,SFRP4,IGKV2D-28,0.004524940624833107,22
327,HNRNPK,CYCS,LINC00954,-0.00612901384010911,20
328,GPX4,ID2,CDK5R1,0.021542366594076157,27
329,BTF3,SFRP4,H4C11,0.008294927887618542,24
330,LGALS3,CYCS,UBASH3A,-0.004007135983556509,21
331,LGALS3,PIGR,MRC1,-0.02185789681971073,19
332,GSTP1,APRT,LINC00954,0.02642550691962242,28
333,GABARAP,CDK2AP2,MRC1,0.00921334233134985,31
334,BTG2,PIGR,SAMD10,-0.05275467038154602,12
335,DNAJA1,APRT,AURKB,0.033720117062330246,28
336,COX6A1,SLC25A5,ZNF671,0.0007209499599412084,22
337,IFITM2,FABP1,ZNF671,-0.001803406747058034,22
338,TMBIM6,IL11RA,AGAP2,-0.013002954423427582,17
339,GSTP1,CYCS,H4C11,0.02390957996249199,28
340,DNAJA1,HSPD1,KRT7,0.031154394149780273,25
341,BTG2,TUFM,IGKV2D-28,-0.02636365406215191,16
342,DNAJA1,APRT,IGKV2D-28,0.03384597599506378,28
343,LGALS3,JTB,IGKV2D-28,0.004636213183403015,24
344,GSTP1,IL32,LINC00954,0.041454970836639404,33
345,GABARAP,ID2,CDK5R1,0.017516467720270157,27
346,EID1,APRT,MRC1,-0.004822858609259129,17
347,TMBIM6,SFRP4,REP15,0.013505905866622925,27
348,LGALS3,FABP1,UBASH3A,-0.05681367218494415,16
349,BTF3,COL15A1,LINC00954,-0.01864372193813324,17
350,IFITM2,HSPD1,SIK1,0.02646520733833313,27
351,HNRNPK,PIGR,SIK1,-0.006091773044317961,22
352,GPX4,APRT,IL18RAP,0.025620561093091965,31
353,GSTP1,IL11RA,IL18RAP,0.0021460074931383133,23
354,CHCHD2,COL15A1,KLRF1,-0.014966774731874466,17
355,DNAJA1,PIGR,KLRF1,0.024876784533262253,23
356,CHCHD2,JTB,IL18RAP,0.022815868258476257,25
357,HNRNPK,HSPD1,UBASH3A,0.004742253106087446,24
358,COX6A1,JTB,H4C11,0.00977060291916132,24
359,DNAJA1,PLP2,H4C11,0.011938713490962982,26
360,LGALS3,JTB,IGKV2D-28,0.004636213183403015,24
361,LGALS3,SLC25A5,AURKB,0.0064687300473451614,23
362,IFITM2,JTB,MRC1,0.0065961419604718685,25
363,GPX4,APRT,H4C11,0.025834396481513977,31
364,GABARAP,SLC25A5,LINC00954,0.023601485416293144,26
365,GABARAP,HSPD1,SIK1,0.023726120591163635,30
366,CHCHD2,IL32,ZNF671,0.031943488866090775,33
367,BTF3,FABP1,IL18RAP,0.0014525710139423609,22
368,TMBIM6,CYCS,LINC00954,0.007554592564702034,22
369,BTG2,HSPD1,H4C11,-0.025459516793489456,17
370,LGALS3,PLP2,REP15,-0.022661566734313965,20
371,LGALS3,COL15A1,KRT7,-0.029545241966843605,16
372,CHCHD2,ID2,UBASH3A,0.002414428861811757,23
373,GPX4,TUFM,REP15,0.013222575187683105,27
374,TMBIM6,HSPD1,LINC00954,0.011782211251556873,25
375,IFITM2,JTB,SIK1,0.007506757043302059,25
376,HNRNPK,SFRP4,UBASH3A,0.004584290087223053,23
377,GSTP1,HSPD1,UBASH3A,0.029639557003974915,29
378,HNRNPK,IL32,UBASH3A,0.029942411929368973,27
379,LGALS3,PLP2,IL18RAP,-0.021372273564338684,21
380,TXNIP,JTB,LINC00954,-0.09759733825922012,12
381,PPP1R15A,PLP2,KRT7,-0.020449388772249222,17
382,EID1,PLP2,IL18RAP,-0.009503564797341824,21
383,TXNIP,COL15A1,MRC1,-0.13852933049201965,6
384,HNRNPK,TUFM,AGAP2,-0.005602979101240635,19
385,TMBIM6,CYCS,UBASH3A,-0.002363678067922592,21
386,IFITM2,JTB,SIK1,0.007506757043302059,25
387,GPX4,CYCS,KLRF1,0.02781357429921627,25
388,GSTP1,JTB,AGAP2,0.017041770741343498,28
389,PPP1R15A,HSPD1,H4C11,0.010671981610357761,25
390,DNAJA1,SLC25A5,IGKV2D-28,0.02169816568493843,26
391,HNRNPK,HSPD1,CDK5R1,0.003515600925311446,23
392,TMBIM6,SLC25A5,SAMD10,0.011405780911445618,25
393,DNAJA1,COL15A1,SAMD10,-0.00830585416406393,20
394,TXNIP,SFRP4,UBASH3A,-0.10031697154045105,12
395,LGALS3,CDK2AP2,IL18RAP,0.012199883349239826,25
396,BTG2,HSPD1,LINC00954,-0.024793142452836037,17
397,COX6A1,IL11RA,KLRF1,-0.017632119357585907,19
398,IFITM2,CDK2AP2,KLRF1,0.010133454576134682,23
399,EID1,SFRP4,MRC1,0.014744050800800323,26
400,HNRNPK,PLP2,IGKV2D-28,-0.019449178129434586,19
401,IFITM2,IL32,IL18RAP,0.03230706974864006,29
402,DNAJA1,ID2,KLRF1,0.030879318714141846,26
403,PPP1R15A,FABP1,SAMD10,-0.023699406534433365,14
404,GABARAP,APRT,UBASH3A,0.022095952183008194,28
405,CHCHD2,CDK2AP2,KRT7,0.007096839137375355,24
406,GPX4,SFRP4,CDK5R1,0.025398634374141693,31
407,EID1,CYCS,H4C11,-0.003668245393782854,21
408,CHCHD2,PIGR,CDK5R1,0.00020829690038226545,22
409,BTF3,JTB,CDK5R1,0.002628052607178688,25
410,BTF3,COL15A1,IGKV2D-28,-0.017958112061023712,16
411,CHCHD2,IL11RA,KRT7,-0.00651495810598135,21
412,BTF3,HSPD1,IGKV2D-28,0.008785187266767025,27
413,TMBIM6,SFRP4,IL18RAP,0.01565612480044365,25
414,BTG2,APRT,AURKB,-0.02497698739171028,19
415,EID1,CDK2AP2,SAMD10,0.0016284906305372715,23
416,GPX4,PIGR,MRC1,0.010608435608446598,24
417,GSTP1,ID2,CDK5R1,0.0275145061314106,28
418,TMBIM6,IL32,AURKB,0.04185975342988968,29
419,COX6A1,CYCS,SAMD10,0.01355352159589529,27
420,IFITM2,APRT,AGAP2,0.022982077673077583,29
421,TXNIP,COL15A1,REP15,-0.14022210240364075,6
422,DNAJA1,IL32,UBASH3A,0.04395192861557007,34
423,HNRNPK,COL15A1,REP15,-0.01353738084435463,20
424,COX6A1,CYCS,KRT7,0.01268785446882248,27
425,IFITM2,JTB,REP15,0.006084689870476723,24
426,LGALS3,IL11RA,SIK1,-0.028586987406015396,14
427,GABARAP,PIGR,IGKV2D-28,0.0021965911146253347,22
428,GSTP1,SLC25A5,KLRF1,0.032138075679540634,26
429,PPP1R15A,CDK2AP2,KRT7,-0.011244753375649452,20
430,CHCHD2,JTB,IL18RAP,0.022815868258476257,25
431,BTF3,PIGR,UBASH3A,-0.0006193369044922292,22
432,TXNIP,CYCS,IL18RAP,-0.0959610790014267,9
433,CHCHD2,SFRP4,AGAP2,0.008792879991233349,23
434,LGALS3,ID2,CDK5R1,-0.018976446241140366,21
435,TMBIM6,PIGR,KRT7,-0.0044663287699222565,21
436,PPP1R15A,CYCS,KLRF1,-0.0036607738584280014,20
437,LGALS3,PLP2,LINC00954,-0.015027115121483803,20
438,BTG2,FABP1,AURKB,-0.0633278414607048,11
439,IFITM2,COL15A1,SAMD10,-0.02705998718738556,19
440,PPP1R15A,IL32,KRT7,0.03461722284555435,29
441,GABARAP,HSPD1,ZNF671,0.020325085148215294,28
442,IFITM2,PIGR,H4C11,0.024016518145799637,24
443,DNAJA1,FABP1,AURKB,0.011942610144615173,23
444,GPX4,HSPD1,AURKB,0.037647150456905365,28
445,TXNIP,IL32,CDK5R1,-0.09666688740253448,13
446,GPX4,APRT,CDK5R1,0.023699171841144562,30
447,EID1,APRT,AGAP2,-0.0045050932094454765,17
448,CHCHD2,FABP1,AGAP2,0.00027314992621541023,23
449,TXNIP,SLC25A5,LINC00954,-0.08967725932598114,9
450,GSTP1,COL15A1,AURKB,-0.00620923051610589,22
451,GPX4,SFRP4,AURKB,0.028515513986349106,31
452,GPX4,ID2,IL18RAP,0.028572147712111473,28
453,PPP1R15A,IL11RA,KRT7,-0.023519940674304962,16
454,TXNIP,CDK2AP2,ZNF671,-0.10280977189540863,7
455,HNRNPK,FABP1,KLRF1,-0.03052193857729435,17
456,BTF3,SLC25A5,ZNF671,0.01313740573823452,26
457,DNAJA1,SFRP4,ZNF671,0.03698159009218216,27
458,PPP1R15A,CDK2AP2,KLRF1,-0.010231975466012955,20
459,LGALS3,PLP2,KRT7,-0.022748704999685287,19
460,EID1,APRT,CDK5R1,-0.004805236589163542,18
461,CHCHD2,CYCS,H4C11,0.017005644738674164,28
462,GPX4,CYCS,AGAP2,0.029033470898866653,26
463,HNRNPK,JTB,SIK1,-0.0038375104777514935,20
464,GPX4,IL32,KLRF1,0.05548699200153351,32
465,CHCHD2,HSPD1,IGKV2D-28,0.007306589744985104,24
466,COX6A1,IL32,SIK1,0.020858880132436752,28
467,GSTP1,TUFM,LINC00954,0.005500985775142908,25
468,IFITM2,IL11RA,CDK5R1,0.001108754426240921,23
469,BTG2,HSPD1,LINC00954,-0.024793142452836037,17
470,PPP1R15A,CYCS,IL18RAP,-0.002266630530357361,21
471,CHCHD2,IL11RA,SAMD10,-0.004685999825596809,21
472,TXNIP,IL32,IGKV2D-28,-0.09366438537836075,12
473,GSTP1,PLP2,AGAP2,-0.0010549025610089302,21
474,PPP1R15A,CYCS,AGAP2,-0.003735874779522419,20
475,EID1,JTB,IL18RAP,0.0006933931144885719,22
476,GABARAP,PIGR,KLRF1,0.0020536179654300213,22
477,GSTP1,CDK2AP2,SAMD10,0.02676321007311344,26
478,GABARAP,PLP2,LINC00954,0.0014312132261693478,23
479,COX6A1,IL32,ZNF671,0.02030721679329872,28
480,GSTP1,ID2,KLRF1,0.028461743146181107,28
481,TXNIP,JTB,LINC00954,-0.09759733825922012,12
482,COX6A1,ID2,UBASH3A,-0.0012402430875226855,22
483,GSTP1,IL11RA,CDK5R1,0.000760731752961874,22
484,BTF3,COL15A1,IGKV2D-28,-0.017958112061023712,16
485,BTG2,APRT,IGKV2D-28,-0.02806609310209751,19
486,DNAJA1,TUFM,REP15,0.03325287997722626,27
487,GPX4,JTB,KRT7,0.026375044137239456,29
488,CHCHD2,JTB,SAMD10,0.01735912635922432,25
489,TXNIP,APRT,IGKV2D-28,-0.0842885822057724,8
490,HNRNPK,SFRP4,H4C11,0.00821779016405344,23
491,TMBIM6,IL32,SAMD10,0.0423668771982193,29
492,TXNIP,SFRP4,SIK1,-0.09930765628814697,12
493,BTF3,SFRP4,REP15,0.011590048670768738,23
494,DNAJA1,IL11RA,ZNF671,0.009141543880105019,26
495,TXNIP,SLC25A5,ZNF671,-0.0909908264875412,9
496,COX6A1,ID2,IGKV2D-28,-0.0011177522828802466,22
497,BTG2,FABP1,AURKB,-0.0633278414607048,11
498,GABARAP,IL32,AGAP2,0.05113130062818527,31
499,GSTP1,IL32,ZNF671,0.03757260739803314,33
500,EID1,PIGR,KLRF1,-0.009532266296446323,21
501,DNAJA1,ID2,UBASH3A,0.030993498861789703,26
502,GABARAP,FABP1,KRT7,0.001594944973476231,24
503,TMBIM6,TUFM,AURKB,0.005747108720242977,24
504,TXNIP,FABP1,UBASH3A,-0.12154138088226318,6
505,TMBIM6,JTB,REP15,0.008188458159565926,26
506,GSTP1,FABP1,H4C11,-0.0023590042255818844,21
507,TMBIM6,TUFM,SAMD10,0.00337779987603426,23
508,DNAJA1,SFRP4,UBASH3A,0.03564509376883507,27
509,GSTP1,COL15A1,KLRF1,-0.00811005663126707,21
510,GPX4,SLC25A5,H4C11,0.02866954356431961,27
511,DNAJA1,ID2,KLRF1,0.030879318714141846,26
512,HNRNPK,SFRP4,REP15,0.0040857624262571335,22
513,IFITM2,SFRP4,ZNF671,0.02773386240005493,27
514,COX6A1,HSPD1,SIK1,0.021608848124742508,29
515,BTF3,SFRP4,IGKV2D-28,0.01525745540857315,24
516,GSTP1,IL11RA,CDK5R1,0.000760731752961874,22
517,PPP1R15A,CYCS,KLRF1,-0.0036607738584280014,20
518,TMBIM6,PIGR,ZNF671,-0.0003167114919051528,21
519,BTG2,SLC25A5,UBASH3A,-0.02077503688633442,18
520,LGALS3,HSPD1,REP15,0.008733819238841534,23
521,GSTP1,COL15A1,KLRF1,-0.00811005663126707,21
522,IFITM2,JTB,SAMD10,0.00828030239790678,24
523,DNAJA1,CDK2AP2,MRC1,0.027278605848550797,28
524,GABARAP,SLC25A5,SIK1,0.020982002839446068,26
525,PPP1R15A,HSPD1,LINC00954,0.009169671684503555,24
526,TXNIP,APRT,AGAP2,-0.08952002227306366,8
527,BTG2,FABP1,AGAP2,-0.06339789927005768,11
528,EID1,PIGR,LINC00954,-0.006838787347078323,21
529,GSTP1,IL32,H4C11,0.043338190764188766,33
530,PPP1R15A,CDK2AP2,IGKV2D-28,-0.010018397122621536,20
531,EID1,JTB,H4C11,0.002654699608683586,22
532,GSTP1,COL15A1,UBASH3A,-0.009707868099212646,21
533,IFITM2,PIGR,LINC00954,0.014805815182626247,24
534,LGALS3,PIGR,UBASH3A,-0.020555898547172546,19
535,GSTP1,COL15A1,KLRF1,-0.00811005663126707,21
536,BTG2,ID2,AURKB,-0.03229854255914688,15
537,GABARAP,HSPD1,SIK1,0.023726120591163635,30
538,PPP1R15A,PLP2,AURKB,-0.017762135714292526,17
539,CHCHD2,ID2,ZNF671,0.002766168676316738,24
540,COX6A1,PIGR,CDK5R1,-0.011959124356508255,21
541,GSTP1,CYCS,KLRF1,0.019767744466662407,28
542,LGALS3,ID2,SAMD10,-0.01920124888420105,21
543,LGALS3,APRT,ZNF671,-0.007590710185468197,20
544,TMBIM6,COL15A1,LINC00954,-0.016130292788147926,16
545,TMBIM6,CYCS,H4C11,0.012253682129085064,23
546,HNRNPK,IL11RA,UBASH3A,-0.03566761314868927,15
547,IFITM2,CYCS,SAMD10,0.019475381821393967,28
548,COX6A1,FABP1,KLRF1,-0.016103774309158325,20
549,EID1,TUFM,MRC1,-0.001593350083567202,21
550,BTF3,CYCS,MRC1,0.016256088390946388,27
551,HNRNPK,COL15A1,H4C11,-0.01282518357038498,19
552,HNRNPK,IL11RA,H4C11,-0.03413911908864975,14
553,BTG2,PIGR,IL18RAP,-0.05189096927642822,13
554,HNRNPK,TUFM,CDK5R1,-0.005637341178953648,19
555,TXNIP,TUFM,KRT7,-0.11228059232234955,7
556,IFITM2,SLC25A5,CDK5R1,0.023649945855140686,27
557,BTF3,TUFM,ZNF671,0.017610106617212296,25
558,TMBIM6,COL15A1,AURKB,-0.016463350504636765,16
559,GPX4,IL32,KRT7,0.05667160078883171,32
560,EID1,IL32,REP15,0.020015185698866844,29
561,BTG2,IL32,AGAP2,-0.012296762317419052,20
562,PPP1R15A,HSPD1,LINC00954,0.009169671684503555,24
563,PPP1R15A,FABP1,CDK5R1,-0.024538759142160416,14
564,BTF3,JTB,LINC00954,0.0018618464237079024,26
565,IFITM2,CYCS,AGAP2,0.023996978998184204,28
566,TXNIP,PLP2,AGAP2,-0.11109089851379395,4
567,COX6A1,COL15A1,H4C11,-0.008557820692658424,21
568,IFITM2,COL15A1,UBASH3A,-0.02715339884161949,20
569,COX6A1,HSPD1,KRT7,0.01868315413594246,28
570,TXNIP,IL32,SIK1,-0.09921172261238098,12
571,TXNIP,IL32,IGKV2D-28,-0.09366438537836075,12
572,EID1,JTB,SIK1,0.0006588684627786279,22
573,TXNIP,SLC25A5,MRC1,-0.0952264815568924,9
574,PPP1R15A,FABP1,MRC1,-0.024949936196208,15
575,BTF3,SLC25A5,SIK1,0.015164196491241455,26
576,HNRNPK,CDK2AP2,SIK1,-0.003702139714732766,22
577,GPX4,TUFM,KLRF1,0.014575917273759842,27
578,PPP1R15A,IL11RA,UBASH3A,-0.022355323657393456,16
579,GABARAP,APRT,LINC00954,0.029352659359574318,27
580,DNAJA1,TUFM,LINC00954,0.0331009142100811,27
581,EID1,PLP2,UBASH3A,-0.009337258525192738,21
582,COX6A1,SFRP4,ZNF671,-0.00368668045848608,22
583,BTF3,PLP2,SAMD10,-0.005792549345642328,21
584,GSTP1,PLP2,IL18RAP,-0.00047368681407533586,22
585,BTG2,CDK2AP2,KLRF1,-0.015239972621202469,19
586,BTF3,CYCS,IGKV2D-28,0.016420194879174232,27
587,LGALS3,IL11RA,CDK5R1,-0.027930453419685364,14
588,BTF3,IL32,AGAP2,0.059447236359119415,31
589,BTF3,CDK2AP2,MRC1,-0.0034397044219076633,21
590,GSTP1,SFRP4,IGKV2D-28,0.02052617445588112,28
591,CHCHD2,APRT,IL18RAP,0.016584090888500214,27
592,GABARAP,HSPD1,REP15,0.01663973554968834,30
593,HNRNPK,ID2,AURKB,0.0001471065916121006,22
594,PPP1R15A,SLC25A5,ZNF671,-0.012849617749452591,19
595,LGALS3,PIGR,CDK5R1,-0.022255465388298035,19
596,TXNIP,SLC25A5,IGKV2D-28,-0.08871181309223175,9
597,GABARAP,JTB,AURKB,0.021712172776460648,31
598,PPP1R15A,SFRP4,LINC00954,0.01953323930501938,25
599,BTF3,IL11RA,KLRF1,0.00822222139686346,23
600,GPX4,JTB,KLRF1,0.026610231027007103,29
601,PPP1R15A,PIGR,KRT7,-0.025524601340293884,19
602,IFITM2,CYCS,ZNF671,0.022402435541152954,28
603,TMBIM6,PIGR,IGKV2D-28,0.00012295355554670095,22
604,GABARAP,COL15A1,UBASH3A,-0.004547401797026396,21
605,EID1,PIGR,KLRF1,-0.009532266296446323,21
606,COX6A1,COL15A1,REP15,-0.01169334165751934,21
607,EID1,PIGR,REP15,-0.006564811337739229,20
608,TMBIM6,IL11RA,KRT7,-0.01460399478673935,18
609,GPX4,IL11RA,ZNF671,-0.010447226464748383,20
610,HNRNPK,IL11RA,SAMD10,-0.0348392054438591,14
611,TXNIP,IL11RA,IL18RAP,-0.1302945464849472,6
612,EID1,IL32,AURKB,0.02046564593911171,30
613,GABARAP,HSPD1,IL18RAP,0.023680930957198143,30
614,TXNIP,SLC25A5,LINC00954,-0.08967725932598114,9
615,TMBIM6,COL15A1,MRC1,-0.01647150330245495,16
616,HNRNPK,JTB,LINC00954,-0.004219478461891413,20
617,COX6A1,APRT,LINC00954,0.022826196625828743,24
618,EID1,HSPD1,SIK1,-0.011122150346636772,21
619,GABARAP,PIGR,CDK5R1,0.0023871762678027153,23
620,GPX4,IL32,CDK5R1,0.05331121385097504,32
621,BTF3,SLC25A5,UBASH3A,0.014834191650152206,26
622,GPX4,ID2,SIK1,0.02012268826365471,26
623,GSTP1,FABP1,ZNF671,-0.0006286107236519456,21
624,DNAJA1,HSPD1,IGKV2D-28,0.03239697217941284,25
625,PPP1R15A,SLC25A5,UBASH3A,-0.013514483347535133,20
626,IFITM2,PIGR,MRC1,0.012462614104151726,23
627,CHCHD2,ID2,AURKB,0.004236260429024696,23
628,GPX4,IL32,CDK5R1,0.05331121385097504,32
629,BTG2,ID2,ZNF671,-0.03538229316473007,15
630,GPX4,COL15A1,MRC1,-0.0019938559271395206,22
631,PPP1R15A,ID2,LINC00954,0.0055292220786213875,22
632,EID1,FABP1,KLRF1,-0.02131003886461258,19
633,BTG2,SFRP4,AURKB,-0.020607616752386093,20
634,PPP1R15A,CDK2AP2,REP15,-0.00901455245912075,20
635,TXNIP,PLP2,AGAP2,-0.11109089851379395,4
636,TMBIM6,IL11RA,ZNF671,-0.0123515073210001,17
637,PPP1R15A,SFRP4,REP15,0.013535546138882637,25
638,IFITM2,PIGR,MRC1,0.012462614104151726,23
639,GPX4,SFRP4,IL18RAP,0.03525921702384949,32
640,COX6A1,SLC25A5,IL18RAP,0.0007166161667555571,22
641,TXNIP,SFRP4,CDK5R1,-0.10539184510707855,12
642,EID1,TUFM,IL18RAP,0.00014436442870646715,22
643,EID1,ID2,SAMD10,-0.002047893824055791,21
644,GSTP1,IL11RA,CDK5R1,0.000760731752961874,22
645,PPP1R15A,SLC25A5,ZNF671,-0.012849617749452591,19
646,EID1,COL15A1,AGAP2,-0.04406771808862686,14
647,GABARAP,PLP2,AGAP2,0.0005428541335277259,22
648,EID1,COL15A1,MRC1,-0.04584437608718872,14
649,DNAJA1,IL32,AURKB,0.045323628932237625,34
650,BTG2,CDK2AP2,SAMD10,-0.015802286565303802,19
651,IFITM2,JTB,SIK1,0.007506757043302059,25
652,GPX4,JTB,SAMD10,0.02825576812028885,29
653,GPX4,SFRP4,H4C11,0.02903626300394535,31
654,IFITM2,APRT,AGAP2,0.022982077673077583,29
655,IFITM2,TUFM,REP15,0.011841153725981712,25
656,IFITM2,IL32,LINC00954,0.03133838623762131,29
657,GABARAP,SFRP4,SIK1,0.016049694269895554,29
658,GPX4,CYCS,KRT7,0.02745640091598034,25
659,COX6A1,TUFM,AGAP2,0.0139622138813138,24
660,IFITM2,COL15A1,KRT7,-0.027488453313708305,20
661,BTG2,COL15A1,REP15,-0.06619057059288025,14
662,CHCHD2,PIGR,MRC1,0.0007973116589710116,22
663,BTF3,JTB,ZNF671,0.0010860481997951865,25
664,HNRNPK,APRT,LINC00954,0.0021038255654275417,23
665,CHCHD2,TUFM,AURKB,0.012359676882624626,26
666,HNRNPK,APRT,MRC1,0.00038938759826123714,22
667,TMBIM6,TUFM,H4C11,0.006066310219466686,25
668,BTG2,TUFM,IL18RAP,-0.02636365406215191,16
669,HNRNPK,HSPD1,AGAP2,0.005643938202410936,24
670,GABARAP,CYCS,IGKV2D-28,0.024792946875095367,30
671,GPX4,APRT,KRT7,0.02568483166396618,31
672,EID1,IL32,AGAP2,0.016494382172822952,29
673,IFITM2,SLC25A5,IGKV2D-28,0.024180561304092407,27
674,CHCHD2,ID2,KRT7,0.0017549962503835559,23
675,COX6A1,HSPD1,SAMD10,0.019350849092006683,28
676,IFITM2,APRT,H4C11,0.026723623275756836,28
677,PPP1R15A,CDK2AP2,UBASH3A,-0.010693497024476528,20
678,TXNIP,IL32,ZNF671,-0.09647824615240097,12
679,TMBIM6,CDK2AP2,IL18RAP,0.0052125295624136925,24
680,GSTP1,APRT,CDK5R1,0.02688564360141754,27
681,BTF3,CYCS,H4C11,0.015711143612861633,29
682,IFITM2,APRT,AURKB,0.023788530379533768,28
683,GPX4,SLC25A5,CDK5R1,0.02921401523053646,27
684,TMBIM6,TUFM,MRC1,0.00785043090581894,24
685,PPP1R15A,FABP1,UBASH3A,-0.02400590479373932,15
686,COX6A1,CDK2AP2,AGAP2,0.007590378634631634,25
687,GABARAP,JTB,IGKV2D-28,0.021832313388586044,31
688,IFITM2,CYCS,KLRF1,0.01994364708662033,28
689,EID1,CYCS,AGAP2,-0.004878032952547073,21
690,COX6A1,APRT,AGAP2,0.013720272108912468,24
691,COX6A1,FABP1,SIK1,-0.013076648116111755,21
692,TXNIP,PIGR,MRC1,-0.1217261403799057,7
693,TXNIP,ID2,MRC1,-0.11948584765195847,11
694,DNAJA1,SFRP4,IL18RAP,0.041840147227048874,28
695,TXNIP,PIGR,UBASH3A,-0.12172757834196091,7
696,CHCHD2,CYCS,UBASH3A,0.015489323064684868,28
697,PPP1R15A,ID2,ZNF671,-0.013704885728657246,22
698,PPP1R15A,PIGR,SIK1,-0.024743419140577316,20
699,BTG2,PLP2,AURKB,-0.04057843238115311,12
700,EID1,CYCS,SAMD10,-0.004909229464828968,21
701,GSTP1,CYCS,KRT7,0.02004047855734825,28
702,BTG2,PLP2,KRT7,-0.04203595221042633,12
703,LGALS3,HSPD1,IGKV2D-28,0.010130360722541809,23
704,BTF3,HSPD1,MRC1,0.010398060083389282,25
705,TXNIP,FABP1,AURKB,-0.1206056997179985,6
706,DNAJA1,CDK2AP2,ZNF671,0.027392316609621048,28
707,LGALS3,CDK2AP2,MRC1,0.009484520182013512,25
708,BTF3,SLC25A5,ZNF671,0.01313740573823452,26
709,CHCHD2,ID2,KRT7,0.0017549962503835559,23
710,HNRNPK,COL15A1,IGKV2D-28,-0.013704651035368443,20
711,TMBIM6,TUFM,KLRF1,0.005932028405368328,24
712,GSTP1,ID2,LINC00954,0.031659871339797974,28
713,TMBIM6,PLP2,LINC00954,0.0007935321191325784,22
714,DNAJA1,SFRP4,UBASH3A,0.03564509376883507,27
715,GPX4,APRT,SAMD10,0.02565043978393078,30
716,TXNIP,SLC25A5,H4C11,-0.0927649736404419,9
717,DNAJA1,SLC25A5,MRC1,0.019220653921365738,27
718,IFITM2,PIGR,REP15,0.01428072340786457,23
719,TXNIP,SFRP4,SIK1,-0.09930765628814697,12
720,EID1,IL11RA,MRC1,-0.030529318377375603,16
721,HNRNPK,SFRP4,AURKB,0.003583825659006834,22
722,DNAJA1,PLP2,SAMD10,0.008693689480423927,27
723,LGALS3,PLP2,H4C11,-0.023875853046774864,21
724,BTG2,JTB,SAMD10,-0.023143768310546875,18
725,IFITM2,CYCS,AURKB,0.01997559890151024,28
726,GSTP1,APRT,SAMD10,0.02375931106507778,28
727,LGALS3,APRT,KLRF1,-0.003431769087910652,21
728,LGALS3,FABP1,ZNF671,-0.06784167885780334,16
729,BTG2,IL32,MRC1,-0.012777285650372505,20
730,LGALS3,ID2,SAMD10,-0.01920124888420105,21
731,HNRNPK,APRT,CDK5R1,0.004189902916550636,23
732,BTG2,IL11RA,LINC00954,-0.05047373101115227,11
733,BTG2,SFRP4,REP15,-0.02363518998026848,18
734,DNAJA1,SFRP4,CDK5R1,0.038020942360162735,26
735,LGALS3,COL15A1,SIK1,-0.022418441250920296,16
736,HNRNPK,SLC25A5,ZNF671,-0.008547102101147175,19
737,IFITM2,PIGR,MRC1,0.012462614104151726,23
738,HNRNPK,SLC25A5,IGKV2D-28,-0.009114207699894905,19
739,TXNIP,COL15A1,ZNF671,-0.13996751606464386,6
740,COX6A1,SLC25A5,H4C11,0.0014743527863174677,22
741,GSTP1,JTB,CDK5R1,0.017467396333813667,27
742,LGALS3,SFRP4,H4C11,0.01904638670384884,25
743,COX6A1,PLP2,ZNF671,-0.009136928245425224,20
744,HNRNPK,PIGR,REP15,-0.013849475421011448,21
745,GABARAP,PLP2,IL18RAP,0.0005526996683329344,22
746,LGALS3,IL32,IGKV2D-28,0.0229650791734457,27
747,TMBIM6,ID2,REP15,0.010975787416100502,26
748,GPX4,CDK2AP2,REP15,0.028996150940656662,29
749,TXNIP,ID2,KLRF1,-0.11683329939842224,11
750,HNRNPK,IL32,IGKV2D-28,0.02903558686375618,27
751,TMBIM6,COL15A1,MRC1,-0.01647150330245495,16
752,GABARAP,ID2,AURKB,0.01688133366405964,27
753,BTG2,SFRP4,REP15,-0.02363518998026848,18
754,COX6A1,PIGR,KRT7,-0.011441968381404877,21
755,EID1,CYCS,IGKV2D-28,-0.00488638412207365,21
756,HNRNPK,PLP2,AGAP2,-0.018914949148893356,19
757,BTF3,IL11RA,LINC00954,0.007510690484195948,23
758,COX6A1,PIGR,AURKB,-0.011525352485477924,21
759,TXNIP,IL32,CDK5R1,-0.09666688740253448,13
760,GPX4,SLC25A5,AURKB,0.029884658753871918,27
761,HNRNPK,TUFM,AGAP2,-0.005602979101240635,19
762,PPP1R15A,CDK2AP2,IL18RAP,-0.0055466629564762115,21
763,BTG2,TUFM,KRT7,-0.029173998162150383,16
764,TMBIM6,SLC25A5,REP15,0.014305096119642258,25
765,HNRNPK,IL32,SIK1,0.029779616743326187,27
766,HNRNPK,HSPD1,UBASH3A,0.004742253106087446,24
767,GSTP1,HSPD1,IL18RAP,0.030875857919454575,30
768,BTG2,CYCS,SAMD10,-0.023357799276709557,17
769,LGALS3,PLP2,SAMD10,-0.021979335695505142,21
770,CHCHD2,IL32,SAMD10,0.0364215150475502,33
771,DNAJA1,JTB,IL18RAP,0.026184163987636566,25
772,IFITM2,PIGR,SIK1,0.00985359400510788,23
773,IFITM2,JTB,LINC00954,0.009861953556537628,26
774,BTG2,FABP1,H4C11,-0.06349675357341766,11
775,BTG2,ID2,SAMD10,-0.036099087446928024,16
776,HNRNPK,SLC25A5,MRC1,-0.01693723164498806,19
777,BTF3,COL15A1,CDK5R1,-0.022851567715406418,17
778,EID1,HSPD1,REP15,-0.01173271331936121,20
779,LGALS3,IL32,SAMD10,0.019354237243533134,27
780,HNRNPK,SLC25A5,AURKB,-0.010125266388058662,19
781,PPP1R15A,JTB,LINC00954,-0.004991869907826185,20
782,GSTP1,IL32,LINC00954,0.041454970836639404,33
783,GABARAP,PIGR,REP15,0.004040105268359184,23
784,BTF3,SLC25A5,MRC1,0.013792012818157673,25
785,CHCHD2,TUFM,SAMD10,0.012197904288768768,26
786,TXNIP,APRT,REP15,-0.08953061699867249,9
787,GPX4,CYCS,KRT7,0.02745640091598034,25
788,TXNIP,IL11RA,CDK5R1,-0.13343077898025513,6
789,LGALS3,PLP2,MRC1,-0.0231846421957016,19
790,EID1,CDK2AP2,UBASH3A,0.003130238736048341,23
791,BTG2,PLP2,REP15,-0.04014650732278824,12
792,TMBIM6,SLC25A5,H4C11,0.01342097856104374,26
793,GABARAP,PIGR,AURKB,0.0020012613385915756,22
794,GSTP1,JTB,KRT7,0.01532257441431284,27
795,GSTP1,IL11RA,KRT7,-0.0012587596429511905,21
796,EID1,IL11RA,REP15,-0.02510366588830948,16
797,LGALS3,PLP2,IGKV2D-28,-0.02163965441286564,20
798,PPP1R15A,CYCS,AGAP2,-0.003735874779522419,20
799,GPX4,SLC25A5,KLRF1,0.02959739789366722,27
800,IFITM2,IL32,SAMD10,0.032181888818740845,29
801,GSTP1,HSPD1,AURKB,0.030157528817653656,29
802,IFITM2,PLP2,CDK5R1,0.017498599365353584,25
803,GABARAP,PLP2,LINC00954,0.0014312132261693478,23
804,IFITM2,ID2,IGKV2D-28,0.009009834378957748,23
805,COX6A1,TUFM,LINC00954,0.016681231558322906,25
806,GSTP1,JTB,AURKB,0.016680536791682243,27
807,IFITM2,APRT,AGAP2,0.022982077673077583,29
808,GPX4,JTB,H4C11,0.025851186364889145,29
809,COX6A1,HSPD1,ZNF671,0.020665276795625687,27
810,CHCHD2,HSPD1,AGAP2,0.00850331038236618,24
811,GABARAP,COL15A1,AURKB,-0.004613093566149473,21
812,LGALS3,HSPD1,ZNF671,0.010955979116261005,23
813,EID1,SLC25A5,ZNF671,-0.007141971029341221,21
814,COX6A1,SLC25A5,MRC1,0.0019293066579848528,23
815,EID1,IL11RA,KLRF1,-0.027985692024230957,16
816,BTF3,PLP2,SIK1,-0.005765070207417011,21
817,CHCHD2,PLP2,UBASH3A,-0.0039610909298062325,20
818,TMBIM6,IL11RA,AGAP2,-0.013002954423427582,17
819,IFITM2,APRT,KRT7,0.023358741775155067,28
820,IFITM2,CDK2AP2,MRC1,0.0067766886204481125,24
821,CHCHD2,CDK2AP2,KLRF1,0.007096839137375355,24
822,BTG2,IL32,ZNF671,-0.014401417225599289,20
823,DNAJA1,CDK2AP2,UBASH3A,0.027212567627429962,28
824,GSTP1,SFRP4,IGKV2D-28,0.02052617445588112,28
825,CHCHD2,ID2,CDK5R1,0.0004331112722866237,22
826,PPP1R15A,CYCS,ZNF671,-0.005117612890899181,20
827,EID1,JTB,CDK5R1,0.0029963492415845394,23
828,PPP1R15A,PIGR,LINC00954,-0.024930626153945923,20
829,COX6A1,SFRP4,LINC00954,0.003727019065991044,23
830,TXNIP,CDK2AP2,LINC00954,-0.09105876833200455,7
831,EID1,PIGR,AGAP2,-0.009716827422380447,20
832,BTF3,APRT,LINC00954,0.01681353524327278,28
833,TXNIP,TUFM,AURKB,-0.11094218492507935,7
834,PPP1R15A,PLP2,SAMD10,-0.02073640376329422,17
835,DNAJA1,PLP2,SIK1,0.007965396158397198,26
836,GABARAP,IL32,LINC00954,0.05354340746998787,31
837,DNAJA1,SLC25A5,KLRF1,0.020656440407037735,26
838,IFITM2,SLC25A5,CDK5R1,0.023649945855140686,27
839,DNAJA1,APRT,H4C11,0.03467864543199539,28
840,GSTP1,IL11RA,REP15,-0.002660155761986971,21
841,BTG2,ID2,CDK5R1,-0.032945290207862854,15
842,LGALS3,JTB,REP15,0.0072142621502280235,23
843,GSTP1,PIGR,AGAP2,0.007154857739806175,23
844,GABARAP,HSPD1,ZNF671,0.020325085148215294,28
845,GSTP1,APRT,KRT7,0.026216644793748856,28
846,CHCHD2,IL32,LINC00954,0.03584415093064308,34
847,EID1,COL15A1,IGKV2D-28,-0.04363534227013588,14
848,GPX4,CDK2AP2,REP15,0.028996150940656662,29
849,GSTP1,PIGR,AURKB,0.009882654994726181,23
850,BTF3,PIGR,UBASH3A,-0.0006193369044922292,22
851,TXNIP,CDK2AP2,UBASH3A,-0.09875991940498352,7
852,BTG2,PLP2,AURKB,-0.04057843238115311,12
853,COX6A1,IL32,ZNF671,0.02030721679329872,28
854,HNRNPK,IL32,KRT7,0.028114672750234604,27
855,COX6A1,APRT,SAMD10,0.011695347726345062,23
856,TMBIM6,ID2,AURKB,0.010908406227827072,26
857,GABARAP,SLC25A5,CDK5R1,0.02365470677614212,26
858,BTG2,HSPD1,CDK5R1,-0.03766949474811554,16
859,DNAJA1,PIGR,UBASH3A,0.025258131325244904,24
860,HNRNPK,IL32,AURKB,0.030018670484423637,27
861,BTF3,JTB,UBASH3A,0.0010944886598736048,25
862,CHCHD2,PLP2,IGKV2D-28,-0.0037852684035897255,20
863,CHCHD2,CDK2AP2,MRC1,0.006658885627985001,24
864,TMBIM6,IL11RA,KLRF1,-0.012983289547264576,17
865,GPX4,APRT,UBASH3A,0.025620434433221817,32
866,BTG2,COL15A1,MRC1,-0.06800733506679535,11
867,IFITM2,ID2,UBASH3A,0.011330462992191315,24
868,IFITM2,IL11RA,UBASH3A,0.0009510044474154711,22
869,GABARAP,CYCS,KRT7,0.019634343683719635,30
870,DNAJA1,CYCS,SAMD10,0.03087109699845314,26
871,GPX4,PLP2,LINC00954,0.013910256326198578,25
872,BTF3,PLP2,AURKB,-0.006733664311468601,21
873,EID1,SLC25A5,H4C11,-0.005908953491598368,21
874,CHCHD2,CDK2AP2,UBASH3A,0.007005377672612667,24
875,HNRNPK,PIGR,CDK5R1,-0.013376131653785706,21
876,IFITM2,JTB,SIK1,0.007506757043302059,25
877,CHCHD2,PLP2,SAMD10,-0.004134027287364006,20
878,GPX4,ID2,AGAP2,0.02010759897530079,27
879,GPX4,IL32,AURKB,0.05597584694623947,32
880,TMBIM6,TUFM,IL18RAP,0.0055403513833880424,26
881,GPX4,PLP2,ZNF671,0.013913760893046856,25
882,LGALS3,PLP2,CDK5R1,-0.022336391732096672,20
883,PPP1R15A,CDK2AP2,UBASH3A,-0.010693497024476528,20
884,BTF3,TUFM,SIK1,0.018029920756816864,25
885,TMBIM6,APRT,H4C11,0.02312486432492733,28
886,EID1,CDK2AP2,SIK1,-0.000491829589009285,22
887,TMBIM6,HSPD1,REP15,0.010155363008379936,24
888,GSTP1,APRT,LINC00954,0.02642550691962242,28
889,TMBIM6,SLC25A5,SIK1,0.011638108640909195,25
890,DNAJA1,CDK2AP2,UBASH3A,0.027212567627429962,28
891,BTF3,IL11RA,MRC1,0.00825580209493637,23
892,DNAJA1,APRT,AGAP2,0.033743008971214294,29
893,PPP1R15A,IL11RA,AURKB,-0.023274343460798264,16
894,CHCHD2,CYCS,SIK1,0.015860754996538162,27
895,PPP1R15A,FABP1,IGKV2D-28,-0.026717446744441986,15
896,IFITM2,ID2,UBASH3A,0.011330462992191315,24
897,BTG2,COL15A1,IL18RAP,-0.06532932817935944,13
898,GABARAP,TUFM,ZNF671,0.012101845815777779,30
899,GPX4,SLC25A5,SAMD10,0.02946888655424118,27
900,GSTP1,CYCS,H4C11,0.02390957996249199,28
901,PPP1R15A,IL32,SIK1,0.03479452431201935,29
902,GSTP1,TUFM,REP15,0.007098444737493992,26
903,PPP1R15A,TUFM,ZNF671,-0.0014668682124465704,22
904,EID1,JTB,AURKB,0.0007226646994240582,22
905,TMBIM6,COL15A1,IGKV2D-28,-0.01645715720951557,17
906,TXNIP,IL32,LINC00954,-0.09504694491624832,12
907,LGALS3,APRT,REP15,-0.002295530866831541,22
908,IFITM2,COL15A1,REP15,-0.028138194233179092,20
909,PPP1R15A,HSPD1,CDK5R1,0.009117448702454567,23
910,TMBIM6,CYCS,CDK5R1,-0.0028795029502362013,21
911,TXNIP,JTB,CDK5R1,-0.09687910228967667,12
912,IFITM2,APRT,IL18RAP,0.0238821879029274,28
913,HNRNPK,CYCS,IGKV2D-28,-0.00593928387388587,19
914,BTF3,FABP1,KRT7,-0.005080057308077812,21
915,COX6A1,TUFM,IGKV2D-28,0.013717901892960072,24
916,PPP1R15A,JTB,AGAP2,-0.006974904332309961,20
917,TXNIP,SLC25A5,KRT7,-0.08975155651569366,9
918,TMBIM6,JTB,REP15,0.008188458159565926,26
919,BTG2,IL11RA,REP15,-0.0503506064414978,11
920,GABARAP,ID2,ZNF671,0.01545938290655613,27
921,EID1,SLC25A5,ZNF671,-0.007141971029341221,21
922,GSTP1,PLP2,MRC1,-0.00133915850892663,21
923,CHCHD2,ID2,AURKB,0.004236260429024696,23
924,IFITM2,ID2,CDK5R1,0.010230709798634052,23
925,CHCHD2,HSPD1,KLRF1,0.006914195604622364,24
926,GPX4,PLP2,KRT7,0.01389967743307352,25
927,COX6A1,IL32,IGKV2D-28,0.020588353276252747,28
928,DNAJA1,FABP1,IGKV2D-28,0.011658551171422005,23
929,GSTP1,FABP1,AURKB,-0.0008157553384080529,21
930,GSTP1,CYCS,ZNF671,0.02016078121960163,28
931,IFITM2,TUFM,SAMD10,0.009030593559145927,25
932,BTG2,COL15A1,ZNF671,-0.06904615461826324,13
933,LGALS3,CDK2AP2,UBASH3A,0.012931720353662968,25
934,GPX4,PLP2,REP15,0.012268612161278725,26
935,TXNIP,IL32,IL18RAP,-0.07463663071393967,12
936,BTG2,IL32,AGAP2,-0.012296762317419052,20
937,PPP1R15A,IL11RA,SAMD10,-0.021576160565018654,16
938,PPP1R15A,APRT,KRT7,0.0022228099405765533,24
939,PPP1R15A,PLP2,H4C11,-0.01973993144929409,19
940,COX6A1,JTB,H4C11,0.00977060291916132,24
941,COX6A1,PLP2,CDK5R1,-0.006309092976152897,21
942,BTG2,SLC25A5,MRC1,-0.02084001898765564,18
943,IFITM2,HSPD1,AURKB,0.029129525646567345,27
944,TMBIM6,FABP1,SIK1,-0.005724684800952673,19
945,PPP1R15A,CYCS,KRT7,-0.004232791252434254,20
946,PPP1R15A,IL11RA,REP15,-0.02091946080327034,16
947,GPX4,HSPD1,LINC00954,0.03737854212522507,28
948,TMBIM6,IL11RA,H4C11,-0.010764287784695625,17
949,GABARAP,PLP2,AGAP2,0.0005428541335277259,22
950,LGALS3,CDK2AP2,REP15,0.012518603354692459,25
951,IFITM2,CYCS,CDK5R1,0.021147754043340683,28
952,GSTP1,IL32,AURKB,0.03897725045681,33
953,TXNIP,JTB,REP15,-0.0934600830078125,13
954,IFITM2,CDK2AP2,LINC00954,0.009131727740168571,23
955,GPX4,COL15A1,AGAP2,0.004409590736031532,23
956,CHCHD2,IL32,MRC1,0.0361671969294548,33
957,GPX4,CYCS,ZNF671,0.02967153862118721,25
958,GSTP1,COL15A1,AGAP2,-0.008102535270154476,21
959,GPX4,CDK2AP2,UBASH3A,0.029063045978546143,30
960,GPX4,FABP1,H4C11,-0.0029050325974822044,22
961,LGALS3,SLC25A5,KRT7,0.005711914971470833,22
962,IFITM2,COL15A1,UBASH3A,-0.02715339884161949,20
963,CHCHD2,IL32,CDK5R1,0.033117081969976425,33
964,EID1,TUFM,AGAP2,-0.00012024652096442878,22
965,HNRNPK,COL15A1,KRT7,-0.013403519056737423,20
966,BTG2,ID2,LINC00954,-0.029509801417589188,16
967,GPX4,ID2,UBASH3A,0.021640418097376823,27
968,EID1,COL15A1,IGKV2D-28,-0.04363534227013588,14
969,CHCHD2,FABP1,UBASH3A,-0.001418398111127317,22
970,HNRNPK,IL32,KRT7,0.028114672750234604,27
971,CHCHD2,PLP2,REP15,-0.00435615936294198,20
972,BTF3,IL32,UBASH3A,0.05642426013946533,32
973,HNRNPK,ID2,AURKB,0.0001471065916121006,22
974,LGALS3,SLC25A5,H4C11,0.011742115020751953,24
975,IFITM2,FABP1,SIK1,-0.00455547496676445,22
976,GABARAP,SLC25A5,SAMD10,0.0232552420347929,26
977,GPX4,JTB,CDK5R1,0.02673511393368244,29
978,GPX4,COL15A1,UBASH3A,-0.0020369801204651594,22
979,PPP1R15A,SFRP4,AGAP2,0.015156667679548264,25
980,PPP1R15A,SFRP4,LINC00954,0.01953323930501938,25
981,GABARAP,CDK2AP2,AGAP2,0.009308228269219398,29
982,EID1,COL15A1,KLRF1,-0.04469921812415123,14
983,TMBIM6,COL15A1,AURKB,-0.016463350504636765,16
984,TXNIP,JTB,ZNF671,-0.09706680476665497,12
985,CHCHD2,PLP2,KLRF1,-0.0035740963649004698,20
986,GPX4,HSPD1,MRC1,0.03655596822500229,28
987,BTG2,PIGR,REP15,-0.05432736128568649,13
988,BTF3,CDK2AP2,MRC1,-0.0034397044219076633,21
989,COX6A1,HSPD1,CDK5R1,0.020281029865145683,28
990,CHCHD2,SLC25A5,AGAP2,0.004857384599745274,28
991,DNAJA1,TUFM,SAMD10,0.03314201533794403,27
992,BTG2,FABP1,LINC00954,-0.06329146027565002,12
993,IFITM2,IL11RA,CDK5R1,0.001108754426240921,23
994,TXNIP,SLC25A5,SAMD10,-0.08944805711507797,9
995,GPX4,TUFM,REP15,0.013222575187683105,27
996,PPP1R15A,IL11RA,IL18RAP,-0.01917249895632267,17
997,EID1,COL15A1,AGAP2,-0.04406771808862686,14
998,PPP1R15A,APRT,IGKV2D-28,0.0031373510137200356,24
999,GPX4,IL11RA,UBASH3A,-0.007880575954914093,20
1000,TXNIP,JTB,H4C11,-0.09650763869285583,12
1001,GSTP1,IL32,UBASH3A,0.03735978901386261,33
1002,GSTP1,IL11RA,CDK5R1,0.000760731752961874,22
1003,BTF3,SLC25A5,SAMD10,0.01473979838192463,26
1004,PPP1R15A,JTB,IL18RAP,-0.004608875140547752,21
1005,DNAJA1,APRT,ZNF671,0.03372931107878685,28
1006,GPX4,HSPD1,KRT7,0.03702251985669136,27
1007,TXNIP,CDK2AP2,MRC1,-0.0995888039469719,8
1008,BTF3,IL32,KRT7,0.05513802170753479,32
1009,GABARAP,ID2,IGKV2D-28,0.01644948497414589,27
1010,EID1,SLC25A5,CDK5R1,-0.005548074841499329,21
1011,BTF3,SFRP4,REP15,0.011590048670768738,23
1012,GPX4,PLP2,LINC00954,0.013910256326198578,25
1013,LGALS3,JTB,REP15,0.0072142621502280235,23
1014,COX6A1,TUFM,SAMD10,0.01227196678519249,24
1015,DNAJA1,COL15A1,REP15,-0.006221828982234001,19
1016,COX6A1,IL11RA,H4C11,-0.014823919162154198,20
1017,HNRNPK,SFRP4,IGKV2D-28,0.004524940624833107,22
1018,HNRNPK,IL11RA,CDK5R1,-0.03649205341935158,15
1019,COX6A1,COL15A1,AGAP2,-0.00727060018107295,21
1020,DNAJA1,PIGR,IL18RAP,0.026460513472557068,24
1021,TXNIP,IL11RA,MRC1,-0.1353694498538971,6
1022,TMBIM6,IL32,UBASH3A,0.0417049303650856,29
1023,IFITM2,SFRP4,UBASH3A,0.028267424553632736,27
1024,IFITM2,CYCS,KLRF1,0.01994364708662033,28
1025,IFITM2,APRT,ZNF671,0.018436793237924576,28
1026,BTG2,CYCS,KLRF1,-0.02298898622393608,16
1027,EID1,IL32,AURKB,0.02046564593911171,30
1028,CHCHD2,ID2,ZNF671,0.002766168676316738,24
1029,GABARAP,SLC25A5,KLRF1,0.021996576339006424,26
1030,PPP1R15A,PIGR,AURKB,-0.024858258664608,20
1031,BTG2,HSPD1,UBASH3A,-0.037082161754369736,16
1032,PPP1R15A,PIGR,LINC00954,-0.024930626153945923,20
1033,TXNIP,CYCS,AGAP2,-0.10086449980735779,9
1034,TMBIM6,IL11RA,IL18RAP,-0.012897592037916183,17
1035,TMBIM6,JTB,LINC00954,0.009425872936844826,26
1036,IFITM2,FABP1,IGKV2D-28,0.005785875953733921,23
1037,DNAJA1,COL15A1,H4C11,-0.004432538524270058,21
1038,COX6A1,ID2,CDK5R1,-0.0011401575757190585,22
1039,TXNIP,PIGR,H4C11,-0.12168608605861664,7
1040,GPX4,IL11RA,KLRF1,-0.007802152074873447,20
1041,BTG2,TUFM,KRT7,-0.029173998162150383,16
1042,PPP1R15A,SFRP4,H4C11,0.022733978927135468,25
1043,TMBIM6,SLC25A5,AGAP2,0.01160670630633831,26
1044,TMBIM6,APRT,ZNF671,0.02228245697915554,27
1045,COX6A1,PIGR,AURKB,-0.011525352485477924,21
1046,BTF3,CDK2AP2,SIK1,-0.0018285359255969524,21
1047,BTF3,HSPD1,KRT7,0.010156005620956421,26
1048,TXNIP,IL11RA,SIK1,-0.13464993238449097,6
1049,IFITM2,IL32,SIK1,0.03145577013492584,30
1050,IFITM2,SFRP4,SIK1,0.03199470043182373,27
1051,IFITM2,APRT,AURKB,0.023788530379533768,28
1052,CHCHD2,CDK2AP2,SIK1,0.007169816642999649,24
1053,CHCHD2,FABP1,AGAP2,0.00027314992621541023,23
1054,LGALS3,ID2,SAMD10,-0.01920124888420105,21
1055,HNRNPK,SLC25A5,CDK5R1,-0.00882744137197733,19
1056,PPP1R15A,HSPD1,KRT7,0.009005829691886902,23
1057,GSTP1,FABP1,IGKV2D-28,-0.0008157553384080529,21
1058,COX6A1,JTB,AGAP2,0.009761788882315159,24
1059,PPP1R15A,IL11RA,SAMD10,-0.021576160565018654,16
1060,PPP1R15A,APRT,H4C11,0.0023190518841147423,24
1061,HNRNPK,IL11RA,MRC1,-0.03597928211092949,15
1062,BTG2,COL15A1,AGAP2,-0.06657637655735016,14
1063,BTF3,CDK2AP2,SIK1,-0.0018285359255969524,21
1064,CHCHD2,CYCS,AURKB,0.015826547518372536,28
1065,LGALS3,HSPD1,MRC1,0.009450064040720463,23
1066,LGALS3,APRT,IL18RAP,-0.0034642822574824095,21
1067,BTG2,JTB,SAMD10,-0.023143768310546875,18
1068,TMBIM6,ID2,CDK5R1,0.010916512459516525,26
1069,BTF3,APRT,IL18RAP,0.018457908183336258,28
1070,HNRNPK,HSPD1,ZNF671,0.005993710830807686,24
1071,GSTP1,SLC25A5,ZNF671,0.03391779959201813,26
1072,TXNIP,CYCS,LINC00954,-0.09656643867492676,9
1073,EID1,APRT,SAMD10,-0.005232350435107946,18
1074,CHCHD2,FABP1,KRT7,-0.0015800652327015996,22
1075,EID1,APRT,AURKB,-0.005045749247074127,17
1076,IFITM2,APRT,AURKB,0.023788530379533768,28
1077,LGALS3,CYCS,ZNF671,-0.00219454662874341,22
1078,CHCHD2,PLP2,AGAP2,-0.004336919169872999,20
1079,CHCHD2,ID2,SIK1,0.002659529447555542,23
1080,PPP1R15A,CYCS,IL18RAP,-0.002266630530357361,21
1081,DNAJA1,SLC25A5,SIK1,0.02277127467095852,26
1082,TMBIM6,ID2,CDK5R1,0.010916512459516525,26
1083,EID1,CYCS,AURKB,-0.0048642875626683235,21
1084,CHCHD2,TUFM,CDK5R1,0.014523152261972427,26
1085,GABARAP,CYCS,ZNF671,0.01866219751536846,30
1086,BTG2,IL32,IL18RAP,-0.012785406783223152,20
1087,GABARAP,IL32,IL18RAP,0.05103465914726257,30
1088,HNRNPK,SFRP4,KLRF1,0.004539955873042345,22
1089,PPP1R15A,PIGR,ZNF671,-0.0245132464915514,20
1090,GABARAP,ID2,AURKB,0.01688133366405964,27
1091,TMBIM6,HSPD1,AGAP2,0.009009163826704025,25
1092,PPP1R15A,FABP1,IL18RAP,-0.016957571730017662,16
1093,GPX4,TUFM,REP15,0.013222575187683105,27
1094,BTF3,PIGR,SAMD10,-0.00026856083422899246,21
1095,GPX4,IL11RA,IGKV2D-28,-0.008038568310439587,20
1096,GPX4,CYCS,H4C11,0.02735034190118313,25
1097,PPP1R15A,CYCS,ZNF671,-0.005117612890899181,20
1098,BTF3,COL15A1,AGAP2,-0.017978616058826447,17
1099,TMBIM6,PIGR,ZNF671,-0.0003167114919051528,21
1100,EID1,TUFM,LINC00954,7.421588816214353e-05,22
1101,EID1,CYCS,H4C11,-0.003668245393782854,21
1102,BTG2,CDK2AP2,KRT7,-0.016439666971564293,18
1103,COX6A1,CDK2AP2,ZNF671,0.007083677686750889,24
1104,TMBIM6,JTB,REP15,0.008188458159565926,26
1105,COX6A1,TUFM,H4C11,0.01218528114259243,25
1106,EID1,ID2,UBASH3A,-0.0033961585722863674,21
1107,COX6A1,COL15A1,IL18RAP,-0.009305493906140327,21
1108,PPP1R15A,SLC25A5,H4C11,-0.005790563300251961,20
1109,GPX4,SLC25A5,SIK1,0.03200209140777588,27
1110,DNAJA1,JTB,MRC1,0.020176775753498077,27
1111,IFITM2,CDK2AP2,LINC00954,0.009131727740168571,23
1112,DNAJA1,PIGR,LINC00954,0.025594107806682587,24
1113,EID1,SFRP4,AURKB,0.013558370992541313,26
1114,TXNIP,IL11RA,REP15,-0.13451242446899414,6
1115,GABARAP,IL32,SIK1,0.05157744884490967,30
1116,HNRNPK,SLC25A5,IL18RAP,-0.007238959893584251,19
1117,EID1,IL11RA,AGAP2,-0.022568829357624054,16
1118,CHCHD2,HSPD1,UBASH3A,0.005659604445099831,24
1119,GSTP1,TUFM,KLRF1,0.005553519353270531,24
1120,BTG2,SLC25A5,MRC1,-0.02084001898765564,18
1121,IFITM2,IL11RA,CDK5R1,0.001108754426240921,23
1122,HNRNPK,SFRP4,REP15,0.0040857624262571335,22
1123,TMBIM6,APRT,REP15,0.025223761796951294,28
1124,BTF3,SFRP4,SIK1,0.0075364853255450726,24
1125,GPX4,PIGR,ZNF671,0.00017632037634029984,22
1126,CHCHD2,IL11RA,KLRF1,-0.006373646669089794,21
1127,IFITM2,SLC25A5,UBASH3A,0.022457491606473923,27
1128,IFITM2,ID2,REP15,0.011171062476933002,23
1129,IFITM2,PLP2,LINC00954,0.020244687795639038,26
1130,GPX4,COL15A1,UBASH3A,-0.0020369801204651594,22
1131,EID1,PLP2,AGAP2,-0.011124420911073685,21
1132,CHCHD2,TUFM,H4C11,0.01835339516401291,26
1133,BTF3,IL11RA,AGAP2,0.005111259408295155,23
1134,DNAJA1,IL32,IL18RAP,0.04539789259433746,34
1135,GSTP1,JTB,LINC00954,0.015031110495328903,27
1136,HNRNPK,IL32,KLRF1,0.02952692285180092,27
1137,HNRNPK,HSPD1,IGKV2D-28,0.0051517244428396225,24
1138,HNRNPK,TUFM,IL18RAP,-0.006772731430828571,19
1139,TXNIP,FABP1,AURKB,-0.1206056997179985,6
1140,EID1,COL15A1,H4C11,-0.041793644428253174,14
1141,CHCHD2,CDK2AP2,H4C11,0.011553809978067875,25
1142,TXNIP,ID2,IL18RAP,-0.1168961226940155,11
1143,EID1,SLC25A5,SIK1,-0.006257413886487484,21
1144,GPX4,IL32,LINC00954,0.05776579678058624,32
1145,GPX4,APRT,KLRF1,0.025635341182351112,31
1146,LGALS3,CYCS,MRC1,-0.0041488721035420895,21
1147,DNAJA1,TUFM,SAMD10,0.03314201533794403,27
1148,GPX4,FABP1,KRT7,-0.0015069862129166722,22
1149,BTF3,ID2,CDK5R1,0.002846161602064967,22
1150,BTF3,JTB,IL18RAP,0.005195016041398048,26
1151,DNAJA1,SLC25A5,UBASH3A,0.020938197150826454,26
1152,DNAJA1,CDK2AP2,IGKV2D-28,0.027369264513254166,28
1153,TXNIP,ID2,KRT7,-0.11930796504020691,11
1154,GPX4,COL15A1,KRT7,-0.0031393570825457573,22
1155,HNRNPK,IL11RA,KRT7,-0.0366738960146904,15
1156,BTG2,FABP1,SAMD10,-0.06429688632488251,11
1157,DNAJA1,IL11RA,LINC00954,0.01631765440106392,27
1158,GABARAP,PLP2,SIK1,0.00119123759213835,23
1159,GSTP1,COL15A1,CDK5R1,-0.006937204394489527,21
1160,DNAJA1,TUFM,REP15,0.03325287997722626,27
1161,PPP1R15A,CDK2AP2,IGKV2D-28,-0.010018397122621536,20
1162,DNAJA1,COL15A1,MRC1,-0.007567802909761667,19
1163,GABARAP,FABP1,H4C11,0.0016036053420975804,23
1164,TMBIM6,JTB,AGAP2,0.009587246924638748,26
1165,GPX4,FABP1,UBASH3A,-0.0011337419273331761,22
1166,EID1,ID2,ZNF671,-0.0009361093398183584,22
1167,BTG2,COL15A1,SAMD10,-0.06534108519554138,15
1168,HNRNPK,ID2,KLRF1,7.322803139686584e-05,22
1169,HNRNPK,PIGR,SAMD10,-0.012631073594093323,21
1170,CHCHD2,TUFM,KLRF1,0.012023191899061203,26
1171,GPX4,TUFM,UBASH3A,0.014499465003609657,28
1172,EID1,PIGR,LINC00954,-0.006838787347078323,21
1173,CHCHD2,IL32,H4C11,0.0348600372672081,34
1174,GPX4,ID2,AGAP2,0.02010759897530079,27
1175,BTG2,IL11RA,ZNF671,-0.06052223592996597,10
1176,TXNIP,IL32,AGAP2,-0.0964876264333725,12
1177,EID1,SFRP4,SIK1,0.013781944289803505,26
1178,TMBIM6,PIGR,LINC00954,-0.00029401801293715835,21
1179,EID1,CYCS,SIK1,-0.006109178066253662,21
1180,GSTP1,IL32,UBASH3A,0.03735978901386261,33
1181,GSTP1,CDK2AP2,UBASH3A,0.03234010934829712,26
1182,BTG2,FABP1,IGKV2D-28,-0.06361189484596252,11
1183,BTF3,JTB,REP15,0.00046275515342131257,22
1184,BTF3,ID2,MRC1,0.0008678077720105648,22
1185,GPX4,CYCS,AGAP2,0.029033470898866653,26
1186,PPP1R15A,PIGR,MRC1,-0.026002898812294006,20
1187,EID1,HSPD1,LINC00954,-0.008508482947945595,21
1188,COX6A1,HSPD1,SAMD10,0.019350849092006683,28
1189,TXNIP,IL11RA,LINC00954,-0.1326838731765747,6
1190,DNAJA1,PIGR,MRC1,0.024385415017604828,24
1191,EID1,IL11RA,MRC1,-0.030529318377375603,16
1192,TXNIP,APRT,KRT7,-0.09017320722341537,8
1193,GPX4,IL11RA,KLRF1,-0.007802152074873447,20
1194,CHCHD2,IL11RA,AGAP2,-0.005831269547343254,21
1195,BTF3,IL32,MRC1,0.05671576410531998,32
1196,BTF3,PLP2,REP15,-0.005891567096114159,21
1197,TXNIP,SFRP4,IL18RAP,-0.10570214688777924,12
1198,LGALS3,TUFM,AGAP2,-0.005484233144670725,20
1199,COX6A1,SFRP4,SIK1,0.003623278345912695,23
1200,BTG2,CYCS,ZNF671,-0.024488188326358795,16
1201,TXNIP,IL32,AURKB,-0.09647387266159058,12
1202,GPX4,CYCS,REP15,0.027543533593416214,25
1203,HNRNPK,FABP1,H4C11,-0.024158727377653122,17
1204,GABARAP,CDK2AP2,H4C11,0.0078599713742733,31
1205,CHCHD2,SFRP4,IGKV2D-28,0.008826600387692451,23
1206,HNRNPK,APRT,UBASH3A,0.00257331901229918,23
1207,PPP1R15A,HSPD1,IL18RAP,0.010541846975684166,24
1208,COX6A1,SLC25A5,REP15,-0.0012714965268969536,22
1209,EID1,IL11RA,CDK5R1,-0.026646219193935394,16
1210,GABARAP,ID2,LINC00954,0.016935259103775024,27
1211,BTF3,PLP2,REP15,-0.005891567096114159,21
1212,GABARAP,PIGR,MRC1,0.004374117124825716,23
1213,EID1,CYCS,CDK5R1,-0.00505730789154768,21
1214,TXNIP,TUFM,KLRF1,-0.11149338632822037,7
1215,GPX4,CDK2AP2,REP15,0.028996150940656662,29
1216,CHCHD2,SFRP4,REP15,0.00800485908985138,23
1217,HNRNPK,HSPD1,CDK5R1,0.003515600925311446,23
1218,PPP1R15A,SLC25A5,AGAP2,-0.01187937706708908,20
1219,TMBIM6,FABP1,IGKV2D-28,-0.006331887561827898,20
1220,BTG2,SLC25A5,KLRF1,-0.020911552011966705,18
1221,DNAJA1,CDK2AP2,SIK1,0.027246180921792984,28
1222,IFITM2,PLP2,MRC1,0.017064597457647324,25
1223,COX6A1,TUFM,IL18RAP,0.012878647074103355,24
1224,PPP1R15A,IL11RA,KLRF1,-0.02336542122066021,16
1225,GPX4,ID2,MRC1,0.021734772250056267,27
1226,LGALS3,TUFM,KRT7,-0.005718443542718887,20
1227,GABARAP,ID2,IGKV2D-28,0.01644948497414589,27
1228,TMBIM6,IL11RA,KRT7,-0.01460399478673935,18
1229,DNAJA1,SLC25A5,MRC1,0.019220653921365738,27
1230,BTF3,IL32,IL18RAP,0.056652456521987915,32
1231,CHCHD2,IL11RA,H4C11,-0.004330577794462442,20
1232,LGALS3,COL15A1,KRT7,-0.029545241966843605,16
1233,GABARAP,JTB,KLRF1,0.02192724123597145,31
1234,BTF3,CDK2AP2,AGAP2,-0.005555189214646816,21
1235,GSTP1,IL32,KLRF1,0.03919189050793648,33
1236,EID1,IL32,KLRF1,0.018122240900993347,30
1237,BTF3,TUFM,KRT7,0.017886100336909294,25
1238,PPP1R15A,HSPD1,ZNF671,0.008886363357305527,23
1239,GABARAP,COL15A1,IL18RAP,-0.006071543786674738,21
1240,CHCHD2,JTB,H4C11,0.01598813571035862,26
1241,EID1,PLP2,IGKV2D-28,-0.012637456879019737,21
1242,EID1,PIGR,IGKV2D-28,-0.009261954575777054,21
1243,GPX4,PIGR,AURKB,0.009615606628358364,24
1244,COX6A1,JTB,AURKB,0.009698363021016121,24
1245,GPX4,JTB,MRC1,0.026651374995708466,29
1246,BTF3,SLC25A5,CDK5R1,0.014369945973157883,27
1247,TXNIP,FABP1,SIK1,-0.12114610522985458,6
1248,EID1,JTB,IL18RAP,0.0006933931144885719,22
1249,BTG2,JTB,AGAP2,-0.023573417216539383,18
1250,TXNIP,IL32,IL18RAP,-0.07463663071393967,12
1251,IFITM2,JTB,CDK5R1,0.007284230552613735,26
1252,BTG2,CDK2AP2,MRC1,-0.013655970804393291,18
1253,GABARAP,PLP2,LINC00954,0.0014312132261693478,23
1254,DNAJA1,IL32,UBASH3A,0.04395192861557007,34
1255,GSTP1,PIGR,CDK5R1,0.007091664709150791,23
1256,PPP1R15A,COL15A1,CDK5R1,-0.020595334470272064,18
1257,BTF3,CDK2AP2,KRT7,-0.002531421836465597,21
1258,COX6A1,PLP2,REP15,-0.009152691811323166,19
1259,CHCHD2,COL15A1,REP15,-0.016660498455166817,18
1260,COX6A1,CYCS,KRT7,0.01268785446882248,27
1261,DNAJA1,HSPD1,MRC1,0.031204067170619965,25
1262,DNAJA1,TUFM,KRT7,0.027762867510318756,27
1263,TXNIP,SLC25A5,MRC1,-0.0952264815568924,9
1264,COX6A1,IL32,ZNF671,0.02030721679329872,28
1265,BTG2,ID2,AURKB,-0.03229854255914688,15
1266,COX6A1,APRT,MRC1,0.004301140550523996,22
1267,GABARAP,COL15A1,UBASH3A,-0.004547401797026396,21
1268,IFITM2,SFRP4,REP15,0.024899914860725403,28
1269,TXNIP,APRT,IGKV2D-28,-0.0842885822057724,8
1270,BTG2,FABP1,SAMD10,-0.06429688632488251,11
1271,GPX4,HSPD1,ZNF671,0.03892027959227562,27
1272,HNRNPK,TUFM,KRT7,-0.006347995717078447,19
1273,COX6A1,TUFM,IL18RAP,0.012878647074103355,24
1274,TMBIM6,IL11RA,CDK5R1,-0.0116913802921772,18
1275,GABARAP,APRT,CDK5R1,0.022095952183008194,28
1276,EID1,HSPD1,AGAP2,-0.006720292381942272,21
1277,COX6A1,CDK2AP2,H4C11,0.008213452994823456,25
1278,HNRNPK,HSPD1,SAMD10,0.004822968039661646,24
1279,COX6A1,CDK2AP2,LINC00954,0.008108915761113167,25
1280,TMBIM6,CYCS,SIK1,0.003907407633960247,22
1281,IFITM2,SFRP4,AURKB,0.02720397710800171,27
1282,HNRNPK,HSPD1,KRT7,0.005522701423615217,24
1283,COX6A1,CYCS,SAMD10,0.01355352159589529,27
1284,GABARAP,JTB,UBASH3A,0.024352755397558212,31
1285,TMBIM6,SLC25A5,MRC1,0.011231519281864166,25
1286,LGALS3,TUFM,SAMD10,-0.012273889034986496,20
1287,LGALS3,PLP2,IL18RAP,-0.021372273564338684,21
1288,BTG2,ID2,SIK1,-0.03274039924144745,15
1289,IFITM2,APRT,MRC1,0.022110529243946075,27
1290,LGALS3,IL11RA,REP15,-0.027820900082588196,15
1291,CHCHD2,FABP1,MRC1,-0.005547098815441132,20
1292,COX6A1,PLP2,LINC00954,-0.005812346935272217,19
1293,COX6A1,HSPD1,LINC00954,0.019463934004306793,28
1294,GSTP1,CYCS,AGAP2,0.02030416764318943,28
1295,DNAJA1,TUFM,MRC1,0.032666318118572235,27
1296,HNRNPK,COL15A1,CDK5R1,-0.013109621591866016,20
1297,PPP1R15A,IL11RA,REP15,-0.02091946080327034,16
1298,LGALS3,CYCS,UBASH3A,-0.004007135983556509,21
1299,EID1,TUFM,IGKV2D-28,0.00032901353552006185,23
1300,TXNIP,HSPD1,CDK5R1,-0.10062798857688904,11
1301,LGALS3,SFRP4,KRT7,0.017660006880760193,25
1302,COX6A1,CYCS,H4C11,0.015903349965810776,29
1303,BTG2,FABP1,KLRF1,-0.06464560329914093,11
1304,GABARAP,FABP1,SIK1,0.0034811035729944706,25
1305,HNRNPK,SFRP4,KLRF1,0.004539955873042345,22
1306,BTG2,PLP2,AURKB,-0.04057843238115311,12
1307,LGALS3,CDK2AP2,KLRF1,0.012394740246236324,25
1308,TXNIP,JTB,AGAP2,-0.09030580520629883,12
1309,COX6A1,HSPD1,H4C11,0.02509673312306404,29
1310,CHCHD2,ID2,UBASH3A,0.002414428861811757,23
1311,IFITM2,SFRP4,ZNF671,0.02773386240005493,27
1312,GABARAP,ID2,ZNF671,0.01545938290655613,27
1313,CHCHD2,ID2,MRC1,0.0007394066196866333,22
1314,EID1,CYCS,ZNF671,-0.00486865546554327,21
1315,GSTP1,TUFM,KLRF1,0.005553519353270531,24
1316,BTF3,TUFM,IL18RAP,0.018375661224126816,24
1317,COX6A1,FABP1,IL18RAP,-0.01595008186995983,20
1318,GABARAP,JTB,SIK1,0.022363075986504555,31
1319,BTF3,IL32,UBASH3A,0.05642426013946533,32
1320,EID1,TUFM,CDK5R1,4.498070848057978e-05,22
1321,CHCHD2,APRT,UBASH3A,0.016468342393636703,27
1322,TXNIP,IL32,MRC1,-0.09911313652992249,12
1323,GABARAP,COL15A1,SIK1,-0.006675610318779945,21
1324,EID1,SFRP4,AURKB,0.013558370992541313,26
1325,PPP1R15A,FABP1,AURKB,-0.023805292323231697,15
1326,IFITM2,TUFM,IGKV2D-28,0.00959792360663414,25
1327,EID1,SFRP4,AURKB,0.013558370992541313,26
1328,COX6A1,HSPD1,MRC1,0.02007243037223816,28
1329,TMBIM6,COL15A1,IGKV2D-28,-0.01645715720951557,17
1330,GPX4,CDK2AP2,H4C11,0.03046552464365959,29
1331,GABARAP,TUFM,SAMD10,0.013757063075900078,31
1332,LGALS3,PLP2,SIK1,-0.0228726789355278,21
1333,HNRNPK,TUFM,LINC00954,-0.005602245684713125,19
1334,GABARAP,PIGR,SAMD10,0.0067061930894851685,23
1335,PPP1R15A,COL15A1,REP15,-0.014862561598420143,18
1336,GABARAP,IL11RA,SAMD10,-0.012734560295939445,20
1337,COX6A1,COL15A1,AGAP2,-0.00727060018107295,21
1338,PPP1R15A,ID2,IL18RAP,0.004333957098424435,23
1339,COX6A1,IL32,SIK1,0.020858880132436752,28
1340,BTG2,COL15A1,IL18RAP,-0.06532932817935944,13
1341,CHCHD2,CDK2AP2,H4C11,0.011553809978067875,25
1342,COX6A1,CDK2AP2,LINC00954,0.008108915761113167,25
1343,EID1,SLC25A5,SAMD10,-0.007484026253223419,21
1344,GSTP1,HSPD1,KRT7,0.028829922899603844,29
1345,GSTP1,PLP2,MRC1,-0.00133915850892663,21
1346,GSTP1,IL32,MRC1,0.03897725045681,32
1347,BTG2,SLC25A5,REP15,-0.02025505155324936,18
1348,TXNIP,CYCS,LINC00954,-0.09656643867492676,9
1349,HNRNPK,FABP1,LINC00954,-0.023749522864818573,18
1350,GPX4,CYCS,LINC00954,0.027812421321868896,25
1351,TMBIM6,IL11RA,H4C11,-0.010764287784695625,17
1352,HNRNPK,APRT,AURKB,0.0027414090000092983,23
1353,TMBIM6,PLP2,AGAP2,0.0042875693179667,23
1354,TMBIM6,JTB,KLRF1,0.00946222897619009,26
1355,HNRNPK,COL15A1,KLRF1,-0.013439927250146866,20
1356,TMBIM6,HSPD1,UBASH3A,0.011226585134863853,25
1357,GABARAP,PLP2,AGAP2,0.0005428541335277259,22
1358,GPX4,IL32,REP15,0.055697206407785416,32
1359,TMBIM6,PLP2,H4C11,0.004078119061887264,23
1360,TXNIP,PLP2,UBASH3A,-0.11109836399555206,4
1361,GSTP1,FABP1,AURKB,-0.0008157553384080529,21
1362,COX6A1,SFRP4,AGAP2,0.002814530162140727,23
1363,PPP1R15A,TUFM,IL18RAP,0.0038842137437313795,23
1364,GABARAP,PLP2,IGKV2D-28,0.0010940887732431293,23
1365,HNRNPK,SFRP4,AGAP2,0.004588381852954626,22
1366,GSTP1,TUFM,AGAP2,0.006177208852022886,25
1367,IFITM2,APRT,IL18RAP,0.0238821879029274,28
1368,TXNIP,IL32,KLRF1,-0.09646058827638626,12
1369,TXNIP,COL15A1,SAMD10,-0.13848374783992767,6
1370,CHCHD2,ID2,AGAP2,0.003667497541755438,23
1371,BTF3,FABP1,ZNF671,-0.005356051959097385,21
1372,DNAJA1,CDK2AP2,SIK1,0.027246180921792984,28
1373,TMBIM6,TUFM,AGAP2,0.00646663922816515,24
1374,BTF3,FABP1,ZNF671,-0.005356051959097385,21
1375,DNAJA1,ID2,AURKB,0.03045203536748886,26
1376,GPX4,PIGR,AURKB,0.009615606628358364,24
1377,DNAJA1,APRT,ZNF671,0.03372931107878685,28
1378,COX6A1,APRT,IGKV2D-28,0.01220228336751461,23
1379,COX6A1,TUFM,LINC00954,0.016681231558322906,25
1380,IFITM2,SFRP4,CDK5R1,0.02357509359717369,27
1381,CHCHD2,SFRP4,CDK5R1,0.008714749477803707,23
1382,HNRNPK,ID2,SAMD10,0.0001749829389154911,22
1383,TXNIP,PLP2,H4C11,-0.11225168406963348,4
1384,DNAJA1,HSPD1,IL18RAP,0.03684251382946968,26
1385,EID1,APRT,UBASH3A,-0.00435705715790391,18
1386,GABARAP,CDK2AP2,UBASH3A,0.010469087399542332,30
1387,GSTP1,TUFM,H4C11,0.006613250821828842,25
1388,GPX4,ID2,LINC00954,0.021736685186624527,27
1389,LGALS3,SLC25A5,AURKB,0.0064687300473451614,23
1390,TMBIM6,COL15A1,LINC00954,-0.016130292788147926,16
1391,GPX4,SLC25A5,REP15,0.02887401171028614,27
1392,DNAJA1,SLC25A5,KRT7,0.01833936758339405,25
1393,DNAJA1,APRT,MRC1,0.032634347677230835,29
1394,GABARAP,IL11RA,SIK1,-0.013845426961779594,19
1395,EID1,IL32,IL18RAP,0.019694093614816666,31
1396,TXNIP,CYCS,UBASH3A,-0.09811995923519135,9
1397,GPX4,APRT,KRT7,0.02568483166396618,31
1398,BTG2,JTB,KRT7,-0.023886654525995255,17
1399,TXNIP,SFRP4,ZNF671,-0.10669510066509247,12
1400,EID1,ID2,IGKV2D-28,-0.003330985549837351,21
1401,EID1,SLC25A5,KRT7,-0.007306394167244434,21
1402,GPX4,COL15A1,IL18RAP,-0.0018439257983118296,22
1403,BTG2,PIGR,SIK1,-0.052670668810606,13
1404,CHCHD2,ID2,SAMD10,0.003028573002666235,23
1405,TXNIP,PIGR,IGKV2D-28,-0.12010471522808075,7
1406,GSTP1,IL32,LINC00954,0.041454970836639404,33
1407,PPP1R15A,APRT,LINC00954,0.0028411608655005693,23
1408,HNRNPK,CDK2AP2,REP15,-0.0041269841603934765,22
1409,GPX4,SLC25A5,IGKV2D-28,0.03017456829547882,27
1410,TMBIM6,PIGR,LINC00954,-0.00029401801293715835,21
1411,BTF3,HSPD1,H4C11,0.012989183887839317,26
1412,TXNIP,PLP2,UBASH3A,-0.11109836399555206,4
1413,CHCHD2,FABP1,KRT7,-0.0015800652327015996,22
1414,EID1,ID2,ZNF671,-0.0009361093398183584,22
1415,COX6A1,ID2,IL18RAP,0.005028043407946825,23
1416,BTF3,SLC25A5,SAMD10,0.01473979838192463,26
1417,CHCHD2,ID2,MRC1,0.0007394066196866333,22
1418,GPX4,TUFM,LINC00954,0.014611221849918365,27
1419,COX6A1,PIGR,MRC1,-0.008587202988564968,21
1420,BTG2,IL32,IL18RAP,-0.012785406783223152,20
1421,LGALS3,ID2,CDK5R1,-0.018976446241140366,21
1422,TMBIM6,HSPD1,SAMD10,0.01063811406493187,25
1423,EID1,IL11RA,AURKB,-0.028094850480556488,16
1424,BTG2,SFRP4,MRC1,-0.022289566695690155,19
1425,HNRNPK,TUFM,LINC00954,-0.005602245684713125,19
1426,DNAJA1,APRT,AURKB,0.033720117062330246,28
1427,TXNIP,SFRP4,KRT7,-0.10639536380767822,12
1428,EID1,APRT,IL18RAP,-0.005077313631772995,17
1429,GSTP1,IL11RA,KLRF1,-0.0021691895090043545,22
1430,IFITM2,PLP2,IGKV2D-28,0.017898602411150932,25
1431,TMBIM6,IL11RA,LINC00954,-0.010826806537806988,18
1432,GSTP1,SFRP4,AGAP2,0.020565733313560486,29
1433,TMBIM6,CDK2AP2,LINC00954,0.008849943056702614,24
1434,LGALS3,CDK2AP2,SIK1,0.0161701999604702,25
1435,TXNIP,TUFM,H4C11,-0.1008986234664917,7
1436,BTG2,JTB,MRC1,-0.023760134354233742,18
1437,IFITM2,APRT,H4C11,0.026723623275756836,28
1438,BTG2,SLC25A5,UBASH3A,-0.02077503688633442,18
1439,HNRNPK,PIGR,ZNF671,-0.013568812981247902,21
1440,IFITM2,ID2,AURKB,0.009443850256502628,23
1441,EID1,IL32,AURKB,0.02046564593911171,30
1442,CHCHD2,ID2,UBASH3A,0.002414428861811757,23
1443,LGALS3,TUFM,KLRF1,-0.005256116855889559,20
1444,GABARAP,TUFM,CDK5R1,0.017207928001880646,30
1445,DNAJA1,FABP1,AGAP2,0.011808527633547783,23
1446,PPP1R15A,IL11RA,MRC1,-0.023994650691747665,16
1447,BTF3,CDK2AP2,CDK5R1,0.0017143778968602419,23
1448,GSTP1,PLP2,ZNF671,-0.001442731823772192,21
1449,GPX4,CYCS,CDK5R1,0.027331199496984482,25
1450,GSTP1,PLP2,KRT7,-0.001331306411884725,20
1451,TMBIM6,CDK2AP2,UBASH3A,0.005038351286202669,24
1452,TXNIP,PLP2,AGAP2,-0.11109089851379395,4
1453,GPX4,SLC25A5,SAMD10,0.02946888655424118,27
1454,DNAJA1,PLP2,AURKB,0.00780034065246582,27
1455,CHCHD2,CDK2AP2,AURKB,0.007096839137375355,24
1456,GABARAP,APRT,H4C11,0.028021538630127907,27
1457,HNRNPK,PIGR,KLRF1,-0.012897036969661713,21
1458,BTG2,FABP1,H4C11,-0.06349675357341766,11
1459,GABARAP,CYCS,KRT7,0.019634343683719635,30
1460,TXNIP,COL15A1,H4C11,-0.13540130853652954,6
1461,BTG2,PLP2,LINC00954,-0.037110984325408936,13
1462,COX6A1,SLC25A5,UBASH3A,0.0006836320972070098,22
1463,DNAJA1,IL32,SAMD10,0.04030918702483177,34
1464,BTG2,APRT,IGKV2D-28,-0.02806609310209751,19
1465,TXNIP,APRT,KRT7,-0.09017320722341537,8
1466,HNRNPK,IL32,ZNF671,0.029260559007525444,27
1467,TMBIM6,IL11RA,KLRF1,-0.012983289547264576,17
1468,DNAJA1,SLC25A5,AURKB,0.02349059283733368,26
1469,GABARAP,COL15A1,KRT7,-0.004780781455338001,21
1470,LGALS3,JTB,ZNF671,0.003325115889310837,22
1471,PPP1R15A,PIGR,MRC1,-0.026002898812294006,20
1472,EID1,PIGR,KRT7,-0.01032252050936222,21
1473,DNAJA1,COL15A1,LINC00954,-0.004221647046506405,20
1474,GPX4,JTB,IL18RAP,0.028239931911230087,29
1475,TMBIM6,SFRP4,IGKV2D-28,0.015522635541856289,26
1476,LGALS3,HSPD1,IGKV2D-28,0.010130360722541809,23
1477,IFITM2,CYCS,MRC1,0.019246140494942665,28
1478,HNRNPK,SLC25A5,IGKV2D-28,-0.009114207699894905,19
1479,BTG2,TUFM,REP15,-0.026183703914284706,16
1480,GPX4,IL32,SIK1,0.05622655898332596,32
1481,GABARAP,JTB,SAMD10,0.025362811982631683,31
1482,TMBIM6,CDK2AP2,KRT7,0.004986171144992113,24
1483,BTF3,IL32,MRC1,0.05671576410531998,32
1484,DNAJA1,IL11RA,MRC1,0.010646939277648926,26
1485,EID1,COL15A1,IGKV2D-28,-0.04363534227013588,14
1486,HNRNPK,HSPD1,CDK5R1,0.003515600925311446,23
1487,EID1,IL32,KRT7,0.016816288232803345,30
1488,COX6A1,PIGR,IGKV2D-28,-0.011308233253657818,21
1489,CHCHD2,FABP1,MRC1,-0.005547098815441132,20
1490,GSTP1,CYCS,IGKV2D-28,0.02072978764772415,28
1491,COX6A1,CDK2AP2,SAMD10,0.005911208689212799,25
1492,HNRNPK,FABP1,KLRF1,-0.03052193857729435,17
1493,HNRNPK,IL32,REP15,0.02993790991604328,27
1494,COX6A1,ID2,IL18RAP,0.005028043407946825,23
1495,GSTP1,IL32,IL18RAP,0.038897860795259476,33
1496,EID1,SLC25A5,CDK5R1,-0.005548074841499329,21
1497,CHCHD2,SLC25A5,AGAP2,0.004857384599745274,28
1498,DNAJA1,HSPD1,AGAP2,0.031943872570991516,25
1499,IFITM2,CYCS,AGAP2,0.023996978998184204,28
1500,EID1,CYCS,AURKB,-0.0048642875626683235,21
1501,CHCHD2,SFRP4,KLRF1,0.00879919994622469,23
1502,GPX4,IL11RA,KRT7,-0.010018331930041313,20
1503,BTG2,SLC25A5,ZNF671,-0.021014729514718056,17
1504,IFITM2,SFRP4,REP15,0.024899914860725403,28
1505,DNAJA1,HSPD1,AURKB,0.03176230937242508,25
1506,BTF3,SLC25A5,KRT7,0.013449074700474739,26
1507,HNRNPK,PIGR,REP15,-0.013849475421011448,21
1508,IFITM2,SFRP4,LINC00954,0.02912607043981552,28
1509,TMBIM6,FABP1,LINC00954,-0.00665628258138895,20
1510,BTF3,JTB,SAMD10,0.001697913627140224,25
1511,GABARAP,IL11RA,H4C11,-0.008213015273213387,20
1512,GSTP1,HSPD1,SIK1,0.02825833484530449,29
1513,BTF3,APRT,AURKB,0.01831471174955368,28
1514,IFITM2,APRT,AGAP2,0.022982077673077583,29
1515,EID1,TUFM,H4C11,0.0015369668835774064,23
1516,LGALS3,APRT,SAMD10,-0.0033868178725242615,21
1517,BTG2,SLC25A5,AGAP2,-0.0243610218167305,18
1518,PPP1R15A,APRT,IL18RAP,0.007055073976516724,25
1519,PPP1R15A,PLP2,LINC00954,-0.019650112837553024,18
1520,GABARAP,HSPD1,SAMD10,0.020913016051054,28
1521,CHCHD2,CYCS,REP15,0.018165292218327522,28
1522,IFITM2,SFRP4,LINC00954,0.02912607043981552,28
1523,HNRNPK,HSPD1,AURKB,0.004883793648332357,24
1524,DNAJA1,HSPD1,ZNF671,0.030089784413576126,25
1525,TXNIP,TUFM,AURKB,-0.11094218492507935,7
1526,GPX4,JTB,H4C11,0.025851186364889145,29
1527,BTG2,PLP2,H4C11,-0.03556066378951073,12
1528,BTG2,ID2,AURKB,-0.03229854255914688,15
1529,TMBIM6,CYCS,CDK5R1,-0.0028795029502362013,21
1530,TMBIM6,ID2,UBASH3A,0.010868335142731667,26
1531,TMBIM6,IL32,CDK5R1,0.04330825060606003,29
1532,TMBIM6,PLP2,KLRF1,0.002167187165468931,23
1533,TXNIP,APRT,IGKV2D-28,-0.0842885822057724,8
1534,CHCHD2,CDK2AP2,KLRF1,0.007096839137375355,24
1535,TXNIP,CYCS,REP15,-0.10046249628067017,9
1536,DNAJA1,TUFM,UBASH3A,0.03292865306138992,27
1537,CHCHD2,PIGR,AURKB,0.00014663963520433754,22
1538,HNRNPK,CYCS,AURKB,-0.005979291629046202,18
1539,GSTP1,ID2,AGAP2,0.030162833631038666,28
1540,IFITM2,IL11RA,LINC00954,0.0005268009845167398,22
1541,PPP1R15A,TUFM,SAMD10,-0.0021721788216382265,22
1542,BTF3,HSPD1,IL18RAP,0.013424376025795937,26
1543,PPP1R15A,COL15A1,CDK5R1,-0.020595334470272064,18
1544,IFITM2,ID2,H4C11,0.01751600205898285,24
1545,LGALS3,COL15A1,ZNF671,-0.035192910581827164,16
1546,GABARAP,CDK2AP2,AURKB,0.009393911808729172,30
1547,TMBIM6,FABP1,SAMD10,-0.004823264665901661,21
1548,HNRNPK,IL32,SAMD10,0.02428887039422989,27
1549,COX6A1,IL11RA,IGKV2D-28,-0.016562998294830322,19
1550,BTF3,IL11RA,MRC1,0.00825580209493637,23
1551,HNRNPK,SFRP4,MRC1,0.004586481023579836,22
1552,TXNIP,HSPD1,IL18RAP,-0.09738539159297943,11
1553,TMBIM6,COL15A1,AURKB,-0.016463350504636765,16
1554,TMBIM6,COL15A1,REP15,-0.015248144045472145,16
1555,CHCHD2,SFRP4,KLRF1,0.00879919994622469,23
1556,GSTP1,SLC25A5,H4C11,0.03440239280462265,26
1557,CHCHD2,CDK2AP2,IGKV2D-28,0.007096839137375355,24
1558,TMBIM6,HSPD1,AGAP2,0.009009163826704025,25
1559,HNRNPK,JTB,KLRF1,-0.00623188354074955,20
1560,EID1,APRT,SIK1,-0.005678069777786732,17
1561,BTG2,TUFM,SIK1,-0.026711001992225647,16
1562,TMBIM6,FABP1,SIK1,-0.005724684800952673,19
1563,LGALS3,SFRP4,IGKV2D-28,0.017702780663967133,25
1564,PPP1R15A,ID2,LINC00954,0.0055292220786213875,22
1565,TMBIM6,CDK2AP2,AGAP2,0.004973273258656263,24
1566,PPP1R15A,SLC25A5,H4C11,-0.005790563300251961,20
1567,BTG2,FABP1,REP15,-0.06178823858499527,12
1568,BTG2,ID2,REP15,-0.034073855727910995,15
1569,HNRNPK,APRT,KRT7,0.0026293250266462564,23
1570,IFITM2,IL32,AURKB,0.032158929854631424,29
1571,BTF3,JTB,IL18RAP,0.005195016041398048,26
1572,GABARAP,CDK2AP2,H4C11,0.0078599713742733,31
1573,TXNIP,TUFM,IGKV2D-28,-0.11139829456806183,7
1574,IFITM2,SLC25A5,KRT7,0.021726999431848526,27
1575,LGALS3,APRT,MRC1,-0.0006035912083461881,22
1576,HNRNPK,IL32,LINC00954,0.034174833446741104,27
1577,HNRNPK,SFRP4,CDK5R1,0.004610775969922543,23
1578,EID1,CYCS,CDK5R1,-0.00505730789154768,21
1579,LGALS3,PLP2,AURKB,-0.019473079591989517,21
1580,LGALS3,PIGR,IGKV2D-28,-0.02125205658376217,19
1581,PPP1R15A,PIGR,AURKB,-0.024858258664608,20
1582,COX6A1,TUFM,MRC1,0.011023689061403275,24
1583,EID1,CDK2AP2,REP15,0.002763123018667102,23
1584,BTG2,APRT,IGKV2D-28,-0.02806609310209751,19
1585,BTF3,APRT,MRC1,0.0151993278414011,28
1586,TMBIM6,SFRP4,LINC00954,0.015733735635876656,26
1587,PPP1R15A,SFRP4,CDK5R1,0.013727281242609024,25
1588,HNRNPK,ID2,MRC1,-0.0010774257825687528,22
1589,GPX4,TUFM,UBASH3A,0.014499465003609657,28
1590,GSTP1,IL32,CDK5R1,0.04030898958444595,33
1591,GPX4,IL11RA,CDK5R1,-0.006693166680634022,20
1592,TMBIM6,TUFM,IGKV2D-28,0.006299097556620836,24
1593,HNRNPK,CYCS,KRT7,-0.0071266526356339455,18
1594,HNRNPK,ID2,KRT7,6.804754957556725e-05,22
1595,CHCHD2,JTB,H4C11,0.01598813571035862,26
1596,LGALS3,PIGR,CDK5R1,-0.022255465388298035,19
1597,HNRNPK,IL32,KRT7,0.028114672750234604,27
1598,BTF3,PLP2,ZNF671,-0.005832343362271786,21
1599,IFITM2,FABP1,AURKB,-0.0012963437475264072,22
1600,BTG2,ID2,REP15,-0.034073855727910995,15
1601,GSTP1,CYCS,ZNF671,0.02016078121960163,28
1602,PPP1R15A,COL15A1,KRT7,-0.016927311196923256,18
1603,BTF3,ID2,SAMD10,0.0015532500110566616,22
1604,COX6A1,SLC25A5,ZNF671,0.0007209499599412084,22
1605,LGALS3,TUFM,IL18RAP,-0.009926912374794483,20
1606,DNAJA1,CYCS,AURKB,0.03111940249800682,27
1607,CHCHD2,IL11RA,IL18RAP,-0.006290789227932692,21
1608,DNAJA1,SFRP4,LINC00954,0.036082182079553604,28
1609,TXNIP,IL11RA,IGKV2D-28,-0.13442480564117432,6
1610,DNAJA1,FABP1,IGKV2D-28,0.011658551171422005,23
1611,GPX4,SLC25A5,H4C11,0.02866954356431961,27
1612,IFITM2,JTB,KRT7,0.007856573909521103,25
1613,BTG2,CDK2AP2,LINC00954,-0.010665935464203358,18
1614,GABARAP,IL11RA,ZNF671,-0.014224087819457054,19
1615,GABARAP,PIGR,REP15,0.004040105268359184,23
1616,LGALS3,IL11RA,KLRF1,-0.02776581421494484,14
1617,GPX4,IL32,SAMD10,0.05605965852737427,32
1618,TXNIP,IL32,CDK5R1,-0.09666688740253448,13
1619,HNRNPK,HSPD1,AURKB,0.004883793648332357,24
1620,LGALS3,IL32,CDK5R1,0.025054747238755226,27
1621,GABARAP,SLC25A5,CDK5R1,0.02365470677614212,26
1622,LGALS3,HSPD1,LINC00954,0.009564929641783237,23
1623,GABARAP,JTB,KRT7,0.023470258340239525,31
1624,CHCHD2,TUFM,ZNF671,0.01065647043287754,25
1625,BTF3,IL11RA,IGKV2D-28,0.008407138288021088,24
1626,GPX4,TUFM,LINC00954,0.014611221849918365,27
1627,GABARAP,TUFM,UBASH3A,0.015188554301857948,32
1628,BTG2,JTB,IL18RAP,-0.023246292024850845,18
1629,BTG2,IL32,CDK5R1,-0.012473300099372864,20
1630,BTF3,SLC25A5,REP15,0.013494327664375305,26
1631,IFITM2,SLC25A5,UBASH3A,0.022457491606473923,27
1632,GSTP1,SLC25A5,IGKV2D-28,0.032443106174468994,27
1633,DNAJA1,SFRP4,AGAP2,0.0368434377014637,28
1634,BTF3,JTB,UBASH3A,0.0010944886598736048,25
1635,LGALS3,APRT,AURKB,-0.0037420145235955715,21
1636,CHCHD2,FABP1,IGKV2D-28,-0.0014894711785018444,22
1637,CHCHD2,PLP2,AGAP2,-0.004336919169872999,20
1638,CHCHD2,PLP2,UBASH3A,-0.0039610909298062325,20
1639,LGALS3,SLC25A5,H4C11,0.011742115020751953,24
1640,EID1,CDK2AP2,ZNF671,-0.0008435926283709705,22
1641,IFITM2,CDK2AP2,SIK1,0.010217824950814247,23
1642,TXNIP,TUFM,IGKV2D-28,-0.11139829456806183,7
1643,TXNIP,HSPD1,MRC1,-0.09939857572317123,11
1644,TXNIP,FABP1,AURKB,-0.1206056997179985,6
1645,TXNIP,HSPD1,SIK1,-0.09706301987171173,11
1646,EID1,JTB,AURKB,0.0007226646994240582,22
1647,TXNIP,SLC25A5,SAMD10,-0.08944805711507797,9
1648,GPX4,CYCS,AURKB,0.028081033378839493,25
1649,PPP1R15A,SFRP4,UBASH3A,0.013585714623332024,25
1650,DNAJA1,HSPD1,UBASH3A,0.03156333416700363,25
1651,GPX4,ID2,REP15,0.01944669708609581,28
1652,CHCHD2,APRT,IGKV2D-28,0.01629151776432991,27
1653,GABARAP,PIGR,ZNF671,0.001685993280261755,22
1654,EID1,HSPD1,KLRF1,-0.00852234661579132,21
1655,BTG2,SLC25A5,SIK1,-0.021698331460356712,18
1656,TXNIP,APRT,MRC1,-0.09307494759559631,8
1657,PPP1R15A,APRT,SIK1,0.0027180034667253494,24
1658,PPP1R15A,APRT,AGAP2,0.0037998813204467297,24
1659,DNAJA1,TUFM,REP15,0.03325287997722626,27
1660,DNAJA1,TUFM,CDK5R1,0.03229951858520508,27
1661,GPX4,PIGR,ZNF671,0.00017632037634029984,22
1662,GPX4,ID2,ZNF671,0.015616273507475853,27
1663,CHCHD2,IL11RA,IGKV2D-28,-0.006351594813168049,20
1664,COX6A1,ID2,IL18RAP,0.005028043407946825,23
1665,LGALS3,PIGR,KRT7,-0.021840911358594894,19
1666,IFITM2,SFRP4,CDK5R1,0.02357509359717369,27
1667,BTF3,CYCS,MRC1,0.016256088390946388,27
1668,TXNIP,PIGR,MRC1,-0.1217261403799057,7
1669,BTG2,PLP2,UBASH3A,-0.04061264544725418,13
1670,PPP1R15A,CYCS,KLRF1,-0.0036607738584280014,20
1671,GABARAP,SLC25A5,CDK5R1,0.02365470677614212,26
1672,BTG2,CDK2AP2,UBASH3A,-0.015244890004396439,19
1673,IFITM2,APRT,ZNF671,0.018436793237924576,28
1674,GSTP1,PLP2,SAMD10,-0.0011726333759725094,20
1675,BTF3,JTB,LINC00954,0.0018618464237079024,26
1676,PPP1R15A,SFRP4,REP15,0.013535546138882637,25
1677,LGALS3,HSPD1,AURKB,0.009834258817136288,23
1678,IFITM2,COL15A1,REP15,-0.028138194233179092,20
1679,GABARAP,PLP2,MRC1,0.0015168030513450503,23
1680,BTG2,FABP1,ZNF671,-0.06466513872146606,11
1681,LGALS3,CYCS,SAMD10,-0.003970256075263023,20
1682,BTG2,JTB,KRT7,-0.023886654525995255,17
1683,TXNIP,FABP1,KRT7,-0.12114943563938141,6
1684,HNRNPK,IL32,SAMD10,0.02428887039422989,27
1685,DNAJA1,PLP2,H4C11,0.011938713490962982,26
1686,CHCHD2,CYCS,AURKB,0.015826547518372536,28
1687,DNAJA1,PIGR,AURKB,0.025051020085811615,23
1688,TMBIM6,APRT,ZNF671,0.02228245697915554,27
1689,GSTP1,FABP1,H4C11,-0.0023590042255818844,21
1690,IFITM2,JTB,LINC00954,0.009861953556537628,26
1691,GSTP1,IL32,AURKB,0.03897725045681,33
1692,CHCHD2,ID2,CDK5R1,0.0004331112722866237,22
1693,GABARAP,IL32,CDK5R1,0.05389220640063286,30
1694,IFITM2,IL32,MRC1,0.030822699889540672,29
1695,GSTP1,JTB,REP15,0.015278070233762264,28
1696,GSTP1,IL32,LINC00954,0.041454970836639404,33
1697,DNAJA1,SFRP4,SIK1,0.037820570170879364,26
1698,COX6A1,IL32,UBASH3A,0.020445071160793304,28
1699,EID1,SLC25A5,LINC00954,-0.005184459500014782,21
1700,EID1,HSPD1,KLRF1,-0.00852234661579132,21
1701,IFITM2,FABP1,LINC00954,0.012213249690830708,23
1702,GSTP1,IL32,H4C11,0.043338190764188766,33
1703,TXNIP,HSPD1,SAMD10,-0.09680835902690887,11
1704,COX6A1,PIGR,IGKV2D-28,-0.011308233253657818,21
1705,GSTP1,APRT,KRT7,0.026216644793748856,28
1706,COX6A1,CYCS,AGAP2,0.013057206757366657,27
1707,GSTP1,PIGR,AGAP2,0.007154857739806175,23
1708,LGALS3,ID2,IL18RAP,-0.019384831190109253,21
1709,GPX4,SFRP4,ZNF671,0.028115157037973404,30
1710,BTG2,CYCS,REP15,-0.02099648118019104,17
1711,LGALS3,CYCS,IL18RAP,-0.0041365912184119225,20
1712,TMBIM6,SFRP4,KLRF1,0.015257901512086391,25
1713,HNRNPK,FABP1,MRC1,-0.030865265056490898,17
1714,TMBIM6,CDK2AP2,KRT7,0.004986171144992113,24
1715,COX6A1,FABP1,ZNF671,-0.013840777799487114,20
1716,PPP1R15A,CDK2AP2,SIK1,-0.008016466163098812,20
1717,CHCHD2,IL32,SIK1,0.03516656160354614,33
1718,TMBIM6,FABP1,LINC00954,-0.00665628258138895,20
1719,CHCHD2,ID2,KLRF1,0.0023009737487882376,23
1720,IFITM2,JTB,IL18RAP,0.008280015550553799,25
1721,GSTP1,SFRP4,SAMD10,0.015520947054028511,28
1722,DNAJA1,JTB,ZNF671,0.021904995664954185,26
1723,TXNIP,CDK2AP2,AGAP2,-0.10188351571559906,7
1724,DNAJA1,PIGR,REP15,0.025525469332933426,24
1725,GABARAP,CYCS,UBASH3A,0.020031260326504707,32
1726,BTG2,CDK2AP2,ZNF671,-0.020235206931829453,18
1727,CHCHD2,IL32,SAMD10,0.0364215150475502,33
1728,BTF3,FABP1,KRT7,-0.005080057308077812,21
1729,GPX4,PIGR,KRT7,0.009685825556516647,24
1730,TMBIM6,CYCS,KRT7,-0.0029279652517288923,21
1731,BTF3,FABP1,UBASH3A,-0.005155751947313547,21
1732,TMBIM6,SFRP4,CDK5R1,0.014660338871181011,25
1733,HNRNPK,PIGR,ZNF671,-0.013568812981247902,21
1734,GPX4,APRT,SAMD10,0.02565043978393078,30
1735,PPP1R15A,CYCS,IGKV2D-28,-0.0037551820278167725,20
1736,GABARAP,APRT,H4C11,0.028021538630127907,27
1737,GSTP1,ID2,CDK5R1,0.0275145061314106,28
1738,BTG2,SLC25A5,REP15,-0.02025505155324936,18
1739,TXNIP,FABP1,SIK1,-0.12114610522985458,6
1740,GABARAP,SFRP4,AURKB,0.020641526207327843,29
1741,EID1,SFRP4,SAMD10,0.01441849023103714,25
1742,LGALS3,FABP1,LINC00954,-0.03843596205115318,16
1743,BTG2,PIGR,AURKB,-0.05257507413625717,13
1744,GPX4,IL11RA,KLRF1,-0.007802152074873447,20
1745,CHCHD2,CYCS,LINC00954,0.015832219272851944,28
1746,BTF3,SFRP4,KLRF1,0.008814958855509758,24
1747,TMBIM6,SLC25A5,MRC1,0.011231519281864166,25
1748,TMBIM6,HSPD1,MRC1,0.009459903463721275,26
1749,COX6A1,ID2,UBASH3A,-0.0012402430875226855,22
1750,EID1,PLP2,LINC00954,-0.00885640736669302,21
1751,TMBIM6,CYCS,H4C11,0.012253682129085064,23
1752,GSTP1,APRT,IL18RAP,0.026918578892946243,29
1753,IFITM2,ID2,IGKV2D-28,0.009009834378957748,23
1754,GPX4,CYCS,UBASH3A,0.027699992060661316,26
1755,IFITM2,JTB,ZNF671,0.00544392317533493,24
1756,BTF3,IL32,AURKB,0.05582229793071747,32
1757,EID1,CYCS,KLRF1,-0.004850995726883411,21
1758,HNRNPK,PIGR,CDK5R1,-0.013376131653785706,21
1759,DNAJA1,PLP2,REP15,0.009828321635723114,27
1760,DNAJA1,SFRP4,CDK5R1,0.038020942360162735,26
1761,COX6A1,HSPD1,SIK1,0.021608848124742508,29
1762,BTF3,PIGR,H4C11,-0.0011474023340269923,22
1763,CHCHD2,JTB,AURKB,0.016785580664873123,25
1764,BTG2,APRT,ZNF671,-0.026063933968544006,18
1765,GPX4,ID2,KLRF1,0.02180766873061657,27
1766,COX6A1,APRT,SIK1,0.012181534431874752,23
1767,IFITM2,JTB,CDK5R1,0.007284230552613735,26
1768,DNAJA1,APRT,H4C11,0.03467864543199539,28
1769,HNRNPK,COL15A1,MRC1,-0.014810780063271523,20
1770,GSTP1,PLP2,KLRF1,-0.0009583402425050735,20
1771,HNRNPK,FABP1,KLRF1,-0.03052193857729435,17
1772,GPX4,FABP1,AGAP2,0.0006008728523738682,22
1773,COX6A1,APRT,IL18RAP,0.011901970952749252,23
1774,GABARAP,APRT,KLRF1,0.022095952183008194,28
1775,DNAJA1,APRT,AGAP2,0.033743008971214294,29
1776,GPX4,FABP1,UBASH3A,-0.0011337419273331761,22
1777,CHCHD2,ID2,REP15,0.002046718494966626,23
1778,BTG2,IL11RA,SIK1,-0.04919184744358063,11
1779,BTG2,PIGR,IGKV2D-28,-0.05253506451845169,13
1780,GABARAP,CYCS,ZNF671,0.01866219751536846,30
1781,TMBIM6,HSPD1,H4C11,0.014089895412325859,25
1782,GABARAP,SFRP4,REP15,0.021858980879187584,27
1783,TXNIP,CYCS,REP15,-0.10046249628067017,9
1784,PPP1R15A,SFRP4,AGAP2,0.015156667679548264,25
1785,BTG2,IL11RA,LINC00954,-0.05047373101115227,11
1786,BTG2,APRT,AURKB,-0.02497698739171028,19
1787,DNAJA1,JTB,SIK1,0.021888000890612602,24
1788,GSTP1,IL32,IGKV2D-28,0.03897725045681,33
1789,LGALS3,IL32,MRC1,0.023122845217585564,27
1790,EID1,IL32,MRC1,0.018643857911229134,30
1791,TXNIP,COL15A1,ZNF671,-0.13996751606464386,6
1792,GSTP1,PLP2,ZNF671,-0.001442731823772192,21
1793,TXNIP,PLP2,IGKV2D-28,-0.11114679276943207,4
1794,TMBIM6,IL11RA,REP15,-0.011199338361620903,16
1795,LGALS3,COL15A1,KRT7,-0.029545241966843605,16
1796,EID1,JTB,AGAP2,0.000703750760294497,22
1797,CHCHD2,FABP1,SAMD10,-0.001456157653592527,22
1798,DNAJA1,HSPD1,IGKV2D-28,0.03239697217941284,25
1799,GSTP1,IL11RA,REP15,-0.002660155761986971,21
1800,TMBIM6,IL11RA,ZNF671,-0.0123515073210001,17
1801,TMBIM6,APRT,ZNF671,0.02228245697915554,27
1802,BTG2,SFRP4,UBASH3A,-0.020569052547216415,20
1803,COX6A1,IL32,KRT7,0.020600484684109688,28
1804,COX6A1,FABP1,LINC00954,-0.014587679877877235,20
1805,GABARAP,ID2,ZNF671,0.01545938290655613,27
1806,IFITM2,COL15A1,AURKB,-0.02686382085084915,20
1807,DNAJA1,ID2,KRT7,0.028147181496024132,26
1808,HNRNPK,CYCS,REP15,-0.0059200129471719265,19
1809,GSTP1,SFRP4,AGAP2,0.020565733313560486,29
1810,BTF3,JTB,ZNF671,0.0010860481997951865,25
1811,GPX4,ID2,SIK1,0.02012268826365471,26
1812,CHCHD2,APRT,CDK5R1,0.01657828316092491,27
1813,LGALS3,CYCS,UBASH3A,-0.004007135983556509,21
1814,GSTP1,APRT,IL18RAP,0.026918578892946243,29
1815,HNRNPK,IL32,KLRF1,0.02952692285180092,27
1816,GSTP1,COL15A1,IGKV2D-28,-0.008009308949112892,21
1817,BTF3,TUFM,IGKV2D-28,0.017831195145845413,25
1818,BTG2,PLP2,IL18RAP,-0.038690224289894104,12
1819,TXNIP,ID2,SAMD10,-0.1168915182352066,10
1820,DNAJA1,SLC25A5,UBASH3A,0.020938197150826454,26
1821,GABARAP,CDK2AP2,AURKB,0.009393911808729172,30
1822,TXNIP,SLC25A5,CDK5R1,-0.08963245153427124,9
1823,GABARAP,ID2,AGAP2,0.016948850825428963,27
1824,BTF3,COL15A1,ZNF671,-0.02712862752377987,17
1825,GPX4,SLC25A5,REP15,0.02887401171028614,27
1826,COX6A1,PIGR,KLRF1,-0.011503145098686218,21
1827,DNAJA1,APRT,UBASH3A,0.03381578251719475,28
1828,GPX4,PLP2,SAMD10,0.007744709029793739,26
1829,BTG2,FABP1,KRT7,-0.06394262611865997,11
1830,TXNIP,SLC25A5,KLRF1,-0.08942084014415741,9
1831,BTF3,CDK2AP2,LINC00954,-0.00024234515149146318,22
1832,GABARAP,CDK2AP2,SIK1,0.009711675345897675,30
1833,BTF3,FABP1,KLRF1,-0.005140847060829401,21
1834,TXNIP,SFRP4,IL18RAP,-0.10570214688777924,12
1835,GABARAP,ID2,CDK5R1,0.017516467720270157,27
1836,GSTP1,TUFM,UBASH3A,0.006219941191375256,24
1837,CHCHD2,SFRP4,UBASH3A,0.01051604375243187,23
1838,GABARAP,CYCS,ZNF671,0.01866219751536846,30
1839,IFITM2,CYCS,SAMD10,0.019475381821393967,28
1840,TXNIP,APRT,H4C11,-0.0888008400797844,9
1841,GSTP1,FABP1,H4C11,-0.0023590042255818844,21
1842,IFITM2,SLC25A5,SAMD10,0.022658225148916245,27
1843,GSTP1,JTB,KLRF1,0.016141284257173538,27
1844,GSTP1,COL15A1,KLRF1,-0.00811005663126707,21
1845,BTF3,JTB,AGAP2,0.0030777566134929657,24
1846,DNAJA1,CYCS,ZNF671,0.029338829219341278,27
1847,BTG2,PLP2,H4C11,-0.03556066378951073,12
1848,TXNIP,JTB,AGAP2,-0.09030580520629883,12
1849,EID1,IL32,KRT7,0.016816288232803345,30
1850,BTF3,JTB,LINC00954,0.0018618464237079024,26
1851,GPX4,JTB,KLRF1,0.026610231027007103,29
1852,GABARAP,TUFM,IGKV2D-28,0.015015020966529846,31
1853,BTF3,APRT,SAMD10,0.01811845228075981,28
1854,TXNIP,SFRP4,KRT7,-0.10639536380767822,12
1855,BTG2,JTB,REP15,-0.02307659015059471,18
1856,HNRNPK,IL11RA,ZNF671,-0.033971451222896576,15
1857,IFITM2,CDK2AP2,IGKV2D-28,0.01012331061065197,23
1858,IFITM2,TUFM,MRC1,0.009251237846910954,24
1859,BTF3,HSPD1,REP15,0.008487604558467865,26
1860,IFITM2,IL11RA,SIK1,0.00012403349683154374,22
1861,GPX4,IL32,REP15,0.055697206407785416,32
1862,CHCHD2,HSPD1,SIK1,0.006813813000917435,23
1863,BTF3,IL11RA,CDK5R1,0.005906856618821621,23
1864,IFITM2,HSPD1,SAMD10,0.028974808752536774,27
1865,GABARAP,CDK2AP2,AURKB,0.009393911808729172,30
1866,HNRNPK,JTB,CDK5R1,-0.005742610432207584,20
1867,BTG2,ID2,MRC1,-0.03310102969408035,15
1868,COX6A1,CYCS,ZNF671,0.01227994542568922,27
1869,CHCHD2,CDK2AP2,LINC00954,0.007096839137375355,24
1870,GSTP1,IL11RA,IGKV2D-28,-0.0005819787620566785,22
1871,DNAJA1,IL11RA,SAMD10,0.009367361664772034,26
1872,PPP1R15A,APRT,H4C11,0.0023190518841147423,24
1873,HNRNPK,IL11RA,H4C11,-0.03413911908864975,14
1874,PPP1R15A,COL15A1,SAMD10,-0.021829044446349144,18
1875,TXNIP,CDK2AP2,CDK5R1,-0.10349737852811813,7
1876,EID1,COL15A1,SAMD10,-0.043039239943027496,14
1877,EID1,SFRP4,SAMD10,0.01441849023103714,25
1878,IFITM2,HSPD1,CDK5R1,0.028936371207237244,28
1879,GABARAP,SFRP4,AURKB,0.020641526207327843,29
1880,EID1,FABP1,KLRF1,-0.02131003886461258,19
1881,BTF3,SLC25A5,H4C11,0.016228506341576576,26
1882,GPX4,COL15A1,IL18RAP,-0.0018439257983118296,22
1883,BTG2,SFRP4,H4C11,-0.020648416131734848,19
1884,GPX4,HSPD1,LINC00954,0.03737854212522507,28
1885,PPP1R15A,HSPD1,SIK1,0.009292561560869217,23
1886,TMBIM6,ID2,H4C11,0.012616623193025589,26
1887,CHCHD2,COL15A1,AGAP2,-0.014265038073062897,18
1888,TXNIP,CYCS,ZNF671,-0.10466405749320984,9
1889,GABARAP,HSPD1,SIK1,0.023726120591163635,30
1890,COX6A1,HSPD1,AGAP2,0.019887249916791916,28
1891,GPX4,TUFM,IL18RAP,0.014602813869714737,27
1892,HNRNPK,ID2,REP15,0.0021561356261372566,23
1893,IFITM2,IL32,CDK5R1,0.032600536942481995,29
1894,TXNIP,PLP2,ZNF671,-0.111182302236557,4
1895,TMBIM6,SLC25A5,KRT7,0.011653892695903778,25
1896,LGALS3,CYCS,REP15,-0.0035087154246866703,21
1897,EID1,SFRP4,SAMD10,0.01441849023103714,25
1898,EID1,SLC25A5,IGKV2D-28,-0.0010163793340325356,22
1899,GSTP1,HSPD1,AURKB,0.030157528817653656,29
1900,LGALS3,CDK2AP2,SIK1,0.0161701999604702,25
1901,DNAJA1,CYCS,KRT7,0.030008841305971146,27
1902,HNRNPK,IL32,KLRF1,0.02952692285180092,27
1903,TMBIM6,SLC25A5,MRC1,0.011231519281864166,25
1904,LGALS3,SLC25A5,KLRF1,0.0052926912903785706,23
1905,GSTP1,PIGR,ZNF671,0.005686313379555941,23
1906,DNAJA1,PLP2,AURKB,0.00780034065246582,27
1907,HNRNPK,CDK2AP2,IL18RAP,-0.005835308693349361,21
1908,IFITM2,COL15A1,ZNF671,-0.02766968309879303,20
1909,EID1,TUFM,CDK5R1,4.498070848057978e-05,22
1910,GPX4,COL15A1,KLRF1,-0.0023027800489217043,22
1911,GPX4,SFRP4,SIK1,0.029156554490327835,31
1912,EID1,CDK2AP2,IL18RAP,-0.000349674082826823,22
1913,TMBIM6,JTB,CDK5R1,0.009779438376426697,26
1914,COX6A1,CYCS,SAMD10,0.01355352159589529,27
1915,DNAJA1,CDK2AP2,REP15,0.030653268098831177,28
1916,DNAJA1,TUFM,MRC1,0.032666318118572235,27
1917,GSTP1,IL32,KLRF1,0.03919189050793648,33
1918,CHCHD2,FABP1,H4C11,-0.0009746204596012831,21
1919,PPP1R15A,APRT,KRT7,0.0022228099405765533,24
1920,BTF3,IL11RA,ZNF671,0.00809512659907341,23
1921,LGALS3,HSPD1,KLRF1,0.009562073275446892,23
1922,EID1,SLC25A5,UBASH3A,-0.008471173234283924,21
1923,TMBIM6,ID2,LINC00954,0.013559015467762947,26
1924,BTF3,CDK2AP2,KRT7,-0.002531421836465597,21
1925,CHCHD2,COL15A1,H4C11,-0.009622151032090187,17
1926,GPX4,CDK2AP2,IL18RAP,0.030675102025270462,30
1927,TMBIM6,APRT,ZNF671,0.02228245697915554,27
1928,GPX4,CDK2AP2,CDK5R1,0.03012816794216633,29
1929,PPP1R15A,PIGR,LINC00954,-0.024930626153945923,20
1930,IFITM2,HSPD1,IL18RAP,0.02880697511136532,28
1931,DNAJA1,COL15A1,IGKV2D-28,-0.005927794612944126,18
1932,GPX4,PIGR,UBASH3A,0.009650781750679016,24
1933,EID1,IL11RA,IGKV2D-28,-0.028203660622239113,16
1934,IFITM2,COL15A1,SIK1,-0.02068241313099861,20
1935,TMBIM6,SLC25A5,LINC00954,0.011805107817053795,25
1936,GSTP1,CDK2AP2,MRC1,0.030635874718427658,26
1937,GABARAP,HSPD1,SAMD10,0.020913016051054,28
1938,IFITM2,IL11RA,MRC1,-0.0012386863818392158,21
1939,HNRNPK,JTB,ZNF671,-0.00613898690789938,20
1940,DNAJA1,CDK2AP2,KLRF1,0.027161527425050735,28
1941,GPX4,TUFM,AURKB,0.014583917334675789,27
1942,CHCHD2,IL11RA,AURKB,-0.006351594813168049,21
1943,BTG2,TUFM,SIK1,-0.026711001992225647,16
1944,TMBIM6,CDK2AP2,KLRF1,0.0031384872272610664,24
1945,GPX4,FABP1,REP15,-0.001281257253140211,22
1946,IFITM2,PLP2,AURKB,0.01782047189772129,25
1947,PPP1R15A,ID2,H4C11,0.002328464761376381,22
1948,LGALS3,SFRP4,LINC00954,0.01775667443871498,25
1949,COX6A1,IL11RA,IL18RAP,-0.017551839351654053,19
1950,TXNIP,IL11RA,CDK5R1,-0.13343077898025513,6
1951,TMBIM6,ID2,REP15,0.010975787416100502,26
1952,EID1,FABP1,AGAP2,-0.01980031654238701,19
1953,LGALS3,APRT,IGKV2D-28,-0.0033575063571333885,21
1954,HNRNPK,JTB,SAMD10,-0.0038732762914150953,21
1955,GABARAP,IL32,KLRF1,0.05040194094181061,30
1956,TMBIM6,APRT,SAMD10,0.02201901003718376,27
1957,DNAJA1,IL32,UBASH3A,0.04395192861557007,34
1958,GSTP1,PLP2,H4C11,-0.0011391135631129146,21
1959,GSTP1,HSPD1,UBASH3A,0.029639557003974915,29
1960,GSTP1,HSPD1,CDK5R1,0.031078580766916275,30
1961,LGALS3,SLC25A5,AGAP2,0.006082599051296711,23
1962,CHCHD2,JTB,KRT7,0.016555024310946465,25
1963,EID1,ID2,IL18RAP,-0.0014205067418515682,22
1964,DNAJA1,APRT,ZNF671,0.03372931107878685,28
1965,GPX4,HSPD1,SAMD10,0.037319116294384,26
1966,IFITM2,PLP2,H4C11,0.01757737435400486,26
1967,HNRNPK,CYCS,MRC1,-0.0063214488327503204,19
1968,EID1,COL15A1,H4C11,-0.041793644428253174,14
1969,GSTP1,TUFM,CDK5R1,0.007919222116470337,26
1970,EID1,APRT,SAMD10,-0.005232350435107946,18
1971,LGALS3,FABP1,ZNF671,-0.06784167885780334,16
1972,LGALS3,IL11RA,SIK1,-0.028586987406015396,14
1973,BTF3,FABP1,UBASH3A,-0.005155751947313547,21
1974,DNAJA1,COL15A1,LINC00954,-0.004221647046506405,20
1975,IFITM2,PIGR,AGAP2,0.012816285714507103,23
1976,LGALS3,PLP2,LINC00954,-0.015027115121483803,20
1977,DNAJA1,IL11RA,REP15,0.010597936809062958,25
1978,LGALS3,SLC25A5,AURKB,0.0064687300473451614,23
1979,EID1,TUFM,ZNF671,0.0010554970940575004,22
1980,DNAJA1,FABP1,IGKV2D-28,0.011658551171422005,23
1981,GPX4,HSPD1,REP15,0.034507911652326584,28
1982,CHCHD2,SFRP4,CDK5R1,0.008714749477803707,23
1983,COX6A1,COL15A1,LINC00954,-0.008842653594911098,21
1984,EID1,COL15A1,REP15,-0.046421825885772705,13
1985,CHCHD2,APRT,H4C11,0.01962314546108246,27
1986,TMBIM6,COL15A1,IGKV2D-28,-0.01645715720951557,17
1987,GSTP1,PIGR,CDK5R1,0.007091664709150791,23
1988,IFITM2,ID2,AGAP2,0.009805084206163883,23
1989,PPP1R15A,FABP1,MRC1,-0.024949936196208,15
1990,TXNIP,APRT,IL18RAP,-0.08999436348676682,8
1991,TMBIM6,SFRP4,REP15,0.013505905866622925,27
1992,GSTP1,SLC25A5,REP15,0.036812495440244675,26
1993,GSTP1,JTB,AGAP2,0.017041770741343498,28
1994,PPP1R15A,APRT,ZNF671,0.0005469437455758452,23
1995,GSTP1,TUFM,SAMD10,0.005812203511595726,24
1996,DNAJA1,CDK2AP2,ZNF671,0.027392316609621048,28
1997,COX6A1,SFRP4,KLRF1,0.003538625780493021,23
1998,TXNIP,FABP1,MRC1,-0.12148205935955048,6
1999,GPX4,JTB,KLRF1,0.026610231027007103,29
2000,GSTP1,CDK2AP2,IGKV2D-28,0.030602987855672836,26
2001,GSTP1,CDK2AP2,SIK1,0.029526274651288986,27
2002,COX6A1,TUFM,SAMD10,0.01227196678519249,24
2003,EID1,IL32,H4C11,0.020418662577867508,30
2004,GABARAP,IL11RA,AGAP2,-0.012741152197122574,19
2005,LGALS3,HSPD1,UBASH3A,0.009148304350674152,23
2006,TXNIP,SLC25A5,MRC1,-0.0952264815568924,9
2007,HNRNPK,FABP1,MRC1,-0.030865265056490898,17
2008,IFITM2,CDK2AP2,LINC00954,0.009131727740168571,23
2009,IFITM2,TUFM,MRC1,0.009251237846910954,24
2010,COX6A1,PLP2,AGAP2,-0.009109079837799072,19
2011,DNAJA1,APRT,MRC1,0.032634347677230835,29
2012,BTG2,COL15A1,ZNF671,-0.06904615461826324,13
2013,LGALS3,IL32,REP15,0.01882886327803135,27
2014,TMBIM6,PLP2,H4C11,0.004078119061887264,23
2015,PPP1R15A,PIGR,UBASH3A,-0.025058867409825325,20
2016,TXNIP,APRT,CDK5R1,-0.09087325632572174,8
2017,EID1,COL15A1,CDK5R1,-0.04346310719847679,13
2018,BTG2,CYCS,H4C11,-0.024660415947437286,16
2019,GSTP1,SLC25A5,REP15,0.036812495440244675,26
2020,IFITM2,JTB,SAMD10,0.00828030239790678,24
2021,EID1,SFRP4,SIK1,0.013781944289803505,26
2022,LGALS3,IL32,REP15,0.01882886327803135,27
2023,HNRNPK,JTB,LINC00954,-0.004219478461891413,20
2024,TMBIM6,SLC25A5,KLRF1,0.011572469025850296,25
2025,EID1,PLP2,AURKB,-0.009548352099955082,21
2026,IFITM2,FABP1,AGAP2,3.690877929329872e-05,22
2027,LGALS3,TUFM,H4C11,-0.008227742277085781,21
2028,TMBIM6,FABP1,KRT7,-0.006016796920448542,20
2029,GSTP1,TUFM,KRT7,0.005099751986563206,24
2030,GPX4,IL32,H4C11,0.054596953094005585,31
2031,PPP1R15A,HSPD1,UBASH3A,0.008705511689186096,23
2032,TXNIP,CYCS,H4C11,-0.09323735535144806,9
2033,GPX4,PIGR,REP15,0.009249063208699226,24
2034,LGALS3,PIGR,LINC00954,-0.014586610719561577,20
2035,COX6A1,HSPD1,SAMD10,0.019350849092006683,28
2036,HNRNPK,CDK2AP2,AGAP2,-0.005906215403228998,21
2037,LGALS3,HSPD1,ZNF671,0.010955979116261005,23
2038,CHCHD2,CYCS,H4C11,0.017005644738674164,28
2039,TXNIP,IL32,SAMD10,-0.09651881456375122,12
2040,DNAJA1,ID2,KLRF1,0.030879318714141846,26
2041,GPX4,TUFM,UBASH3A,0.014499465003609657,28
2042,TXNIP,CYCS,AGAP2,-0.10086449980735779,9
2043,TMBIM6,CDK2AP2,IGKV2D-28,0.004875555168837309,24
2044,EID1,APRT,IL18RAP,-0.005077313631772995,17
2045,BTG2,IL11RA,KRT7,-0.04996643215417862,10
2046,HNRNPK,SLC25A5,AGAP2,-0.008856994099915028,20
2047,BTF3,PIGR,IL18RAP,0.0013021677732467651,22
2048,DNAJA1,CYCS,SAMD10,0.03087109699845314,26
2049,COX6A1,PIGR,REP15,-0.0073578841984272,21
2050,TMBIM6,CDK2AP2,MRC1,0.004760093986988068,24
2051,BTF3,PLP2,LINC00954,-0.0062148855067789555,21
2052,GPX4,APRT,REP15,0.025936603546142578,30
2053,IFITM2,APRT,IL18RAP,0.0238821879029274,28
2054,TXNIP,JTB,REP15,-0.0934600830078125,13
2055,GABARAP,PLP2,SAMD10,-0.000595934281591326,22
2056,IFITM2,SLC25A5,AGAP2,0.02349456027150154,27
2057,CHCHD2,APRT,LINC00954,0.016308406367897987,27
2058,COX6A1,SFRP4,SAMD10,-0.0007532748859375715,22
2059,GABARAP,HSPD1,IL18RAP,0.023680930957198143,30
2060,DNAJA1,SFRP4,AGAP2,0.0368434377014637,28
2061,TMBIM6,IL32,SAMD10,0.0423668771982193,29
2062,HNRNPK,FABP1,SAMD10,-0.024340558797121048,17
2063,LGALS3,CDK2AP2,IGKV2D-28,0.013230212032794952,25
2064,GPX4,TUFM,IL18RAP,0.014602813869714737,27
2065,TXNIP,PIGR,SIK1,-0.12410111725330353,8
2066,EID1,ID2,AGAP2,-0.0033365986309945583,21
2067,HNRNPK,COL15A1,AGAP2,-0.013215770944952965,20
2068,BTG2,COL15A1,UBASH3A,-0.05953916907310486,13
2069,PPP1R15A,APRT,REP15,0.0013858258025720716,23
2070,PPP1R15A,IL32,H4C11,0.03772009164094925,29
2071,EID1,IL32,MRC1,0.018643857911229134,30
2072,GABARAP,IL11RA,SAMD10,-0.012734560295939445,20
2073,HNRNPK,ID2,AGAP2,-0.0013498058542609215,22
2074,LGALS3,TUFM,CDK5R1,-0.00502672977745533,20
2075,GABARAP,TUFM,ZNF671,0.012101845815777779,30
2076,IFITM2,CDK2AP2,LINC00954,0.009131727740168571,23
2077,BTF3,PIGR,IGKV2D-28,4.695415555033833e-06,22
2078,GSTP1,PIGR,KRT7,0.006840188056230545,23
2079,GPX4,SLC25A5,IGKV2D-28,0.03017456829547882,27
2080,TXNIP,COL15A1,AGAP2,-0.13861554861068726,6
2081,GABARAP,SLC25A5,LINC00954,0.023601485416293144,26
2082,PPP1R15A,FABP1,MRC1,-0.024949936196208,15
2083,HNRNPK,FABP1,KLRF1,-0.03052193857729435,17
2084,BTG2,IL32,SAMD10,-0.012967459857463837,20
2085,LGALS3,HSPD1,H4C11,0.01082183513790369,23
2086,GABARAP,HSPD1,KRT7,0.01996205560863018,28
2087,COX6A1,PIGR,CDK5R1,-0.011959124356508255,21
2088,COX6A1,HSPD1,KLRF1,0.01903274841606617,28
2089,GPX4,HSPD1,ZNF671,0.03892027959227562,27
2090,PPP1R15A,IL32,KLRF1,0.03462813049554825,29
2091,IFITM2,CYCS,IL18RAP,0.019957493990659714,28
2092,TXNIP,PIGR,SIK1,-0.12410111725330353,8
2093,GABARAP,APRT,IL18RAP,0.028844842687249184,28
2094,GPX4,JTB,KLRF1,0.026610231027007103,29
2095,PPP1R15A,PLP2,IGKV2D-28,-0.019562214612960815,17
2096,TMBIM6,IL32,H4C11,0.04210161417722702,29
2097,TMBIM6,CYCS,CDK5R1,-0.0028795029502362013,21
2098,TMBIM6,COL15A1,IL18RAP,-0.016387300565838814,16
2099,TMBIM6,JTB,LINC00954,0.009425872936844826,26
2100,CHCHD2,FABP1,CDK5R1,-0.0005957998801022768,22
2101,COX6A1,IL32,UBASH3A,0.020445071160793304,28
2102,GABARAP,COL15A1,ZNF671,-0.0035898624919354916,21
2103,COX6A1,SFRP4,UBASH3A,0.003589665750041604,23
2104,BTF3,SFRP4,REP15,0.011590048670768738,23
2105,DNAJA1,CDK2AP2,LINC00954,0.02734992280602455,28
2106,HNRNPK,HSPD1,SAMD10,0.004822968039661646,24
2107,TXNIP,JTB,KRT7,-0.09691772609949112,12
2108,EID1,FABP1,AGAP2,-0.01980031654238701,19
2109,TXNIP,APRT,AURKB,-0.09093895554542542,9
2110,TXNIP,COL15A1,SIK1,-0.13517019152641296,6
2111,COX6A1,ID2,SAMD10,-0.0011557545512914658,22
2112,IFITM2,PIGR,REP15,0.01428072340786457,23
2113,TXNIP,FABP1,KLRF1,-0.12189039587974548,6
2114,GSTP1,IL32,IGKV2D-28,0.03897725045681,33
2115,TXNIP,IL32,CDK5R1,-0.09666688740253448,13
2116,LGALS3,APRT,SAMD10,-0.0033868178725242615,21
2117,EID1,PLP2,IGKV2D-28,-0.012637456879019737,21
2118,DNAJA1,JTB,IGKV2D-28,0.021832309663295746,25
2119,BTG2,PLP2,KLRF1,-0.04068636894226074,12
2120,BTF3,CDK2AP2,MRC1,-0.0034397044219076633,21
2121,GSTP1,IL32,AURKB,0.03897725045681,33
2122,GABARAP,COL15A1,SAMD10,-0.00040797051042318344,22
2123,BTF3,IL11RA,SIK1,0.007809111848473549,23
2124,TMBIM6,CYCS,MRC1,-0.0031096742022782564,21
2125,PPP1R15A,CYCS,IL18RAP,-0.002266630530357361,21
2126,GABARAP,FABP1,AURKB,0.0017256613355129957,25
2127,HNRNPK,SLC25A5,SAMD10,-0.0095368018373847,19
2128,BTG2,IL32,SAMD10,-0.012967459857463837,20
2129,GABARAP,SLC25A5,KRT7,0.02322944812476635,26
2130,HNRNPK,CDK2AP2,REP15,-0.0041269841603934765,22
2131,BTG2,SFRP4,H4C11,-0.020648416131734848,19
2132,TMBIM6,PLP2,IGKV2D-28,0.002829788951203227,23
2133,COX6A1,IL32,H4C11,0.020242255181074142,29
2134,IFITM2,APRT,UBASH3A,0.023786768317222595,28
2135,BTG2,CYCS,LINC00954,-0.023407626897096634,17
2136,HNRNPK,HSPD1,KLRF1,0.0034925281070172787,24
2137,TXNIP,TUFM,CDK5R1,-0.11015518009662628,7
2138,BTG2,APRT,H4C11,-0.02441275492310524,19
2139,HNRNPK,CYCS,IL18RAP,-0.00328942877240479,19
2140,GPX4,SFRP4,MRC1,0.028128210455179214,31
2141,HNRNPK,FABP1,LINC00954,-0.023749522864818573,18
2142,BTG2,COL15A1,CDK5R1,-0.06521216779947281,13
2143,TXNIP,COL15A1,LINC00954,-0.1262800246477127,6
2144,BTG2,ID2,UBASH3A,-0.03208744898438454,15
2145,TXNIP,APRT,SAMD10,-0.09303675591945648,8
2146,CHCHD2,CYCS,CDK5R1,0.01598612777888775,28
2147,GABARAP,APRT,SAMD10,0.02588849700987339,28
2148,TMBIM6,CDK2AP2,KRT7,0.004986171144992113,24
2149,HNRNPK,IL32,UBASH3A,0.029942411929368973,27
2150,IFITM2,CDK2AP2,H4C11,0.008119108155369759,25
2151,BTG2,SFRP4,UBASH3A,-0.020569052547216415,20
2152,BTG2,SLC25A5,IGKV2D-28,-0.020735472440719604,18
2153,PPP1R15A,IL11RA,CDK5R1,-0.022278934717178345,16
2154,GPX4,SFRP4,UBASH3A,0.028425611555576324,31
2155,GSTP1,CYCS,IGKV2D-28,0.02072978764772415,28
2156,TMBIM6,CYCS,ZNF671,-0.0026515766512602568,22
2157,PPP1R15A,IL11RA,SIK1,-0.02671291120350361,17
2158,CHCHD2,ID2,AURKB,0.004236260429024696,23
2159,IFITM2,CYCS,MRC1,0.019246140494942665,28
2160,COX6A1,IL11RA,UBASH3A,-0.016346771270036697,19
2161,EID1,APRT,REP15,-0.004138488322496414,19
2162,LGALS3,HSPD1,SIK1,0.0056792087852954865,22
2163,TXNIP,SLC25A5,REP15,-0.0896797627210617,9
2164,EID1,APRT,LINC00954,-0.005053575616329908,17
2165,PPP1R15A,SLC25A5,IL18RAP,-0.00901433452963829,21
2166,TXNIP,COL15A1,SIK1,-0.13517019152641296,6
2167,PPP1R15A,TUFM,SAMD10,-0.0021721788216382265,22
2168,DNAJA1,PIGR,SIK1,0.024998582899570465,23
2169,IFITM2,PLP2,LINC00954,0.020244687795639038,26
2170,TXNIP,FABP1,SIK1,-0.12114610522985458,6
2171,CHCHD2,JTB,AGAP2,0.014841685071587563,25
2172,GSTP1,CYCS,UBASH3A,0.019969820976257324,28
2173,BTF3,SLC25A5,H4C11,0.016228506341576576,26
2174,TXNIP,IL11RA,AGAP2,-0.13407881557941437,6
2175,GPX4,CYCS,H4C11,0.02735034190118313,25
2176,LGALS3,PIGR,ZNF671,-0.02743542566895485,18
2177,IFITM2,JTB,AURKB,0.008146527223289013,25
2178,HNRNPK,JTB,REP15,-0.005158280022442341,20
2179,BTF3,PIGR,SIK1,0.0013403529301285744,23
2180,BTG2,CDK2AP2,IGKV2D-28,-0.015153427608311176,19
2181,BTF3,CDK2AP2,AURKB,-0.002383050974458456,21
2182,EID1,ID2,SAMD10,-0.002047893824055791,21
2183,COX6A1,SFRP4,LINC00954,0.003727019065991044,23
2184,PPP1R15A,APRT,KLRF1,0.0025799847207963467,23
2185,TXNIP,APRT,IGKV2D-28,-0.0842885822057724,8
2186,TMBIM6,PLP2,UBASH3A,0.0020564477890729904,23
2187,GSTP1,CYCS,CDK5R1,0.02416960708796978,28
2188,PPP1R15A,CDK2AP2,H4C11,-0.010527489706873894,20
2189,PPP1R15A,CYCS,MRC1,-0.0039839972741901875,20
2190,DNAJA1,CDK2AP2,KLRF1,0.027161527425050735,28
2191,GPX4,PLP2,AURKB,0.014144910499453545,25
2192,TXNIP,TUFM,MRC1,-0.11416679620742798,7
2193,TMBIM6,PLP2,SAMD10,0.0023437156341969967,23
2194,COX6A1,CYCS,MRC1,0.013104931451380253,27
2195,TMBIM6,CDK2AP2,MRC1,0.004760093986988068,24
2196,EID1,CYCS,KLRF1,-0.004850995726883411,21
2197,PPP1R15A,SFRP4,LINC00954,0.01953323930501938,25
2198,COX6A1,HSPD1,UBASH3A,0.01997065171599388,28
2199,COX6A1,JTB,AGAP2,0.009761788882315159,24
2200,COX6A1,PIGR,MRC1,-0.008587202988564968,21
2201,COX6A1,TUFM,H4C11,0.01218528114259243,25
2202,TMBIM6,SLC25A5,AGAP2,0.01160670630633831,26
2203,GPX4,SFRP4,CDK5R1,0.025398634374141693,31
2204,LGALS3,COL15A1,KRT7,-0.029545241966843605,16
2205,PPP1R15A,TUFM,UBASH3A,-0.0014092966448515654,22
2206,PPP1R15A,FABP1,SIK1,-0.02369045466184616,15
2207,GSTP1,FABP1,MRC1,0.0023921248503029346,22
2208,HNRNPK,HSPD1,SAMD10,0.004822968039661646,24
2209,BTG2,COL15A1,AGAP2,-0.06657637655735016,14
2210,TMBIM6,TUFM,MRC1,0.00785043090581894,24
2211,TXNIP,ID2,IGKV2D-28,-0.11214900016784668,11
2212,BTG2,JTB,REP15,-0.02307659015059471,18
2213,CHCHD2,JTB,IL18RAP,0.022815868258476257,25
2214,IFITM2,PLP2,IL18RAP,0.01798594370484352,25
2215,DNAJA1,FABP1,LINC00954,0.011973315849900246,23
2216,GSTP1,IL11RA,REP15,-0.002660155761986971,21
2217,GABARAP,SFRP4,IL18RAP,0.028956688940525055,29
2218,COX6A1,CDK2AP2,IGKV2D-28,0.007269660942256451,25
2219,GSTP1,PIGR,AURKB,0.009882654994726181,23
2220,PPP1R15A,APRT,ZNF671,0.0005469437455758452,23
2221,PPP1R15A,ID2,REP15,-0.009389521554112434,22
2222,BTG2,TUFM,AURKB,-0.02690519019961357,16
2223,COX6A1,CYCS,REP15,0.012814586982131004,28
2224,HNRNPK,ID2,AGAP2,-0.0013498058542609215,22
2225,PPP1R15A,CDK2AP2,IL18RAP,-0.0055466629564762115,21
2226,BTF3,COL15A1,CDK5R1,-0.022851567715406418,17
2227,TXNIP,PIGR,UBASH3A,-0.12172757834196091,7
2228,CHCHD2,CDK2AP2,IGKV2D-28,0.007096839137375355,24
2229,GPX4,JTB,AURKB,0.026760529726743698,29
2230,BTG2,PLP2,CDK5R1,-0.039015933871269226,12
2231,GPX4,CYCS,UBASH3A,0.027699992060661316,26
2232,BTG2,CDK2AP2,AGAP2,-0.014978169463574886,19
2233,GSTP1,CYCS,IGKV2D-28,0.02072978764772415,28
2234,TMBIM6,APRT,H4C11,0.02312486432492733,28
2235,COX6A1,HSPD1,ZNF671,0.020665276795625687,27
2236,EID1,JTB,KLRF1,0.0006787619786337018,22
2237,LGALS3,COL15A1,CDK5R1,-0.028591586276888847,16
2238,IFITM2,FABP1,UBASH3A,-0.0015251270961016417,22
2239,TMBIM6,PIGR,ZNF671,-0.0003167114919051528,21
2240,DNAJA1,COL15A1,REP15,-0.006221828982234001,19
2241,IFITM2,IL32,SAMD10,0.032181888818740845,29
2242,BTF3,SFRP4,MRC1,0.00933842733502388,24
2243,TXNIP,CDK2AP2,LINC00954,-0.09105876833200455,7
2244,BTF3,PIGR,REP15,-0.0022693632636219263,20
2245,COX6A1,SLC25A5,IL18RAP,0.0007166161667555571,22
2246,TMBIM6,CDK2AP2,LINC00954,0.008849943056702614,24
2247,IFITM2,PLP2,AURKB,0.01782047189772129,25
2248,GABARAP,SFRP4,H4C11,0.028084436431527138,28
2249,TMBIM6,PIGR,KLRF1,-9.062459866981953e-05,21
2250,IFITM2,JTB,IGKV2D-28,0.01309925876557827,25
2251,HNRNPK,CDK2AP2,CDK5R1,-0.002904703374952078,22
2252,LGALS3,SFRP4,IGKV2D-28,0.017702780663967133,25
2253,GPX4,FABP1,IL18RAP,-0.0012175512965768576,22
2254,GSTP1,COL15A1,AGAP2,-0.008102535270154476,21
2255,GPX4,PLP2,LINC00954,0.013910256326198578,25
2256,DNAJA1,COL15A1,SAMD10,-0.00830585416406393,20
2257,GABARAP,SFRP4,KLRF1,0.019002236425876617,29
2258,CHCHD2,APRT,IL18RAP,0.016584090888500214,27
2259,EID1,SFRP4,UBASH3A,0.014758531004190445,27
2260,BTF3,SFRP4,SIK1,0.0075364853255450726,24
2261,LGALS3,COL15A1,MRC1,-0.029562434181571007,16
2262,PPP1R15A,SLC25A5,H4C11,-0.005790563300251961,20
2263,DNAJA1,CDK2AP2,LINC00954,0.02734992280602455,28
2264,TMBIM6,IL32,CDK5R1,0.04330825060606003,29
2265,IFITM2,SLC25A5,UBASH3A,0.022457491606473923,27
2266,TMBIM6,SFRP4,AURKB,0.015522635541856289,26
2267,GPX4,SLC25A5,ZNF671,0.029347890987992287,27
2268,EID1,FABP1,REP15,-0.02040954679250717,19
2269,DNAJA1,COL15A1,H4C11,-0.004432538524270058,21
2270,LGALS3,PIGR,IGKV2D-28,-0.02125205658376217,19
2271,TXNIP,PIGR,ZNF671,-0.12162981182336807,7
2272,COX6A1,APRT,ZNF671,0.011758342385292053,23
2273,TXNIP,COL15A1,IL18RAP,-0.13843555748462677,6
2274,GPX4,APRT,CDK5R1,0.023699171841144562,30
2275,BTF3,COL15A1,AGAP2,-0.017978616058826447,17
2276,GABARAP,IL11RA,SAMD10,-0.012734560295939445,20
2277,GABARAP,TUFM,CDK5R1,0.017207928001880646,30
2278,LGALS3,APRT,UBASH3A,-0.0017784920055419207,21
2279,CHCHD2,TUFM,MRC1,0.010463258251547813,26
2280,GSTP1,APRT,SAMD10,0.02375931106507778,28
2281,HNRNPK,PIGR,LINC00954,-0.012956229969859123,21
2282,BTG2,CDK2AP2,IGKV2D-28,-0.015153427608311176,19
2283,TMBIM6,PLP2,MRC1,0.0020268186926841736,23
2284,IFITM2,PLP2,IGKV2D-28,0.017898602411150932,25
2285,GSTP1,APRT,KRT7,0.026216644793748856,28
2286,EID1,PIGR,AGAP2,-0.009716827422380447,20
2287,BTG2,TUFM,SIK1,-0.026711001992225647,16
2288,LGALS3,IL32,REP15,0.01882886327803135,27
2289,HNRNPK,PLP2,SAMD10,-0.01946178823709488,19
2290,GPX4,IL11RA,ZNF671,-0.010447226464748383,20
2291,PPP1R15A,PIGR,SAMD10,-0.02475237101316452,19
2292,DNAJA1,SLC25A5,KLRF1,0.020656440407037735,26
2293,TXNIP,SFRP4,ZNF671,-0.10669510066509247,12
2294,GPX4,IL11RA,LINC00954,-0.008208573795855045,20
2295,HNRNPK,PLP2,KRT7,-0.018965929746627808,19
2296,GSTP1,JTB,AURKB,0.016680536791682243,27
2297,IFITM2,TUFM,KLRF1,0.008317632600665092,25
2298,LGALS3,FABP1,ZNF671,-0.06784167885780334,16
2299,CHCHD2,PIGR,REP15,-0.00041209207847714424,21
2300,LGALS3,TUFM,KRT7,-0.005718443542718887,20
2301,GPX4,FABP1,CDK5R1,-0.0010808405932039022,22
2302,CHCHD2,CYCS,AGAP2,0.015862520784139633,29
2303,IFITM2,CYCS,LINC00954,0.01992722973227501,28
2304,HNRNPK,PLP2,LINC00954,-0.01243848167359829,20
2305,LGALS3,IL32,AURKB,0.02444126456975937,27
2306,IFITM2,COL15A1,SIK1,-0.02068241313099861,20
2307,BTF3,PLP2,ZNF671,-0.005832343362271786,21
2308,GABARAP,CDK2AP2,CDK5R1,0.00959835760295391,30
2309,GSTP1,IL11RA,ZNF671,-0.0012848376063629985,22
2310,GPX4,APRT,SAMD10,0.02565043978393078,30
2311,LGALS3,CYCS,LINC00954,-0.003933043219149113,21
2312,HNRNPK,APRT,AGAP2,0.00044202711433172226,22
2313,GPX4,SLC25A5,LINC00954,0.029606100171804428,27
2314,IFITM2,HSPD1,H4C11,0.02901148423552513,29
2315,BTG2,COL15A1,KRT7,-0.0652783066034317,12
2316,LGALS3,SLC25A5,KRT7,0.005711914971470833,22
2317,COX6A1,HSPD1,MRC1,0.02007243037223816,28
2318,GPX4,TUFM,REP15,0.013222575187683105,27
2319,GPX4,FABP1,IL18RAP,-0.0012175512965768576,22
2320,GPX4,CYCS,LINC00954,0.027812421321868896,25
2321,DNAJA1,TUFM,UBASH3A,0.03292865306138992,27
2322,EID1,ID2,MRC1,-0.004060443490743637,21
2323,HNRNPK,PIGR,IGKV2D-28,-0.012211424298584461,21
2324,LGALS3,COL15A1,SIK1,-0.022418441250920296,16
2325,BTG2,JTB,KLRF1,-0.02341313660144806,18
2326,TXNIP,PIGR,REP15,-0.12137190997600555,7
2327,DNAJA1,SLC25A5,IL18RAP,0.041538652032613754,27
2328,BTF3,JTB,MRC1,0.001029861276037991,25
2329,GABARAP,APRT,AGAP2,0.02346927300095558,29
2330,COX6A1,FABP1,KLRF1,-0.016103774309158325,20
2331,TXNIP,HSPD1,SIK1,-0.09706301987171173,11
2332,DNAJA1,TUFM,AURKB,0.032371751964092255,27
2333,TXNIP,COL15A1,REP15,-0.14022210240364075,6
2334,GPX4,ID2,REP15,0.01944669708609581,28
2335,TMBIM6,JTB,REP15,0.008188458159565926,26
2336,HNRNPK,IL32,IL18RAP,0.0382327176630497,28
2337,TXNIP,APRT,REP15,-0.08953061699867249,9
2338,GABARAP,PLP2,IGKV2D-28,0.0010940887732431293,23
2339,GPX4,COL15A1,REP15,0.0012008423218503594,22
2340,IFITM2,HSPD1,SAMD10,0.028974808752536774,27
2341,GSTP1,CDK2AP2,REP15,0.029976915568113327,26
2342,IFITM2,TUFM,IL18RAP,0.008455097675323486,25
2343,HNRNPK,JTB,ZNF671,-0.00613898690789938,20
2344,PPP1R15A,PIGR,SIK1,-0.024743419140577316,20
2345,HNRNPK,SLC25A5,MRC1,-0.01693723164498806,19
2346,GPX4,CYCS,KLRF1,0.02781357429921627,25
2347,TMBIM6,APRT,KRT7,0.021380756050348282,27
2348,EID1,COL15A1,UBASH3A,-0.04373907297849655,14
2349,COX6A1,SLC25A5,MRC1,0.0019293066579848528,23
2350,TMBIM6,HSPD1,SAMD10,0.01063811406493187,25
2351,EID1,ID2,CDK5R1,-0.003251795656979084,21
2352,COX6A1,APRT,LINC00954,0.022826196625828743,24
2353,HNRNPK,FABP1,H4C11,-0.024158727377653122,17
2354,HNRNPK,PLP2,SIK1,-0.01886461302638054,19
2355,BTF3,APRT,IL18RAP,0.018457908183336258,28
2356,IFITM2,SFRP4,AURKB,0.02720397710800171,27
2357,GPX4,CYCS,ZNF671,0.02967153862118721,25
2358,BTG2,APRT,MRC1,-0.02548796869814396,19
2359,LGALS3,PIGR,H4C11,-0.016947126016020775,20
2360,TXNIP,CDK2AP2,UBASH3A,-0.09875991940498352,7
2361,TMBIM6,PLP2,SAMD10,0.0023437156341969967,23
2362,IFITM2,CYCS,MRC1,0.019246140494942665,28
2363,TXNIP,APRT,IGKV2D-28,-0.0842885822057724,8
2364,GSTP1,APRT,KRT7,0.026216644793748856,28
2365,HNRNPK,APRT,IL18RAP,0.002897704252973199,23
2366,TXNIP,JTB,KLRF1,-0.09700162708759308,12
2367,GSTP1,TUFM,LINC00954,0.005500985775142908,25
2368,CHCHD2,FABP1,MRC1,-0.005547098815441132,20
2369,EID1,SLC25A5,MRC1,-0.00855371542274952,21
2370,BTG2,PLP2,KLRF1,-0.04068636894226074,12
2371,COX6A1,CDK2AP2,H4C11,0.008213452994823456,25
2372,EID1,CDK2AP2,KLRF1,-0.0007784192566759884,22
2373,TXNIP,CYCS,SAMD10,-0.10050536692142487,9
2374,COX6A1,CDK2AP2,CDK5R1,0.003485726425424218,23
2375,GABARAP,HSPD1,MRC1,0.020497187972068787,28
2376,LGALS3,SFRP4,MRC1,0.01004953682422638,25
2377,GSTP1,JTB,IL18RAP,0.022272810339927673,28
2378,GABARAP,COL15A1,ZNF671,-0.0035898624919354916,21
2379,DNAJA1,ID2,IL18RAP,0.03593089431524277,27
2380,GABARAP,PLP2,REP15,0.003661269089207053,23
2381,GSTP1,SFRP4,KLRF1,0.02048834040760994,28
2382,TXNIP,PIGR,SAMD10,-0.1214405819773674,8
2383,GSTP1,TUFM,CDK5R1,0.007919222116470337,26
2384,CHCHD2,COL15A1,SAMD10,-0.016582820564508438,17
2385,LGALS3,CYCS,H4C11,-0.0030100992880761623,20
2386,GPX4,TUFM,MRC1,0.013673891313374043,26
2387,COX6A1,JTB,MRC1,0.005290371365845203,23
2388,EID1,JTB,UBASH3A,0.0023461608216166496,22
2389,EID1,ID2,AGAP2,-0.0033365986309945583,21
2390,GPX4,APRT,KRT7,0.02568483166396618,31
2391,PPP1R15A,CYCS,IGKV2D-28,-0.0037551820278167725,20
2392,EID1,HSPD1,AGAP2,-0.006720292381942272,21
2393,PPP1R15A,IL32,ZNF671,0.034915417432785034,29
2394,EID1,COL15A1,ZNF671,-0.04194498062133789,14
2395,PPP1R15A,SLC25A5,IL18RAP,-0.00901433452963829,21
2396,GSTP1,HSPD1,KLRF1,0.02935265190899372,29
2397,IFITM2,APRT,MRC1,0.022110529243946075,27
2398,DNAJA1,ID2,IGKV2D-28,0.031216375529766083,26
2399,LGALS3,SFRP4,SAMD10,0.01754647307097912,25
2400,GABARAP,IL32,ZNF671,0.051295116543769836,30
2401,GSTP1,PLP2,ZNF671,-0.001442731823772192,21
2402,LGALS3,PLP2,H4C11,-0.023875853046774864,21
2403,CHCHD2,COL15A1,SAMD10,-0.016582820564508438,17
2404,CHCHD2,ID2,SIK1,0.002659529447555542,23
2405,PPP1R15A,COL15A1,LINC00954,-0.013706964440643787,17
2406,GABARAP,COL15A1,KRT7,-0.004780781455338001,21
2407,BTG2,IL11RA,CDK5R1,-0.04884494096040726,10
2408,IFITM2,IL32,KRT7,0.03355173021554947,29
2409,HNRNPK,HSPD1,H4C11,0.006177444010972977,25
2410,BTG2,SFRP4,LINC00954,-0.018434390425682068,21
2411,PPP1R15A,CDK2AP2,AGAP2,-0.009841934777796268,20
2412,EID1,HSPD1,CDK5R1,-0.011204295791685581,20
2413,CHCHD2,PLP2,AGAP2,-0.004336919169872999,20
2414,HNRNPK,IL11RA,LINC00954,-0.036079492419958115,15
2415,GABARAP,ID2,LINC00954,0.016935259103775024,27
2416,PPP1R15A,SFRP4,AURKB,0.015627412125468254,25
2417,GABARAP,APRT,KLRF1,0.022095952183008194,28
2418,COX6A1,COL15A1,KRT7,-0.009860794059932232,21
2419,HNRNPK,SFRP4,IGKV2D-28,0.004524940624833107,22
2420,GSTP1,FABP1,MRC1,0.0023921248503029346,22
2421,COX6A1,JTB,IL18RAP,0.009864147752523422,24
2422,TMBIM6,SFRP4,KLRF1,0.015257901512086391,25
2423,CHCHD2,TUFM,ZNF671,0.01065647043287754,25
2424,IFITM2,SLC25A5,KLRF1,0.022543147206306458,27
2425,CHCHD2,IL32,AURKB,0.0361671969294548,33
2426,TMBIM6,FABP1,KRT7,-0.006016796920448542,20
2427,EID1,ID2,REP15,-0.0035872915759682655,21
2428,BTF3,COL15A1,KLRF1,-0.018266189843416214,17
2429,GPX4,PIGR,IGKV2D-28,0.009615606628358364,24
2430,CHCHD2,COL15A1,CDK5R1,-0.013617018237709999,17
2431,GPX4,APRT,SIK1,0.025776365771889687,31
2432,LGALS3,JTB,UBASH3A,0.0042679584585130215,24
2433,GSTP1,TUFM,ZNF671,0.006301745772361755,25
2434,COX6A1,JTB,SAMD10,0.011146597564220428,24
2435,BTF3,FABP1,ZNF671,-0.005356051959097385,21
2436,IFITM2,TUFM,SIK1,0.007368756458163261,24
2437,IFITM2,SFRP4,IL18RAP,0.02780432626605034,27
2438,TMBIM6,SFRP4,SIK1,0.014882865361869335,24
2439,GPX4,JTB,KLRF1,0.026610231027007103,29
2440,TXNIP,FABP1,ZNF671,-0.11970427632331848,6
2441,LGALS3,TUFM,UBASH3A,-0.005205077119171619,20
2442,GABARAP,FABP1,MRC1,0.0008028969168663025,23
2443,GSTP1,IL11RA,IL18RAP,0.0021460074931383133,23
2444,GSTP1,SLC25A5,AGAP2,0.02921014279127121,26
2445,EID1,CYCS,KLRF1,-0.004850995726883411,21
2446,DNAJA1,CDK2AP2,CDK5R1,0.027390915900468826,29
2447,TMBIM6,CYCS,IGKV2D-28,0.0017160531133413315,22
2448,GSTP1,APRT,IL18RAP,0.026918578892946243,29
2449,GSTP1,CDK2AP2,KLRF1,0.030443210154771805,26
2450,BTG2,CYCS,SIK1,-0.01856078952550888,16
2451,HNRNPK,SFRP4,KLRF1,0.004539955873042345,22
2452,TMBIM6,ID2,AURKB,0.010908406227827072,26
2453,BTF3,ID2,LINC00954,0.005697951652109623,23
2454,BTG2,SFRP4,CDK5R1,-0.02092949114739895,19
2455,GABARAP,JTB,SAMD10,0.025362811982631683,31
2456,IFITM2,APRT,UBASH3A,0.023786768317222595,28
2457,GABARAP,SLC25A5,AGAP2,0.02346907928586006,25
2458,GPX4,PLP2,H4C11,0.011120602488517761,25
2459,LGALS3,TUFM,SAMD10,-0.012273889034986496,20
2460,BTF3,PLP2,KRT7,-0.0056763095781207085,21
2461,TXNIP,FABP1,IL18RAP,-0.11610010266304016,6
2462,LGALS3,HSPD1,CDK5R1,0.010896032676100731,24
2463,IFITM2,PIGR,UBASH3A,0.012881364673376083,23
2464,CHCHD2,IL11RA,MRC1,-0.007854973897337914,20
2465,TMBIM6,JTB,IL18RAP,0.010924595408141613,26
2466,TXNIP,FABP1,UBASH3A,-0.12154138088226318,6
2467,CHCHD2,IL32,KLRF1,0.035660721361637115,33
2468,TMBIM6,IL32,SAMD10,0.0423668771982193,29
2469,LGALS3,IL11RA,H4C11,-0.026420464739203453,14
2470,COX6A1,SFRP4,AGAP2,0.002814530162140727,23
2471,TXNIP,APRT,IGKV2D-28,-0.0842885822057724,8
2472,TXNIP,FABP1,LINC00954,-0.11949142068624496,6
2473,DNAJA1,TUFM,IL18RAP,0.033888574689626694,27
2474,PPP1R15A,ID2,KRT7,-0.014476768672466278,22
2475,TMBIM6,FABP1,AURKB,-0.00579953845590353,20
2476,PPP1R15A,TUFM,H4C11,-0.002139480086043477,22
2477,LGALS3,IL11RA,IL18RAP,-0.027269847691059113,13
2478,GPX4,TUFM,KLRF1,0.014575917273759842,27
2479,DNAJA1,SFRP4,H4C11,0.03978626802563667,27
2480,PPP1R15A,PLP2,MRC1,-0.01972595974802971,17
2481,COX6A1,SLC25A5,IL18RAP,0.0007166161667555571,22
2482,GABARAP,FABP1,AGAP2,0.0017826929688453674,25
2483,GPX4,IL11RA,AGAP2,-0.008735756389796734,20
2484,TMBIM6,PIGR,SAMD10,-0.00040682731196284294,21
2485,GSTP1,TUFM,AGAP2,0.006177208852022886,25
2486,PPP1R15A,TUFM,IGKV2D-28,-0.0014355853199958801,22
2487,BTF3,PIGR,KLRF1,-0.001085595809854567,21
2488,DNAJA1,HSPD1,SAMD10,0.03162502124905586,25
2489,CHCHD2,SLC25A5,ZNF671,0.003952927887439728,28
2490,COX6A1,IL32,IGKV2D-28,0.020588353276252747,28
2491,GSTP1,PLP2,CDK5R1,-0.0014321878552436829,21
2492,COX6A1,APRT,AURKB,0.011650294065475464,23
2493,GABARAP,ID2,MRC1,0.01480947621166706,27
2494,LGALS3,SLC25A5,SIK1,0.004355491138994694,23
2495,HNRNPK,SLC25A5,LINC00954,-0.009863071143627167,19
2496,EID1,APRT,KRT7,-0.004950432572513819,17
2497,HNRNPK,JTB,KLRF1,-0.00623188354074955,20
2498,TXNIP,ID2,AURKB,-0.11684657633304596,11
2499,BTG2,APRT,LINC00954,-0.02507002092897892,19
2500,GPX4,IL11RA,SIK1,-0.005463383160531521,20
2501,DNAJA1,JTB,H4C11,0.021880939602851868,26
2502,BTF3,IL11RA,IGKV2D-28,0.008407138288021088,24
2503,TMBIM6,ID2,REP15,0.010975787416100502,26
2504,GABARAP,CDK2AP2,UBASH3A,0.010469087399542332,30
2505,IFITM2,FABP1,H4C11,0.004907021299004555,23
2506,GSTP1,SLC25A5,H4C11,0.03440239280462265,26
2507,BTF3,COL15A1,SIK1,-0.017769426107406616,16
2508,GSTP1,COL15A1,SAMD10,-0.010016401298344135,21
2509,CHCHD2,ID2,AURKB,0.004236260429024696,23
2510,GSTP1,FABP1,LINC00954,-0.000873869750648737,21
2511,COX6A1,CYCS,IGKV2D-28,0.012831603176891804,27
2512,GABARAP,SLC25A5,MRC1,0.023679440841078758,26
2513,DNAJA1,SLC25A5,IL18RAP,0.041538652032613754,27
2514,COX6A1,SFRP4,IGKV2D-28,0.0037463633343577385,23
2515,GPX4,IL11RA,IL18RAP,-0.007922947406768799,20
2516,GSTP1,SFRP4,MRC1,0.020267492160201073,27
2517,GABARAP,COL15A1,KRT7,-0.004780781455338001,21
2518,COX6A1,PIGR,H4C11,-0.011186424642801285,21
2519,LGALS3,IL32,IGKV2D-28,0.0229650791734457,27
2520,BTF3,TUFM,KLRF1,0.017825311049818993,25
2521,DNAJA1,APRT,AGAP2,0.033743008971214294,29
2522,COX6A1,CYCS,IGKV2D-28,0.012831603176891804,27
2523,GABARAP,COL15A1,IL18RAP,-0.006071543786674738,21
2524,GABARAP,COL15A1,LINC00954,0.005011329427361488,22
2525,GABARAP,FABP1,MRC1,0.0008028969168663025,23
2526,GPX4,SFRP4,LINC00954,0.02845153771340847,31
2527,BTG2,FABP1,H4C11,-0.06349675357341766,11
2528,HNRNPK,JTB,AURKB,-0.005577264353632927,20
2529,PPP1R15A,SFRP4,KRT7,0.013550616800785065,25
2530,CHCHD2,PIGR,MRC1,0.0007973116589710116,22
2531,DNAJA1,FABP1,ZNF671,0.013117413967847824,23
2532,PPP1R15A,FABP1,H4C11,-0.015882909297943115,16
2533,GABARAP,COL15A1,KRT7,-0.004780781455338001,21
2534,CHCHD2,TUFM,ZNF671,0.01065647043287754,25
2535,CHCHD2,FABP1,ZNF671,-0.0004052340518683195,21
2536,GSTP1,APRT,REP15,0.025592636317014694,28
2537,HNRNPK,SLC25A5,KLRF1,-0.009359356947243214,19
2538,EID1,TUFM,LINC00954,7.421588816214353e-05,22
2539,BTG2,PIGR,CDK5R1,-0.052434228360652924,13
2540,EID1,SLC25A5,SIK1,-0.006257413886487484,21
2541,GSTP1,FABP1,IGKV2D-28,-0.0008157553384080529,21
2542,BTG2,SLC25A5,ZNF671,-0.021014729514718056,17
2543,CHCHD2,ID2,IL18RAP,0.0038134842179715633,24
2544,EID1,IL11RA,CDK5R1,-0.026646219193935394,16
2545,GPX4,JTB,CDK5R1,0.02673511393368244,29
2546,LGALS3,TUFM,H4C11,-0.008227742277085781,21
2547,HNRNPK,SLC25A5,CDK5R1,-0.00882744137197733,19
2548,LGALS3,IL11RA,IGKV2D-28,-0.027275733649730682,14
2549,BTF3,IL32,ZNF671,0.055833850055933,32
2550,CHCHD2,SLC25A5,AURKB,0.0049274456687271595,27
2551,EID1,TUFM,MRC1,-0.001593350083567202,21
2552,GABARAP,APRT,IL18RAP,0.028844842687249184,28
2553,GABARAP,IL11RA,ZNF671,-0.014224087819457054,19
2554,GSTP1,PIGR,LINC00954,0.006978918798267841,24
2555,COX6A1,IL11RA,KRT7,-0.016305286437273026,19
2556,LGALS3,COL15A1,LINC00954,-0.028989819809794426,17
2557,TXNIP,HSPD1,LINC00954,-0.0970211774110794,11
2558,GSTP1,JTB,SIK1,0.016068819910287857,25
2559,CHCHD2,FABP1,KLRF1,-0.0015694189351052046,22
2560,COX6A1,COL15A1,SAMD10,-0.009116841480135918,21
2561,BTF3,IL11RA,SAMD10,-0.002128003630787134,21
2562,DNAJA1,SLC25A5,MRC1,0.019220653921365738,27
2563,COX6A1,APRT,ZNF671,0.011758342385292053,23
2564,GABARAP,COL15A1,ZNF671,-0.0035898624919354916,21
2565,BTF3,COL15A1,UBASH3A,-0.017709851264953613,18
2566,TXNIP,FABP1,MRC1,-0.12148205935955048,6
2567,HNRNPK,CYCS,IGKV2D-28,-0.00593928387388587,19
2568,GPX4,PIGR,AGAP2,0.007509422488510609,24
2569,DNAJA1,SLC25A5,KRT7,0.01833936758339405,25
2570,IFITM2,FABP1,KRT7,-0.0005643547046929598,22
2571,EID1,IL11RA,SIK1,-0.02773880586028099,16
2572,BTF3,PLP2,SIK1,-0.005765070207417011,21
2573,GABARAP,FABP1,SAMD10,0.0029800175689160824,24
2574,TMBIM6,CDK2AP2,IGKV2D-28,0.004875555168837309,24
2575,TXNIP,SFRP4,IGKV2D-28,-0.10557307302951813,12
2576,GPX4,PIGR,AGAP2,0.007509422488510609,24
2577,GABARAP,IL32,IL18RAP,0.05103465914726257,30
2578,LGALS3,COL15A1,IGKV2D-28,-0.02824546955525875,16
2579,EID1,CYCS,LINC00954,-0.005480032879859209,21
2580,GABARAP,PIGR,KLRF1,0.0020536179654300213,22
2581,HNRNPK,CDK2AP2,KLRF1,-0.006067081820219755,21
2582,DNAJA1,PLP2,H4C11,0.011938713490962982,26
2583,EID1,ID2,IL18RAP,-0.0014205067418515682,22
2584,CHCHD2,APRT,CDK5R1,0.01657828316092491,27
2585,TXNIP,PLP2,AGAP2,-0.11109089851379395,4
2586,GSTP1,PIGR,MRC1,0.006360612343996763,24
2587,TMBIM6,COL15A1,LINC00954,-0.016130292788147926,16
2588,HNRNPK,JTB,CDK5R1,-0.005742610432207584,20
2589,COX6A1,IL32,SIK1,0.020858880132436752,28
2590,HNRNPK,TUFM,MRC1,-0.004235043190419674,20
2591,COX6A1,FABP1,AGAP2,-0.015997610986232758,20
2592,BTG2,CYCS,REP15,-0.02099648118019104,17
2593,EID1,IL32,IGKV2D-28,0.01947132870554924,30
2594,GSTP1,TUFM,LINC00954,0.005500985775142908,25
2595,CHCHD2,SFRP4,MRC1,0.00885948445647955,23
2596,DNAJA1,FABP1,SIK1,0.009057448245584965,23
2597,IFITM2,HSPD1,UBASH3A,0.029053427278995514,28
2598,GSTP1,HSPD1,LINC00954,0.028308052569627762,29
2599,GPX4,CYCS,KRT7,0.02745640091598034,25
2600,IFITM2,SLC25A5,UBASH3A,0.022457491606473923,27
2601,GSTP1,ID2,AURKB,0.028311286121606827,28
2602,DNAJA1,PLP2,REP15,0.009828321635723114,27
2603,BTF3,SLC25A5,SAMD10,0.01473979838192463,26
2604,COX6A1,ID2,H4C11,-0.0017976275412365794,22
2605,PPP1R15A,CYCS,IL18RAP,-0.002266630530357361,21
2606,GPX4,APRT,UBASH3A,0.025620434433221817,32
2607,CHCHD2,CDK2AP2,CDK5R1,0.0048811426386237144,23
2608,TXNIP,CDK2AP2,KLRF1,-0.10219454765319824,7
2609,IFITM2,PIGR,SAMD10,0.012896746397018433,23
2610,IFITM2,ID2,REP15,0.011171062476933002,23
2611,CHCHD2,IL32,SIK1,0.03516656160354614,33
2612,TMBIM6,SLC25A5,IL18RAP,0.010698397643864155,25
2613,HNRNPK,CYCS,IL18RAP,-0.00328942877240479,19
2614,GABARAP,IL32,KRT7,0.05208615958690643,30
2615,BTF3,JTB,IGKV2D-28,0.0043641687370836735,26
2616,EID1,PIGR,LINC00954,-0.006838787347078323,21
2617,TXNIP,ID2,KLRF1,-0.11683329939842224,11
2618,GABARAP,HSPD1,ZNF671,0.020325085148215294,28
2619,BTG2,FABP1,UBASH3A,-0.06147994473576546,11
2620,GABARAP,ID2,SIK1,0.017133992165327072,26
2621,COX6A1,PIGR,ZNF671,-0.011832629330456257,21
2622,HNRNPK,PIGR,MRC1,-0.012863058596849442,21
2623,TMBIM6,APRT,AURKB,0.021290982142090797,27
2624,TXNIP,IL11RA,IGKV2D-28,-0.13442480564117432,6
2625,GSTP1,FABP1,KRT7,-0.002155455993488431,21
2626,GABARAP,APRT,AURKB,0.022095952183008194,28
2627,BTG2,HSPD1,UBASH3A,-0.037082161754369736,16
2628,COX6A1,JTB,H4C11,0.00977060291916132,24
2629,CHCHD2,COL15A1,IL18RAP,-0.014886600896716118,17
2630,COX6A1,IL32,SAMD10,0.020559566095471382,29
2631,GSTP1,SFRP4,IGKV2D-28,0.02052617445588112,28
2632,BTF3,SFRP4,KRT7,0.010361425578594208,24
2633,GPX4,JTB,KRT7,0.026375044137239456,29
2634,PPP1R15A,APRT,KRT7,0.0022228099405765533,24
2635,LGALS3,CYCS,H4C11,-0.0030100992880761623,20
2636,BTG2,HSPD1,H4C11,-0.025459516793489456,17
2637,GABARAP,JTB,UBASH3A,0.024352755397558212,31
2638,EID1,PIGR,ZNF671,-0.00995398685336113,20
2639,HNRNPK,COL15A1,SIK1,-0.014300242997705936,20
2640,TXNIP,APRT,UBASH3A,-0.09128100425004959,8
2641,TMBIM6,CDK2AP2,IGKV2D-28,0.004875555168837309,24
2642,GPX4,TUFM,KLRF1,0.014575917273759842,27
2643,BTF3,FABP1,SIK1,0.0021918867714703083,22
2644,COX6A1,TUFM,MRC1,0.011023689061403275,24
2645,GSTP1,PIGR,IGKV2D-28,0.007046249229460955,23
2646,PPP1R15A,SFRP4,ZNF671,0.0127882594242692,25
2647,GPX4,SFRP4,MRC1,0.028128210455179214,31
2648,IFITM2,PIGR,UBASH3A,0.012881364673376083,23
2649,CHCHD2,ID2,AGAP2,0.003667497541755438,23
2650,CHCHD2,CYCS,IL18RAP,0.01576525904238224,28
2651,TMBIM6,CYCS,AURKB,-0.0017078571254387498,21
2652,TMBIM6,CYCS,MRC1,-0.0031096742022782564,21
2653,IFITM2,TUFM,AURKB,0.009881982579827309,25
2654,GPX4,IL11RA,KRT7,-0.010018331930041313,20
2655,GABARAP,PLP2,H4C11,-0.001767412293702364,21
2656,IFITM2,IL32,AGAP2,0.03135519474744797,29
2657,IFITM2,IL32,UBASH3A,0.034943703562021255,29
2658,EID1,CDK2AP2,REP15,0.002763123018667102,23
2659,IFITM2,ID2,LINC00954,0.016723062843084335,24
2660,PPP1R15A,PLP2,UBASH3A,-0.020130470395088196,17
2661,COX6A1,SLC25A5,IL18RAP,0.0007166161667555571,22
2662,PPP1R15A,CYCS,IL18RAP,-0.002266630530357361,21
2663,PPP1R15A,IL11RA,AGAP2,-0.023311328142881393,16
2664,PPP1R15A,JTB,AURKB,-0.007114186882972717,20
2665,HNRNPK,HSPD1,MRC1,0.004043078515678644,24
2666,GSTP1,JTB,LINC00954,0.015031110495328903,27
2667,CHCHD2,PLP2,REP15,-0.00435615936294198,20
2668,DNAJA1,CYCS,UBASH3A,0.0310589000582695,27
2669,LGALS3,HSPD1,CDK5R1,0.010896032676100731,24
2670,BTG2,CYCS,SIK1,-0.01856078952550888,16
2671,COX6A1,PIGR,SAMD10,-0.011271120049059391,21
2672,GPX4,CDK2AP2,ZNF671,0.025920424610376358,29
2673,TXNIP,TUFM,CDK5R1,-0.11015518009662628,7
2674,PPP1R15A,HSPD1,UBASH3A,0.008705511689186096,23
2675,EID1,IL11RA,SAMD10,-0.026033073663711548,16
2676,COX6A1,TUFM,CDK5R1,0.013516031205654144,25
2677,BTF3,COL15A1,IGKV2D-28,-0.017958112061023712,16
2678,CHCHD2,IL32,KRT7,0.03548441082239151,33
2679,GPX4,IL32,AURKB,0.05597584694623947,32
2680,GABARAP,ID2,CDK5R1,0.017516467720270157,27
2681,PPP1R15A,SLC25A5,UBASH3A,-0.013514483347535133,20
2682,TMBIM6,ID2,H4C11,0.012616623193025589,26
2683,PPP1R15A,CDK2AP2,REP15,-0.00901455245912075,20
2684,BTF3,SFRP4,H4C11,0.008294927887618542,24
2685,TXNIP,SFRP4,REP15,-0.105420783162117,12
2686,COX6A1,COL15A1,ZNF671,-0.011425056494772434,21
2687,BTG2,CDK2AP2,AGAP2,-0.014978169463574886,19
2688,GSTP1,PIGR,IL18RAP,0.011116163805127144,24
2689,GSTP1,CYCS,SAMD10,0.020390108227729797,28
2690,LGALS3,PLP2,ZNF671,-0.023711644113063812,19
2691,BTF3,HSPD1,REP15,0.008487604558467865,26
2692,GSTP1,TUFM,LINC00954,0.005500985775142908,25
2693,LGALS3,COL15A1,AGAP2,-0.028635118156671524,16
2694,DNAJA1,HSPD1,SAMD10,0.03162502124905586,25
2695,BTF3,COL15A1,H4C11,-0.01794000156223774,17
2696,LGALS3,ID2,UBASH3A,-0.019233867526054382,21
2697,HNRNPK,APRT,LINC00954,0.0021038255654275417,23
2698,TXNIP,PLP2,SAMD10,-0.11116963624954224,5
2699,BTF3,IL32,MRC1,0.05671576410531998,32
2700,LGALS3,APRT,CDK5R1,-0.0045624468475580215,21
2701,EID1,PIGR,SAMD10,-0.007484983652830124,21
2702,DNAJA1,PIGR,SAMD10,0.024265525862574577,23
2703,LGALS3,SLC25A5,ZNF671,0.006852298509329557,23
2704,IFITM2,TUFM,CDK5R1,0.009876774623990059,25
2705,PPP1R15A,IL11RA,KRT7,-0.023519940674304962,16
2706,TMBIM6,COL15A1,MRC1,-0.01647150330245495,16
2707,BTF3,SFRP4,LINC00954,0.012639060616493225,24
2708,GSTP1,SLC25A5,KRT7,0.02912433072924614,26
2709,TMBIM6,CDK2AP2,MRC1,0.004760093986988068,24
2710,BTF3,COL15A1,REP15,-0.01863761991262436,17
2711,LGALS3,PLP2,LINC00954,-0.015027115121483803,20
2712,HNRNPK,IL11RA,AURKB,-0.034015458077192307,15
2713,TMBIM6,TUFM,MRC1,0.00785043090581894,24
2714,GABARAP,IL11RA,SAMD10,-0.012734560295939445,20
2715,HNRNPK,CYCS,LINC00954,-0.00612901384010911,20
2716,TXNIP,CDK2AP2,UBASH3A,-0.09875991940498352,7
2717,CHCHD2,IL11RA,SIK1,-0.006459723226726055,21
2718,LGALS3,TUFM,KRT7,-0.005718443542718887,20
2719,HNRNPK,CDK2AP2,REP15,-0.0041269841603934765,22
2720,GPX4,CDK2AP2,KRT7,0.02766372635960579,29
2721,PPP1R15A,CDK2AP2,KLRF1,-0.010231975466012955,20
2722,BTG2,PLP2,LINC00954,-0.037110984325408936,13
2723,IFITM2,SFRP4,KRT7,0.025912651792168617,27
2724,LGALS3,HSPD1,AGAP2,0.01228657178580761,23
2725,DNAJA1,PLP2,ZNF671,0.004041573498398066,26
2726,TXNIP,CDK2AP2,IL18RAP,-0.10176940262317657,7
2727,GPX4,IL32,SIK1,0.05622655898332596,32
2728,EID1,PIGR,KLRF1,-0.009532266296446323,21
2729,DNAJA1,ID2,SIK1,0.031616270542144775,26
2730,GABARAP,IL32,ZNF671,0.051295116543769836,30
2731,PPP1R15A,JTB,LINC00954,-0.004991869907826185,20
2732,GPX4,JTB,REP15,0.027824770659208298,29
2733,TXNIP,IL11RA,MRC1,-0.1353694498538971,6
2734,PPP1R15A,IL11RA,KRT7,-0.023519940674304962,16
2735,GABARAP,PIGR,SAMD10,0.0067061930894851685,23
2736,TXNIP,JTB,AURKB,-0.09684944897890091,12
2737,EID1,COL15A1,CDK5R1,-0.04346310719847679,13
2738,CHCHD2,SLC25A5,KLRF1,0.004161077551543713,28
2739,GSTP1,CYCS,UBASH3A,0.019969820976257324,28
2740,GABARAP,TUFM,ZNF671,0.012101845815777779,30
2741,PPP1R15A,CYCS,AURKB,-0.0037551820278167725,20
2742,TXNIP,SLC25A5,SIK1,-0.09055298566818237,9
2743,COX6A1,IL32,MRC1,0.016604753211140633,28
2744,CHCHD2,HSPD1,IL18RAP,0.008770609274506569,25
2745,PPP1R15A,TUFM,IL18RAP,0.0038842137437313795,23
2746,EID1,JTB,SIK1,0.0006588684627786279,22
2747,CHCHD2,ID2,LINC00954,0.001140496344305575,23
2748,GSTP1,COL15A1,H4C11,-0.005194582976400852,21
2749,TMBIM6,ID2,IGKV2D-28,0.015174247324466705,26
2750,TMBIM6,FABP1,SIK1,-0.005724684800952673,19
2751,PPP1R15A,COL15A1,MRC1,-0.014064259827136993,17
2752,IFITM2,TUFM,SAMD10,0.009030593559145927,25
2753,COX6A1,HSPD1,MRC1,0.02007243037223816,28
2754,TXNIP,TUFM,CDK5R1,-0.11015518009662628,7
2755,TMBIM6,HSPD1,MRC1,0.009459903463721275,26
2756,GPX4,CDK2AP2,MRC1,0.030257631093263626,29
2757,DNAJA1,CDK2AP2,AURKB,0.027329258620738983,28
2758,BTF3,COL15A1,AURKB,-0.017958112061023712,17
2759,BTG2,TUFM,AGAP2,-0.024976052343845367,16
2760,EID1,HSPD1,CDK5R1,-0.011204295791685581,20
2761,LGALS3,FABP1,IGKV2D-28,-0.05686292424798012,16
2762,PPP1R15A,JTB,MRC1,-0.008569445461034775,20
2763,PPP1R15A,CDK2AP2,ZNF671,-0.010458061471581459,21
2764,BTG2,TUFM,LINC00954,-0.025952599942684174,16
2765,BTF3,PLP2,SIK1,-0.005765070207417011,21
2766,TMBIM6,ID2,LINC00954,0.013559015467762947,26
2767,IFITM2,JTB,ZNF671,0.00544392317533493,24
2768,BTF3,JTB,IGKV2D-28,0.0043641687370836735,26
2769,COX6A1,FABP1,AGAP2,-0.015997610986232758,20
2770,EID1,SFRP4,KLRF1,0.014382954686880112,26
2771,GSTP1,ID2,AURKB,0.028311286121606827,28
2772,CHCHD2,APRT,IL18RAP,0.016584090888500214,27
2773,BTF3,ID2,LINC00954,0.005697951652109623,23
2774,GPX4,CYCS,KLRF1,0.02781357429921627,25
2775,HNRNPK,CDK2AP2,REP15,-0.0041269841603934765,22
2776,EID1,HSPD1,IGKV2D-28,-0.006625785492360592,21
2777,HNRNPK,HSPD1,KRT7,0.005522701423615217,24
2778,IFITM2,HSPD1,AURKB,0.029129525646567345,27
2779,TMBIM6,SLC25A5,KRT7,0.011653892695903778,25
2780,LGALS3,FABP1,ZNF671,-0.06784167885780334,16
2781,TXNIP,PIGR,CDK5R1,-0.12163518369197845,9
2782,IFITM2,PLP2,SIK1,0.017777446657419205,25
2783,LGALS3,HSPD1,H4C11,0.01082183513790369,23
2784,GABARAP,COL15A1,LINC00954,0.005011329427361488,22
2785,BTF3,SLC25A5,LINC00954,0.014823236502707005,27
2786,LGALS3,SLC25A5,IL18RAP,0.005570105277001858,23
2787,DNAJA1,SFRP4,UBASH3A,0.03564509376883507,27
2788,DNAJA1,ID2,H4C11,0.032287515699863434,26
2789,PPP1R15A,CYCS,REP15,-0.00358026335015893,20
2790,BTG2,PIGR,AGAP2,-0.0529484860599041,13
2791,BTF3,SFRP4,CDK5R1,0.014568769372999668,24
2792,GABARAP,PLP2,UBASH3A,-0.0009867418557405472,22
2793,GABARAP,SLC25A5,MRC1,0.023679440841078758,26
2794,IFITM2,IL32,CDK5R1,0.032600536942481995,29
2795,EID1,SFRP4,IGKV2D-28,0.014647560194134712,27
2796,IFITM2,APRT,UBASH3A,0.023786768317222595,28
2797,BTG2,CYCS,SIK1,-0.01856078952550888,16
2798,IFITM2,HSPD1,LINC00954,0.02907141111791134,28
2799,LGALS3,HSPD1,IGKV2D-28,0.010130360722541809,23
2800,HNRNPK,PLP2,SIK1,-0.01886461302638054,19
2801,PPP1R15A,ID2,AGAP2,-0.013765914365649223,22
2802,EID1,SLC25A5,KRT7,-0.007306394167244434,21
2803,HNRNPK,ID2,ZNF671,7.897219620645046e-05,22
2804,HNRNPK,HSPD1,KLRF1,0.0034925281070172787,24
2805,LGALS3,TUFM,SAMD10,-0.012273889034986496,20
2806,TXNIP,IL11RA,KLRF1,-0.13478055596351624,6
2807,BTG2,SLC25A5,KLRF1,-0.020911552011966705,18
2808,PPP1R15A,APRT,AGAP2,0.0037998813204467297,24
2809,GABARAP,ID2,KRT7,0.016863210126757622,27
2810,HNRNPK,CYCS,KLRF1,-0.0064976029098033905,18
2811,TXNIP,TUFM,MRC1,-0.11416679620742798,7
2812,IFITM2,HSPD1,SAMD10,0.028974808752536774,27
2813,COX6A1,CYCS,MRC1,0.013104931451380253,27
2814,IFITM2,CYCS,ZNF671,0.022402435541152954,28
2815,IFITM2,APRT,LINC00954,0.023628029972314835,28
2816,COX6A1,IL11RA,KLRF1,-0.017632119357585907,19
2817,IFITM2,CDK2AP2,SIK1,0.010217824950814247,23
2818,PPP1R15A,PIGR,ZNF671,-0.0245132464915514,20
2819,TXNIP,SFRP4,CDK5R1,-0.10539184510707855,12
2820,GABARAP,SFRP4,ZNF671,0.014981992542743683,27
2821,EID1,PLP2,H4C11,-0.007019196171313524,22
2822,GSTP1,SFRP4,LINC00954,0.02053006738424301,29
2823,TXNIP,PLP2,ZNF671,-0.111182302236557,4
2824,LGALS3,ID2,CDK5R1,-0.018976446241140366,21
2825,TXNIP,FABP1,REP15,-0.12167690694332123,6
2826,HNRNPK,COL15A1,CDK5R1,-0.013109621591866016,20
2827,PPP1R15A,APRT,H4C11,0.0023190518841147423,24
2828,TXNIP,SFRP4,KRT7,-0.10639536380767822,12
2829,GABARAP,SLC25A5,SIK1,0.020982002839446068,26
2830,GSTP1,APRT,ZNF671,0.02407999336719513,28
2831,BTG2,HSPD1,SIK1,-0.0373728908598423,16
2832,PPP1R15A,HSPD1,CDK5R1,0.009117448702454567,23
2833,IFITM2,TUFM,REP15,0.011841153725981712,25
2834,EID1,SFRP4,LINC00954,0.014843577519059181,27
2835,CHCHD2,IL11RA,IGKV2D-28,-0.006351594813168049,20
2836,EID1,CDK2AP2,LINC00954,-0.0013741283910349011,22
2837,GPX4,HSPD1,SIK1,0.037590689957141876,27
2838,TMBIM6,SFRP4,KRT7,0.015232682228088379,26
2839,HNRNPK,PIGR,AURKB,-0.01250133290886879,21
2840,IFITM2,APRT,AURKB,0.023788530379533768,28
2841,TMBIM6,JTB,IGKV2D-28,0.009504081681370735,26
2842,DNAJA1,CYCS,UBASH3A,0.0310589000582695,27
2843,BTF3,COL15A1,UBASH3A,-0.017709851264953613,18
2844,TXNIP,COL15A1,H4C11,-0.13540130853652954,6
2845,HNRNPK,CDK2AP2,REP15,-0.0041269841603934765,22
2846,GABARAP,FABP1,IGKV2D-28,0.0012938125291839242,25
2847,BTF3,TUFM,LINC00954,0.017193665727972984,26
2848,EID1,APRT,KLRF1,-0.0049335407093167305,17
2849,GABARAP,JTB,KLRF1,0.02192724123597145,31
2850,TMBIM6,FABP1,UBASH3A,-0.005795921199023724,20
2851,GPX4,TUFM,IL18RAP,0.014602813869714737,27
2852,GABARAP,IL32,SIK1,0.05157744884490967,30
2853,BTF3,TUFM,ZNF671,0.017610106617212296,25
2854,CHCHD2,TUFM,IGKV2D-28,0.01264958456158638,26
2855,DNAJA1,ID2,H4C11,0.032287515699863434,26
2856,CHCHD2,APRT,MRC1,0.01617225632071495,27
2857,TMBIM6,TUFM,UBASH3A,0.005744569003582001,24
2858,IFITM2,TUFM,IGKV2D-28,0.00959792360663414,25
2859,CHCHD2,IL32,CDK5R1,0.033117081969976425,33
2860,HNRNPK,PLP2,SIK1,-0.01886461302638054,19
2861,EID1,SFRP4,ZNF671,0.014938700944185257,25
2862,HNRNPK,IL32,AGAP2,0.02580016851425171,28
2863,BTG2,APRT,KLRF1,-0.025137819349765778,19
2864,LGALS3,PIGR,IL18RAP,-0.02137402445077896,19
2865,LGALS3,COL15A1,MRC1,-0.029562434181571007,16
2866,GABARAP,PLP2,KRT7,-0.0009867418557405472,22
2867,DNAJA1,IL11RA,REP15,0.010597936809062958,25
2868,EID1,ID2,UBASH3A,-0.0033961585722863674,21
2869,TMBIM6,COL15A1,AURKB,-0.016463350504636765,16
2870,TMBIM6,APRT,ZNF671,0.02228245697915554,27
2871,GABARAP,FABP1,UBASH3A,0.0017704491037875414,25
2872,HNRNPK,SFRP4,ZNF671,0.004754240158945322,23
2873,TMBIM6,TUFM,IL18RAP,0.0055403513833880424,26
2874,LGALS3,COL15A1,ZNF671,-0.035192910581827164,16
2875,HNRNPK,TUFM,LINC00954,-0.005602245684713125,19
2876,GSTP1,APRT,H4C11,0.026605818420648575,28
2877,EID1,TUFM,KRT7,-0.0009439244167879224,22
2878,IFITM2,CDK2AP2,AGAP2,0.010144825093448162,23
2879,HNRNPK,APRT,AURKB,0.0027414090000092983,23
2880,LGALS3,TUFM,CDK5R1,-0.00502672977745533,20
2881,GSTP1,IL11RA,KRT7,-0.0012587596429511905,21
2882,CHCHD2,IL11RA,KLRF1,-0.006373646669089794,21
2883,DNAJA1,PLP2,AGAP2,0.00862923264503479,27
2884,BTF3,APRT,AGAP2,0.016874726861715317,28
2885,GPX4,HSPD1,H4C11,0.03691646084189415,27
2886,BTF3,JTB,LINC00954,0.0018618464237079024,26
2887,TMBIM6,COL15A1,REP15,-0.015248144045472145,16
2888,DNAJA1,HSPD1,KRT7,0.031154394149780273,25
2889,CHCHD2,HSPD1,KRT7,0.00589433079585433,24
2890,EID1,TUFM,ZNF671,0.0010554970940575004,22
2891,COX6A1,IL32,CDK5R1,0.019262606278061867,28
2892,TXNIP,TUFM,ZNF671,-0.11004438251256943,7
2893,GPX4,CYCS,KRT7,0.02745640091598034,25
2894,GSTP1,CYCS,KLRF1,0.019767744466662407,28
2895,TXNIP,HSPD1,AURKB,-0.09685079008340836,11
2896,HNRNPK,COL15A1,MRC1,-0.014810780063271523,20
2897,BTF3,COL15A1,REP15,-0.01863761991262436,17
2898,DNAJA1,COL15A1,CDK5R1,-0.005831304471939802,19
2899,COX6A1,SLC25A5,H4C11,0.0014743527863174677,22
2900,BTG2,COL15A1,AGAP2,-0.06657637655735016,14
2901,LGALS3,JTB,KRT7,0.003982981666922569,24
2902,IFITM2,CDK2AP2,KRT7,0.010164957493543625,23
2903,EID1,SLC25A5,REP15,-0.012422246858477592,21
2904,CHCHD2,IL32,SIK1,0.03516656160354614,33
2905,CHCHD2,COL15A1,IL18RAP,-0.014886600896716118,17
2906,CHCHD2,JTB,KRT7,0.016555024310946465,25
2907,PPP1R15A,SLC25A5,AGAP2,-0.01187937706708908,20
2908,BTF3,IL11RA,IGKV2D-28,0.008407138288021088,24
2909,CHCHD2,SLC25A5,UBASH3A,0.004678616300225258,27
2910,GABARAP,JTB,LINC00954,0.021896949037909508,30
2911,IFITM2,CDK2AP2,KRT7,0.010164957493543625,23
2912,PPP1R15A,JTB,SIK1,-0.00807920191437006,20
2913,DNAJA1,IL11RA,H4C11,0.019426602870225906,26
2914,BTF3,PIGR,IL18RAP,0.0013021677732467651,22
2915,DNAJA1,FABP1,IL18RAP,0.01291569322347641,24
2916,DNAJA1,TUFM,IL18RAP,0.033888574689626694,27
2917,GSTP1,TUFM,AURKB,0.004919989034533501,24
2918,PPP1R15A,ID2,KLRF1,-0.013093073852360249,22
2919,PPP1R15A,PLP2,H4C11,-0.01973993144929409,19
2920,CHCHD2,SLC25A5,CDK5R1,0.0050818175077438354,28
2921,IFITM2,CDK2AP2,KRT7,0.010164957493543625,23
2922,HNRNPK,IL11RA,IGKV2D-28,-0.035815536975860596,15
2923,GABARAP,APRT,ZNF671,0.02120170183479786,28
2924,CHCHD2,JTB,AGAP2,0.014841685071587563,25
2925,HNRNPK,SFRP4,AURKB,0.003583825659006834,22
2926,COX6A1,PLP2,AGAP2,-0.009109079837799072,19
2927,BTG2,CYCS,AURKB,-0.023496408015489578,16
2928,TMBIM6,IL11RA,AURKB,-0.013440418988466263,17
2929,HNRNPK,SFRP4,AGAP2,0.004588381852954626,22
2930,IFITM2,JTB,UBASH3A,0.008441541343927383,24
2931,PPP1R15A,JTB,UBASH3A,-0.0054701040498912334,20
2932,DNAJA1,COL15A1,SIK1,-0.0058288066647946835,19
2933,PPP1R15A,PIGR,MRC1,-0.026002898812294006,20
2934,TXNIP,CYCS,AURKB,-0.10064031183719635,9
2935,GPX4,CYCS,UBASH3A,0.027699992060661316,26
2936,GABARAP,IL11RA,KLRF1,-0.012732014991343021,19
2937,LGALS3,FABP1,AURKB,-0.05686292424798012,16
2938,DNAJA1,SLC25A5,MRC1,0.019220653921365738,27
2939,PPP1R15A,TUFM,CDK5R1,-0.0018751927418634295,22
2940,HNRNPK,SFRP4,UBASH3A,0.004584290087223053,23
2941,HNRNPK,PIGR,KRT7,-0.013244438916444778,21
2942,TMBIM6,CYCS,IL18RAP,0.007576297037303448,22
2943,TMBIM6,FABP1,UBASH3A,-0.005795921199023724,20
2944,GABARAP,FABP1,UBASH3A,0.0017704491037875414,25
2945,BTG2,JTB,MRC1,-0.023760134354233742,18
2946,DNAJA1,SLC25A5,KRT7,0.01833936758339405,25
2947,BTF3,IL11RA,IL18RAP,0.008316215127706528,24
2948,TMBIM6,CYCS,CDK5R1,-0.0028795029502362013,21
2949,IFITM2,CYCS,KRT7,0.019848838448524475,28
2950,DNAJA1,APRT,REP15,0.033691488206386566,29
2951,BTF3,PIGR,SAMD10,-0.00026856083422899246,21
2952,TMBIM6,IL32,CDK5R1,0.04330825060606003,29
2953,COX6A1,COL15A1,KRT7,-0.009860794059932232,21
2954,DNAJA1,CYCS,IL18RAP,0.03118949942290783,27
2955,GSTP1,HSPD1,UBASH3A,0.029639557003974915,29
2956,TXNIP,JTB,IGKV2D-28,-0.09409176558256149,12
2957,DNAJA1,IL11RA,MRC1,0.010646939277648926,26
2958,GSTP1,TUFM,MRC1,0.006634625140577555,24
2959,BTG2,COL15A1,CDK5R1,-0.06521216779947281,13
2960,GPX4,COL15A1,UBASH3A,-0.0020369801204651594,22
2961,IFITM2,HSPD1,H4C11,0.02901148423552513,29
2962,GABARAP,CYCS,AURKB,0.018932202830910683,30
2963,BTG2,IL11RA,REP15,-0.0503506064414978,11
2964,DNAJA1,IL11RA,IGKV2D-28,0.010614055208861828,26
2965,PPP1R15A,TUFM,KLRF1,-0.001541932113468647,22
2966,GPX4,PLP2,KLRF1,0.013984713703393936,25
2967,GABARAP,PLP2,SAMD10,-0.000595934281591326,22
2968,HNRNPK,COL15A1,IL18RAP,-0.013233151286840439,20
2969,GSTP1,HSPD1,ZNF671,0.02650497481226921,29
2970,GPX4,IL32,AURKB,0.05597584694623947,32
2971,BTF3,IL32,IL18RAP,0.056652456521987915,32
2972,BTF3,COL15A1,SAMD10,-0.01778038591146469,17
2973,BTG2,CDK2AP2,CDK5R1,-0.015317803248763084,19
2974,TMBIM6,SLC25A5,IL18RAP,0.010698397643864155,25
2975,IFITM2,APRT,MRC1,0.022110529243946075,27
2976,EID1,SLC25A5,SAMD10,-0.007484026253223419,21
2977,HNRNPK,PLP2,LINC00954,-0.01243848167359829,20
2978,CHCHD2,TUFM,UBASH3A,0.012149127200245857,26
2979,IFITM2,COL15A1,LINC00954,-0.02782222256064415,20
2980,TXNIP,ID2,REP15,-0.11738333106040955,11
2981,HNRNPK,IL11RA,CDK5R1,-0.03649205341935158,15
2982,BTG2,SLC25A5,AURKB,-0.022159118205308914,18
2983,BTF3,SLC25A5,IL18RAP,0.01740586943924427,27
2984,HNRNPK,HSPD1,IL18RAP,0.003616214729845524,24
2985,TXNIP,JTB,UBASH3A,-0.09166937321424484,12
2986,BTG2,JTB,KRT7,-0.023886654525995255,17
2987,BTG2,PLP2,KLRF1,-0.04068636894226074,12
2988,HNRNPK,SLC25A5,CDK5R1,-0.00882744137197733,19
2989,LGALS3,FABP1,IGKV2D-28,-0.05686292424798012,16
2990,TMBIM6,CYCS,AURKB,-0.0017078571254387498,21
2991,IFITM2,SLC25A5,KRT7,0.021726999431848526,27
2992,LGALS3,COL15A1,MRC1,-0.029562434181571007,16
2993,EID1,JTB,SIK1,0.0006588684627786279,22
2994,GPX4,ID2,ZNF671,0.015616273507475853,27
2995,PPP1R15A,JTB,H4C11,-0.003454728750512004,22
2996,IFITM2,APRT,H4C11,0.026723623275756836,28
2997,GSTP1,IL11RA,ZNF671,-0.0012848376063629985,22
2998,TXNIP,TUFM,KRT7,-0.11228059232234955,7
2999,BTG2,HSPD1,SIK1,-0.0373728908598423,16
3000,TMBIM6,PLP2,ZNF671,0.0030744774267077446,23
3001,GABARAP,PLP2,MRC1,0.0015168030513450503,23
3002,COX6A1,FABP1,SAMD10,-0.015885502099990845,20
3003,PPP1R15A,IL11RA,UBASH3A,-0.022355323657393456,16
3004,GABARAP,CYCS,MRC1,0.018387023359537125,30
3005,EID1,SFRP4,H4C11,0.015162205323576927,26
3006,BTG2,COL15A1,AURKB,-0.06536807864904404,13
3007,GABARAP,APRT,REP15,0.019568413496017456,28
3008,GPX4,FABP1,MRC1,-0.0028508473187685013,22
3009,BTF3,PIGR,AGAP2,-0.00044300954323261976,21
3010,TMBIM6,PIGR,REP15,-0.00015641091158613563,22
3011,BTG2,ID2,MRC1,-0.03310102969408035,15
3012,COX6A1,PIGR,IGKV2D-28,-0.011308233253657818,21
3013,IFITM2,HSPD1,SIK1,0.02646520733833313,27
3014,TXNIP,HSPD1,ZNF671,-0.09826578199863434,11
3015,GSTP1,IL32,MRC1,0.03897725045681,32
3016,TXNIP,PLP2,KRT7,-0.11351148784160614,4
3017,COX6A1,COL15A1,H4C11,-0.008557820692658424,21
3018,HNRNPK,APRT,AGAP2,0.00044202711433172226,22
3019,GSTP1,IL32,UBASH3A,0.03735978901386261,33
3020,BTF3,FABP1,KLRF1,-0.005140847060829401,21
3021,TMBIM6,SLC25A5,IL18RAP,0.010698397643864155,25
3022,TXNIP,CYCS,LINC00954,-0.09656643867492676,9
3023,TMBIM6,PLP2,UBASH3A,0.0020564477890729904,23
3024,DNAJA1,COL15A1,MRC1,-0.007567802909761667,19
3025,DNAJA1,APRT,IGKV2D-28,0.03384597599506378,28
3026,PPP1R15A,TUFM,AGAP2,-0.001265940023586154,22
3027,PPP1R15A,APRT,LINC00954,0.0028411608655005693,23
3028,HNRNPK,COL15A1,LINC00954,-0.01329756435006857,20
3029,HNRNPK,COL15A1,SIK1,-0.014300242997705936,20
3030,LGALS3,IL11RA,SAMD10,-0.027344943955540657,13
3031,GABARAP,FABP1,REP15,0.0029817468021064997,24
3032,PPP1R15A,CYCS,UBASH3A,-0.0038625888992100954,20
3033,DNAJA1,PLP2,IL18RAP,0.010850369930267334,27
3034,CHCHD2,ID2,CDK5R1,0.0004331112722866237,22
3035,TXNIP,SFRP4,SAMD10,-0.10665372014045715,12
3036,BTG2,COL15A1,KRT7,-0.0652783066034317,12
3037,TMBIM6,COL15A1,CDK5R1,-0.016326142475008965,17
3038,GSTP1,COL15A1,AURKB,-0.00620923051610589,22
3039,HNRNPK,IL32,UBASH3A,0.029942411929368973,27
3040,LGALS3,IL11RA,LINC00954,-0.027009133249521255,15
3041,LGALS3,IL11RA,IGKV2D-28,-0.027275733649730682,14
3042,GABARAP,IL11RA,ZNF671,-0.014224087819457054,19
3043,GPX4,CDK2AP2,H4C11,0.03046552464365959,29
3044,CHCHD2,APRT,LINC00954,0.016308406367897987,27
3045,GSTP1,CDK2AP2,AGAP2,0.02903781831264496,26
3046,LGALS3,ID2,H4C11,-0.017046703025698662,21
3047,COX6A1,IL11RA,SIK1,-0.017787091434001923,19
3048,EID1,PLP2,SAMD10,-0.00934869796037674,21
3049,COX6A1,HSPD1,KRT7,0.01868315413594246,28
3050,CHCHD2,ID2,REP15,0.002046718494966626,23
3051,HNRNPK,JTB,UBASH3A,-0.005803442094475031,20
3052,CHCHD2,TUFM,SAMD10,0.012197904288768768,26
3053,PPP1R15A,COL15A1,ZNF671,-0.019521741196513176,18
3054,HNRNPK,ID2,SIK1,0.0004168255254626274,22
3055,PPP1R15A,CYCS,CDK5R1,-0.0036252541467547417,20
3056,IFITM2,JTB,UBASH3A,0.008441541343927383,24
3057,EID1,PLP2,ZNF671,-0.012165702879428864,21
3058,GSTP1,SFRP4,IL18RAP,0.024530421942472458,29
3059,DNAJA1,CYCS,AGAP2,0.03083251789212227,27
3060,DNAJA1,PLP2,H4C11,0.011938713490962982,26
3061,CHCHD2,HSPD1,CDK5R1,0.006945583503693342,24
3062,DNAJA1,COL15A1,REP15,-0.006221828982234001,19
3063,DNAJA1,PIGR,IGKV2D-28,0.025051020085811615,23
3064,BTG2,HSPD1,IGKV2D-28,-0.03736157342791557,16
3065,BTF3,IL11RA,REP15,0.008319739252328873,23
3066,TXNIP,JTB,LINC00954,-0.09759733825922012,12
3067,GABARAP,SFRP4,CDK5R1,0.020792093127965927,29
3068,COX6A1,PIGR,MRC1,-0.008587202988564968,21
3069,BTF3,CYCS,ZNF671,0.01637621968984604,27
3070,COX6A1,HSPD1,IL18RAP,0.025257904082536697,28
3071,HNRNPK,IL32,LINC00954,0.034174833446741104,27
3072,GABARAP,TUFM,KRT7,0.01501696277409792,31
3073,TXNIP,ID2,ZNF671,-0.11685095727443695,12
3074,TMBIM6,SFRP4,KLRF1,0.015257901512086391,25
3075,HNRNPK,CYCS,AURKB,-0.005979291629046202,18
3076,HNRNPK,ID2,H4C11,0.008578338660299778,23
3077,IFITM2,IL11RA,KRT7,0.0005835467018187046,22
3078,GABARAP,SFRP4,SIK1,0.016049694269895554,29
3079,BTG2,PLP2,ZNF671,-0.0425662025809288,11
3080,GPX4,HSPD1,KLRF1,0.03737969323992729,28
3081,CHCHD2,SFRP4,SIK1,0.007681675720959902,23
3082,DNAJA1,FABP1,SAMD10,0.005812233779579401,23
3083,TMBIM6,CYCS,CDK5R1,-0.0028795029502362013,21
3084,TMBIM6,SLC25A5,AURKB,0.011393919587135315,25
3085,TXNIP,TUFM,SAMD10,-0.11417481303215027,7
3086,COX6A1,SFRP4,KRT7,0.003076299326494336,23
3087,DNAJA1,SLC25A5,UBASH3A,0.020938197150826454,26
3088,HNRNPK,FABP1,ZNF671,-0.030845612287521362,17
3089,TMBIM6,HSPD1,IGKV2D-28,0.011449461802840233,25
3090,HNRNPK,TUFM,ZNF671,-0.0055009108036756516,19
3091,TMBIM6,ID2,UBASH3A,0.010868335142731667,26
3092,CHCHD2,FABP1,IL18RAP,-0.0014853220200166106,22
3093,BTG2,JTB,LINC00954,-0.01700579933822155,18
3094,HNRNPK,PIGR,H4C11,-0.014069030992686749,21
3095,GSTP1,PIGR,KRT7,0.006840188056230545,23
3096,COX6A1,HSPD1,AGAP2,0.019887249916791916,28
3097,GABARAP,ID2,CDK5R1,0.017516467720270157,27
3098,EID1,CYCS,SAMD10,-0.004909229464828968,21
3099,EID1,CYCS,MRC1,-0.006360027007758617,21
3100,COX6A1,IL11RA,CDK5R1,-0.021765395998954773,19
3101,TMBIM6,TUFM,AGAP2,0.00646663922816515,24
3102,IFITM2,ID2,ZNF671,0.012746660970151424,23
3103,BTG2,SLC25A5,AURKB,-0.022159118205308914,18
3104,TMBIM6,CYCS,AGAP2,-0.0025768966879695654,21
3105,BTF3,FABP1,AGAP2,-0.00507707055658102,21
3106,GPX4,APRT,KRT7,0.02568483166396618,31
3107,GSTP1,PIGR,AURKB,0.009882654994726181,23
3108,LGALS3,JTB,IL18RAP,0.004581687040627003,24
3109,GPX4,PLP2,SIK1,0.014588385820388794,25
3110,TXNIP,CDK2AP2,SIK1,-0.0956074595451355,7
3111,DNAJA1,SFRP4,IGKV2D-28,0.03687843680381775,27
3112,BTG2,ID2,AURKB,-0.03229854255914688,15
3113,BTG2,PLP2,KRT7,-0.04203595221042633,12
3114,BTG2,CYCS,REP15,-0.02099648118019104,17
3115,BTF3,IL32,ZNF671,0.055833850055933,32
3116,CHCHD2,HSPD1,CDK5R1,0.006945583503693342,24
3117,GPX4,APRT,AURKB,0.025329291820526123,31
3118,IFITM2,CDK2AP2,LINC00954,0.009131727740168571,23
3119,PPP1R15A,FABP1,LINC00954,-0.023877663537859917,16
3120,PPP1R15A,SFRP4,KRT7,0.013550616800785065,25
3121,BTF3,JTB,CDK5R1,0.002628052607178688,25
3122,TMBIM6,JTB,ZNF671,0.009542626328766346,26
3123,TMBIM6,IL11RA,ZNF671,-0.0123515073210001,17
3124,DNAJA1,PLP2,IL18RAP,0.010850369930267334,27
3125,COX6A1,PIGR,H4C11,-0.011186424642801285,21
3126,IFITM2,PIGR,KLRF1,0.010981500148773193,23
3127,DNAJA1,FABP1,AURKB,0.011942610144615173,23
3128,BTG2,FABP1,ZNF671,-0.06466513872146606,11
3129,TXNIP,IL11RA,ZNF671,-0.13384637236595154,6
3130,TMBIM6,ID2,AGAP2,0.011960269883275032,26
3131,GABARAP,CYCS,AURKB,0.018932202830910683,30
3132,COX6A1,JTB,ZNF671,0.010075959376990795,24
3133,COX6A1,JTB,SIK1,0.011023555882275105,24
3134,COX6A1,PIGR,H4C11,-0.011186424642801285,21
3135,COX6A1,SLC25A5,SIK1,0.0009679946815595031,22
3136,TXNIP,IL32,AURKB,-0.09647387266159058,12
3137,CHCHD2,JTB,IGKV2D-28,0.016695518046617508,25
3138,CHCHD2,SLC25A5,CDK5R1,0.0050818175077438354,28
3139,PPP1R15A,IL11RA,LINC00954,-0.023359009996056557,17
3140,GPX4,ID2,AURKB,0.022236445918679237,27
3141,TMBIM6,CDK2AP2,KRT7,0.004986171144992113,24
3142,DNAJA1,SFRP4,ZNF671,0.03698159009218216,27
3143,BTG2,APRT,REP15,-0.021677134558558464,19
3144,BTG2,COL15A1,IL18RAP,-0.06532932817935944,13
3145,DNAJA1,COL15A1,SAMD10,-0.00830585416406393,20
3146,CHCHD2,SLC25A5,KLRF1,0.004161077551543713,28
3147,COX6A1,FABP1,IL18RAP,-0.01595008186995983,20
3148,CHCHD2,IL32,REP15,0.031617309898138046,33
3149,IFITM2,ID2,CDK5R1,0.010230709798634052,23
3150,GPX4,TUFM,AURKB,0.014583917334675789,27
3151,GSTP1,IL32,ZNF671,0.03757260739803314,33
3152,BTG2,CDK2AP2,AGAP2,-0.014978169463574886,19
3153,HNRNPK,IL32,KLRF1,0.02952692285180092,27
3154,GABARAP,FABP1,SIK1,0.0034811035729944706,25
3155,PPP1R15A,CYCS,SIK1,-0.0037382624577730894,20
3156,LGALS3,SFRP4,IGKV2D-28,0.017702780663967133,25
3157,HNRNPK,IL11RA,IL18RAP,-0.03385826200246811,14
3158,EID1,IL11RA,SIK1,-0.02773880586028099,16
3159,IFITM2,TUFM,KRT7,0.009877657517790794,24
3160,LGALS3,COL15A1,H4C11,-0.02849150076508522,17
3161,BTG2,IL32,H4C11,-0.011262455955147743,20
3162,CHCHD2,HSPD1,MRC1,0.00595405837520957,25
3163,COX6A1,ID2,KRT7,-0.001160524319857359,22
3164,TXNIP,SLC25A5,CDK5R1,-0.08963245153427124,9
3165,TXNIP,PLP2,IGKV2D-28,-0.11114679276943207,4
3166,GPX4,CDK2AP2,ZNF671,0.025920424610376358,29
3167,EID1,SFRP4,AGAP2,0.014780624769628048,25
3168,GPX4,APRT,AGAP2,0.02569911628961563,31
3169,GPX4,CDK2AP2,ZNF671,0.025920424610376358,29
3170,BTF3,CYCS,CDK5R1,0.017853159457445145,28
3171,HNRNPK,IL32,LINC00954,0.034174833446741104,27
3172,BTG2,ID2,UBASH3A,-0.03208744898438454,15
3173,TMBIM6,TUFM,H4C11,0.006066310219466686,25
3174,DNAJA1,IL11RA,MRC1,0.010646939277648926,26
3175,DNAJA1,COL15A1,IL18RAP,-0.005458585452288389,19
3176,GPX4,CYCS,ZNF671,0.02967153862118721,25
3177,IFITM2,COL15A1,CDK5R1,-0.02501034177839756,20
3178,DNAJA1,HSPD1,CDK5R1,0.03213929012417793,25
3179,HNRNPK,HSPD1,KRT7,0.005522701423615217,24
3180,DNAJA1,HSPD1,ZNF671,0.030089784413576126,25
3181,COX6A1,HSPD1,MRC1,0.02007243037223816,28
3182,DNAJA1,SLC25A5,AGAP2,0.01777675747871399,26
3183,LGALS3,FABP1,REP15,-0.05806921795010567,16
3184,BTF3,SFRP4,SAMD10,0.009681218303740025,24
3185,TMBIM6,IL32,IL18RAP,0.047757916152477264,30
3186,HNRNPK,IL32,IGKV2D-28,0.02903558686375618,27
3187,GSTP1,SFRP4,UBASH3A,0.019133683294057846,28
3188,COX6A1,COL15A1,KLRF1,-0.008838366717100143,21
3189,IFITM2,CYCS,UBASH3A,0.02192544750869274,28
3190,TMBIM6,TUFM,KRT7,0.007435202598571777,24
3191,COX6A1,SFRP4,UBASH3A,0.003589665750041604,23
3192,HNRNPK,IL32,CDK5R1,0.033290620893239975,27
3193,BTG2,APRT,MRC1,-0.02548796869814396,19
3194,GPX4,IL32,IGKV2D-28,0.05789819359779358,32
3195,TMBIM6,PIGR,KRT7,-0.0044663287699222565,21
3196,GSTP1,FABP1,KLRF1,-0.0007905109087005258,21
3197,GPX4,JTB,AGAP2,0.026715783402323723,30
3198,DNAJA1,TUFM,SIK1,0.026396844536066055,27
3199,HNRNPK,APRT,UBASH3A,0.00257331901229918,23
3200,COX6A1,COL15A1,UBASH3A,-0.008810732513666153,21
3201,CHCHD2,SFRP4,MRC1,0.00885948445647955,23
3202,EID1,PIGR,IGKV2D-28,-0.009261954575777054,21
3203,GSTP1,TUFM,CDK5R1,0.007919222116470337,26
3204,DNAJA1,ID2,IL18RAP,0.03593089431524277,27
3205,EID1,TUFM,IL18RAP,0.00014436442870646715,22
3206,TMBIM6,HSPD1,MRC1,0.009459903463721275,26
3207,GPX4,IL11RA,H4C11,-0.007618021219968796,20
3208,GPX4,PIGR,KLRF1,0.00954066589474678,24
3209,GPX4,CDK2AP2,ZNF671,0.025920424610376358,29
3210,TXNIP,JTB,IGKV2D-28,-0.09409176558256149,12
3211,GABARAP,FABP1,IL18RAP,0.0043418328277766705,25
3212,GSTP1,CDK2AP2,IL18RAP,0.03211761638522148,28
3213,EID1,SFRP4,IGKV2D-28,0.014647560194134712,27
3214,LGALS3,IL11RA,AURKB,-0.02828679233789444,14
3215,BTG2,COL15A1,SIK1,-0.0666179284453392,13
3216,DNAJA1,PIGR,REP15,0.025525469332933426,24
3217,BTF3,SFRP4,SAMD10,0.009681218303740025,24
3218,BTG2,ID2,SIK1,-0.03274039924144745,15
3219,TMBIM6,HSPD1,AGAP2,0.009009163826704025,25
3220,TMBIM6,IL32,ZNF671,0.041594766080379486,29
3221,HNRNPK,APRT,CDK5R1,0.004189902916550636,23
3222,HNRNPK,IL32,IL18RAP,0.0382327176630497,28
3223,LGALS3,HSPD1,REP15,0.008733819238841534,23
3224,GABARAP,SFRP4,H4C11,0.028084436431527138,28
3225,GSTP1,PIGR,LINC00954,0.006978918798267841,24
3226,LGALS3,SLC25A5,AURKB,0.0064687300473451614,23
3227,GSTP1,CDK2AP2,KLRF1,0.030443210154771805,26
3228,HNRNPK,SLC25A5,IL18RAP,-0.007238959893584251,19
3229,DNAJA1,SFRP4,UBASH3A,0.03564509376883507,27
3230,GABARAP,PIGR,CDK5R1,0.0023871762678027153,23
3231,IFITM2,JTB,UBASH3A,0.008441541343927383,24
3232,GPX4,CDK2AP2,AURKB,0.030530590564012527,29
3233,GPX4,COL15A1,H4C11,-0.0018842259887605906,22
3234,LGALS3,PLP2,LINC00954,-0.015027115121483803,20
3235,DNAJA1,ID2,IL18RAP,0.03593089431524277,27
3236,IFITM2,JTB,REP15,0.006084689870476723,24
3237,TMBIM6,HSPD1,UBASH3A,0.011226585134863853,25
3238,GABARAP,TUFM,IL18RAP,0.01511330809444189,31
3239,BTF3,SFRP4,AGAP2,0.01096268929541111,24
3240,IFITM2,IL11RA,UBASH3A,0.0009510044474154711,22
3241,BTG2,SFRP4,AURKB,-0.020607616752386093,20
3242,BTG2,COL15A1,H4C11,-0.0672512948513031,14
3243,BTG2,SFRP4,IGKV2D-28,-0.02052948623895645,20
3244,BTG2,COL15A1,ZNF671,-0.06904615461826324,13
3245,GSTP1,PLP2,REP15,-0.00022880907636135817,22
3246,BTG2,FABP1,REP15,-0.06178823858499527,12
3247,GPX4,COL15A1,KLRF1,-0.0023027800489217043,22
3248,BTF3,PIGR,SIK1,0.0013403529301285744,23
3249,EID1,IL32,IL18RAP,0.019694093614816666,31
3250,CHCHD2,HSPD1,SIK1,0.006813813000917435,23
3251,EID1,CDK2AP2,AURKB,-0.0006262387032620609,22
3252,PPP1R15A,ID2,SAMD10,-0.014377855695784092,22
3253,COX6A1,APRT,REP15,0.0114675872027874,22
3254,PPP1R15A,PIGR,ZNF671,-0.0245132464915514,20
3255,GSTP1,PIGR,KRT7,0.006840188056230545,23
3256,GPX4,JTB,UBASH3A,0.02655702270567417,29
3257,TMBIM6,SLC25A5,ZNF671,0.014033244922757149,26
3258,DNAJA1,HSPD1,AGAP2,0.031943872570991516,25
3259,GSTP1,PIGR,SIK1,0.010455786250531673,24
3260,GPX4,APRT,REP15,0.025936603546142578,30
3261,PPP1R15A,SLC25A5,KRT7,-0.012634236365556717,20
3262,TMBIM6,IL32,MRC1,0.03995005041360855,29
3263,PPP1R15A,IL11RA,SIK1,-0.02671291120350361,17
3264,LGALS3,IL32,IGKV2D-28,0.0229650791734457,27
3265,TXNIP,JTB,MRC1,-0.09655794501304626,12
3266,GSTP1,SFRP4,IL18RAP,0.024530421942472458,29
3267,GABARAP,JTB,CDK5R1,0.0222262404859066,31
3268,HNRNPK,SLC25A5,MRC1,-0.01693723164498806,19
3269,GSTP1,SFRP4,IGKV2D-28,0.02052617445588112,28
3270,IFITM2,PIGR,MRC1,0.012462614104151726,23
3271,GSTP1,SFRP4,SAMD10,0.015520947054028511,28
3272,DNAJA1,PLP2,LINC00954,0.006960026919841766,27
3273,TXNIP,FABP1,AGAP2,-0.11889688670635223,6
3274,GSTP1,JTB,SIK1,0.016068819910287857,25
3275,GPX4,SLC25A5,IGKV2D-28,0.03017456829547882,27
3276,BTF3,ID2,H4C11,0.002275333274155855,22
3277,GSTP1,HSPD1,H4C11,0.03175962343811989,30
3278,DNAJA1,APRT,ZNF671,0.03372931107878685,28
3279,TXNIP,FABP1,IGKV2D-28,-0.11592753231525421,6
3280,CHCHD2,SLC25A5,ZNF671,0.003952927887439728,28
3281,LGALS3,PLP2,CDK5R1,-0.022336391732096672,20
3282,TMBIM6,PIGR,LINC00954,-0.00029401801293715835,21
3283,HNRNPK,CYCS,KRT7,-0.0071266526356339455,18
3284,BTG2,JTB,IL18RAP,-0.023246292024850845,18
3285,GABARAP,TUFM,IGKV2D-28,0.015015020966529846,31
3286,BTF3,COL15A1,IL18RAP,-0.01783498376607895,17
3287,DNAJA1,JTB,AURKB,0.021832309663295746,25
3288,GABARAP,CDK2AP2,AGAP2,0.009308228269219398,29
3289,TMBIM6,IL32,MRC1,0.03995005041360855,29
3290,EID1,FABP1,SIK1,-0.020450051873922348,19
3291,LGALS3,IL32,AURKB,0.02444126456975937,27
3292,LGALS3,PIGR,SAMD10,-0.02125205658376217,19
3293,BTF3,IL32,AURKB,0.05582229793071747,32
3294,COX6A1,CDK2AP2,REP15,0.005347609519958496,25
3295,CHCHD2,APRT,AURKB,0.016329923644661903,27
3296,GPX4,TUFM,KLRF1,0.014575917273759842,27
3297,BTF3,PLP2,IL18RAP,0.005105651915073395,22
3298,TXNIP,IL11RA,KLRF1,-0.13478055596351624,6
3299,GPX4,IL11RA,UBASH3A,-0.007880575954914093,20
3300,DNAJA1,FABP1,IGKV2D-28,0.011658551171422005,23
3301,COX6A1,PLP2,CDK5R1,-0.006309092976152897,21
3302,GABARAP,SFRP4,LINC00954,0.020727742463350296,29
3303,TMBIM6,SLC25A5,ZNF671,0.014033244922757149,26
3304,EID1,TUFM,SIK1,0.00034898126614280045,22
3305,HNRNPK,ID2,ZNF671,7.897219620645046e-05,22
3306,TXNIP,IL11RA,AGAP2,-0.13407881557941437,6
3307,GPX4,APRT,SIK1,0.025776365771889687,31
3308,LGALS3,PLP2,MRC1,-0.0231846421957016,19
3309,TXNIP,IL32,AGAP2,-0.0964876264333725,12
3310,BTG2,CYCS,H4C11,-0.024660415947437286,16
3311,BTG2,CDK2AP2,AURKB,-0.015755392611026764,19
3312,PPP1R15A,JTB,SIK1,-0.00807920191437006,20
3313,IFITM2,FABP1,UBASH3A,-0.0015251270961016417,22
3314,HNRNPK,APRT,ZNF671,0.0023279159795492887,23
3315,LGALS3,IL32,ZNF671,0.02199922874569893,27
3316,TMBIM6,IL32,SIK1,0.04221635311841965,29
3317,IFITM2,TUFM,MRC1,0.009251237846910954,24
3318,IFITM2,CYCS,IL18RAP,0.019957493990659714,28
3319,TMBIM6,IL32,ZNF671,0.041594766080379486,29
3320,COX6A1,FABP1,H4C11,-0.017217133194208145,19
3321,CHCHD2,JTB,CDK5R1,0.014871727675199509,25
3322,GSTP1,CDK2AP2,ZNF671,0.02919073775410652,26
3323,CHCHD2,HSPD1,IGKV2D-28,0.007306589744985104,24
3324,GSTP1,HSPD1,KRT7,0.028829922899603844,29
3325,TXNIP,COL15A1,AGAP2,-0.13861554861068726,6
3326,IFITM2,TUFM,KLRF1,0.008317632600665092,25
3327,COX6A1,TUFM,IGKV2D-28,0.013717901892960072,24
3328,BTF3,COL15A1,CDK5R1,-0.022851567715406418,17
3329,GSTP1,SFRP4,KRT7,0.020278342068195343,28
3330,BTG2,SLC25A5,UBASH3A,-0.02077503688633442,18
3331,CHCHD2,SLC25A5,MRC1,0.005026158876717091,29
3332,GPX4,FABP1,LINC00954,-0.001169977942481637,22
3333,TXNIP,CYCS,SIK1,-0.10043893754482269,9
3334,HNRNPK,IL32,H4C11,0.03396979719400406,28
3335,CHCHD2,PIGR,IGKV2D-28,0.00018664737581275403,22
3336,BTF3,SFRP4,SAMD10,0.009681218303740025,24
3337,GSTP1,SFRP4,AURKB,0.02079889550805092,28
3338,GPX4,APRT,SIK1,0.025776365771889687,31
3339,GABARAP,FABP1,MRC1,0.0008028969168663025,23
3340,HNRNPK,PIGR,SAMD10,-0.012631073594093323,21
3341,LGALS3,CYCS,IL18RAP,-0.0041365912184119225,20
3342,LGALS3,SFRP4,ZNF671,0.01674848236143589,25
3343,GSTP1,FABP1,AURKB,-0.0008157553384080529,21
3344,PPP1R15A,SFRP4,IGKV2D-28,0.013827333226799965,25
3345,GABARAP,FABP1,KRT7,0.001594944973476231,24
3346,DNAJA1,CDK2AP2,IGKV2D-28,0.027369264513254166,28
3347,GSTP1,COL15A1,REP15,-0.009723655879497528,21
3348,BTF3,JTB,KLRF1,0.0014294118154793978,25
3349,GPX4,IL11RA,ZNF671,-0.010447226464748383,20
3350,COX6A1,FABP1,H4C11,-0.017217133194208145,19
3351,IFITM2,COL15A1,KRT7,-0.027488453313708305,20
3352,HNRNPK,PLP2,REP15,-0.019536737352609634,19
3353,EID1,SFRP4,UBASH3A,0.014758531004190445,27
3354,EID1,SLC25A5,AURKB,-0.007783427834510803,21
3355,TMBIM6,IL32,REP15,0.037670306861400604,29
3356,PPP1R15A,APRT,ZNF671,0.0005469437455758452,23
3357,COX6A1,ID2,SAMD10,-0.0011557545512914658,22
3358,HNRNPK,APRT,MRC1,0.00038938759826123714,22
3359,GABARAP,TUFM,AURKB,0.015015020966529846,31
3360,GSTP1,IL11RA,KRT7,-0.0012587596429511905,21
3361,EID1,FABP1,ZNF671,-0.020949143916368484,19
3362,TXNIP,SFRP4,KRT7,-0.10639536380767822,12
3363,HNRNPK,FABP1,LINC00954,-0.023749522864818573,18
3364,GABARAP,JTB,LINC00954,0.021896949037909508,30
3365,CHCHD2,HSPD1,LINC00954,0.008670195937156677,25
3366,GPX4,FABP1,IGKV2D-28,-0.001160030602477491,22
3367,GABARAP,APRT,H4C11,0.028021538630127907,27
3368,BTF3,TUFM,ZNF671,0.017610106617212296,25
3369,BTG2,PIGR,IGKV2D-28,-0.05253506451845169,13
3370,LGALS3,APRT,IGKV2D-28,-0.0033575063571333885,21
3371,COX6A1,PLP2,IGKV2D-28,-0.009482841938734055,19
3372,GABARAP,TUFM,CDK5R1,0.017207928001880646,30
3373,PPP1R15A,IL11RA,KLRF1,-0.02336542122066021,16
3374,TXNIP,CDK2AP2,SAMD10,-0.10170042514801025,7
3375,IFITM2,SLC25A5,AURKB,0.02308712527155876,27
3376,GABARAP,SLC25A5,ZNF671,0.017954934388399124,26
3377,BTG2,ID2,MRC1,-0.03310102969408035,15
3378,TXNIP,ID2,AGAP2,-0.11686033010482788,10
3379,GPX4,SLC25A5,KLRF1,0.02959739789366722,27
3380,COX6A1,JTB,IGKV2D-28,0.010549414902925491,24
3381,BTG2,COL15A1,CDK5R1,-0.06521216779947281,13
3382,EID1,SLC25A5,SIK1,-0.006257413886487484,21
3383,LGALS3,SLC25A5,SAMD10,0.0014942961279302835,23
3384,TXNIP,APRT,ZNF671,-0.09242680668830872,9
3385,CHCHD2,IL11RA,SAMD10,-0.004685999825596809,21
3386,IFITM2,PIGR,AURKB,0.012876766733825207,23
3387,HNRNPK,ID2,ZNF671,7.897219620645046e-05,22
3388,GPX4,COL15A1,LINC00954,-0.0020846023689955473,22
3389,BTF3,IL11RA,IGKV2D-28,0.008407138288021088,24
3390,GPX4,FABP1,KRT7,-0.0015069862129166722,22
3391,BTF3,TUFM,AURKB,0.017745479941368103,25
3392,TXNIP,SLC25A5,ZNF671,-0.0909908264875412,9
3393,BTF3,PLP2,LINC00954,-0.0062148855067789555,21
3394,IFITM2,SLC25A5,IL18RAP,0.022563472390174866,27
3395,GABARAP,JTB,IL18RAP,0.030160091817378998,31
3396,BTG2,IL32,KLRF1,-0.01251459401100874,20
3397,LGALS3,FABP1,LINC00954,-0.03843596205115318,16
3398,DNAJA1,IL11RA,CDK5R1,0.011595171876251698,26
3399,GABARAP,HSPD1,ZNF671,0.020325085148215294,28
3400,GABARAP,APRT,LINC00954,0.029352659359574318,27
3401,TMBIM6,SLC25A5,MRC1,0.011231519281864166,25
3402,DNAJA1,IL11RA,IGKV2D-28,0.010614055208861828,26
3403,LGALS3,JTB,KLRF1,0.004969753324985504,24
3404,IFITM2,APRT,UBASH3A,0.023786768317222595,28
3405,LGALS3,FABP1,MRC1,-0.05686292424798012,16
3406,TMBIM6,COL15A1,REP15,-0.015248144045472145,16
3407,HNRNPK,JTB,AGAP2,-0.005324273370206356,20
3408,TMBIM6,IL11RA,AURKB,-0.013440418988466263,17
3409,EID1,FABP1,IL18RAP,-0.019639048725366592,19
3410,BTG2,PIGR,AGAP2,-0.0529484860599041,13
3411,CHCHD2,JTB,UBASH3A,0.016766691580414772,25
3412,LGALS3,JTB,SAMD10,0.003956856206059456,24
3413,DNAJA1,CDK2AP2,ZNF671,0.027392316609621048,28
3414,GPX4,ID2,SIK1,0.02012268826365471,26
3415,TMBIM6,FABP1,AGAP2,-0.007730576209723949,20
3416,TXNIP,HSPD1,UBASH3A,-0.09638930857181549,11
3417,TXNIP,COL15A1,KRT7,-0.13892841339111328,6
3418,HNRNPK,PLP2,REP15,-0.019536737352609634,19
3419,DNAJA1,PIGR,H4C11,0.02522961050271988,24
3420,GABARAP,TUFM,IGKV2D-28,0.015015020966529846,31
3421,CHCHD2,CDK2AP2,ZNF671,0.009203169494867325,25
3422,EID1,ID2,REP15,-0.0035872915759682655,21
3423,GABARAP,SFRP4,CDK5R1,0.020792093127965927,29
3424,GABARAP,PLP2,CDK5R1,-0.0009867418557405472,22
3425,PPP1R15A,IL11RA,KLRF1,-0.02336542122066021,16
3426,TXNIP,CYCS,KRT7,-0.10112974047660828,9
3427,BTF3,APRT,ZNF671,0.014845304191112518,27
3428,PPP1R15A,ID2,H4C11,0.002328464761376381,22
3429,LGALS3,JTB,UBASH3A,0.0042679584585130215,24
3430,LGALS3,PIGR,KRT7,-0.021840911358594894,19
3431,LGALS3,CDK2AP2,IGKV2D-28,0.013230212032794952,25
3432,GPX4,SLC25A5,AGAP2,0.030831484124064445,27
3433,CHCHD2,APRT,H4C11,0.01962314546108246,27
3434,HNRNPK,TUFM,SAMD10,-0.006952835246920586,19
3435,CHCHD2,CDK2AP2,MRC1,0.006658885627985001,24
3436,EID1,JTB,MRC1,0.00012152839917689562,22
3437,TXNIP,APRT,ZNF671,-0.09242680668830872,9
3438,EID1,PLP2,IL18RAP,-0.009503564797341824,21
3439,BTG2,PIGR,CDK5R1,-0.052434228360652924,13
3440,TXNIP,PIGR,KRT7,-0.12310183793306351,7
3441,BTF3,COL15A1,SAMD10,-0.01778038591146469,17
3442,CHCHD2,CYCS,ZNF671,0.015573550947010517,28
3443,BTF3,PIGR,REP15,-0.0022693632636219263,20
3444,BTF3,CDK2AP2,AURKB,-0.002383050974458456,21
3445,CHCHD2,HSPD1,H4C11,0.01009565219283104,25
3446,IFITM2,IL11RA,REP15,-0.002016618847846985,21
3447,LGALS3,CYCS,KLRF1,-0.0039951978251338005,21
3448,GABARAP,SFRP4,ZNF671,0.014981992542743683,27
3449,PPP1R15A,TUFM,KLRF1,-0.001541932113468647,22
3450,IFITM2,CDK2AP2,AGAP2,0.010144825093448162,23
3451,COX6A1,CYCS,ZNF671,0.01227994542568922,27
3452,CHCHD2,FABP1,UBASH3A,-0.001418398111127317,22
3453,COX6A1,SLC25A5,UBASH3A,0.0006836320972070098,22
3454,GABARAP,HSPD1,SIK1,0.023726120591163635,30
3455,EID1,JTB,LINC00954,0.00012537749717012048,22
3456,TXNIP,PLP2,UBASH3A,-0.11109836399555206,4
3457,TMBIM6,FABP1,IGKV2D-28,-0.006331887561827898,20
3458,EID1,SLC25A5,UBASH3A,-0.008471173234283924,21
3459,CHCHD2,CYCS,IL18RAP,0.01576525904238224,28
3460,CHCHD2,FABP1,IGKV2D-28,-0.0014894711785018444,22
3461,BTG2,PLP2,KRT7,-0.04203595221042633,12
3462,CHCHD2,SFRP4,KRT7,0.008059906773269176,23
3463,TXNIP,FABP1,SIK1,-0.12114610522985458,6
3464,IFITM2,JTB,AURKB,0.008146527223289013,25
3465,DNAJA1,ID2,REP15,0.03270738571882248,26
3466,COX6A1,FABP1,H4C11,-0.017217133194208145,19
3467,LGALS3,TUFM,LINC00954,-0.005067723803222179,20
3468,DNAJA1,CDK2AP2,KRT7,0.024636782705783844,28
3469,TXNIP,ID2,SAMD10,-0.1168915182352066,10
3470,BTG2,IL11RA,KLRF1,-0.04913652688264847,10
3471,CHCHD2,CDK2AP2,CDK5R1,0.0048811426386237144,23
3472,CHCHD2,ID2,IGKV2D-28,0.003368253819644451,23
3473,GABARAP,IL11RA,SIK1,-0.013845426961779594,19
3474,CHCHD2,TUFM,IL18RAP,0.01198660396039486,26
3475,EID1,SFRP4,REP15,0.013521761633455753,25
3476,GABARAP,PLP2,KLRF1,-0.0009867418557405472,22
3477,EID1,SLC25A5,KLRF1,-0.008201570250093937,21
3478,DNAJA1,PIGR,UBASH3A,0.025258131325244904,24
3479,TXNIP,HSPD1,KRT7,-0.09745784103870392,11
3480,DNAJA1,IL11RA,IL18RAP,0.016888409852981567,27
3481,BTF3,SFRP4,KLRF1,0.008814958855509758,24
3482,BTF3,PLP2,KLRF1,-0.0057577332481741905,21
3483,GPX4,ID2,KRT7,0.02145843766629696,27
3484,DNAJA1,PLP2,ZNF671,0.004041573498398066,26
3485,GPX4,PIGR,LINC00954,0.008981325663626194,24
3486,IFITM2,FABP1,IL18RAP,-0.0015645253006368876,22
3487,PPP1R15A,PLP2,IL18RAP,-0.013139539398252964,18
3488,LGALS3,IL11RA,SAMD10,-0.027344943955540657,13
3489,EID1,SFRP4,LINC00954,0.014843577519059181,27
3490,CHCHD2,FABP1,IL18RAP,-0.0014853220200166106,22
3491,DNAJA1,IL32,REP15,0.044016994535923004,34
3492,GSTP1,SLC25A5,CDK5R1,0.03385516628623009,27
3493,DNAJA1,CDK2AP2,CDK5R1,0.027390915900468826,29
3494,DNAJA1,IL11RA,KRT7,0.010067556984722614,24
3495,GABARAP,PIGR,IGKV2D-28,0.0021965911146253347,22
3496,TXNIP,APRT,CDK5R1,-0.09087325632572174,8
3497,BTF3,FABP1,KRT7,-0.005080057308077812,21
3498,TXNIP,IL32,IL18RAP,-0.07463663071393967,12
3499,GSTP1,SLC25A5,KLRF1,0.032138075679540634,26
3500,CHCHD2,TUFM,UBASH3A,0.012149127200245857,26
3501,GABARAP,APRT,SAMD10,0.02588849700987339,28
3502,HNRNPK,HSPD1,AGAP2,0.005643938202410936,24
3503,COX6A1,APRT,KLRF1,0.011963460594415665,23
3504,TMBIM6,PIGR,AGAP2,-0.0028248585294932127,21
3505,IFITM2,FABP1,SIK1,-0.00455547496676445,22
3506,GABARAP,COL15A1,IGKV2D-28,-0.0048971520736813545,21
3507,HNRNPK,COL15A1,ZNF671,-0.014617567881941795,20
3508,LGALS3,IL11RA,LINC00954,-0.027009133249521255,15
3509,GABARAP,PLP2,LINC00954,0.0014312132261693478,23
3510,GSTP1,SLC25A5,LINC00954,0.03482041507959366,26
3511,GABARAP,CYCS,MRC1,0.018387023359537125,30
3512,GSTP1,TUFM,IGKV2D-28,0.005931047722697258,24
3513,HNRNPK,HSPD1,AGAP2,0.005643938202410936,24
3514,GPX4,APRT,SIK1,0.025776365771889687,31
3515,GABARAP,ID2,CDK5R1,0.017516467720270157,27
3516,TXNIP,SFRP4,CDK5R1,-0.10539184510707855,12
3517,LGALS3,TUFM,SIK1,-0.005171464290469885,20
3518,DNAJA1,PIGR,SAMD10,0.024265525862574577,23
3519,BTG2,COL15A1,MRC1,-0.06800733506679535,11
3520,EID1,IL11RA,IGKV2D-28,-0.028203660622239113,16
3521,CHCHD2,APRT,AGAP2,0.016548730432987213,26
3522,COX6A1,PIGR,UBASH3A,-0.011256436817348003,21
3523,BTG2,CDK2AP2,AURKB,-0.015755392611026764,19
3524,LGALS3,CYCS,KRT7,-0.00393184507265687,21
3525,DNAJA1,FABP1,IGKV2D-28,0.011658551171422005,23
3526,LGALS3,SLC25A5,IL18RAP,0.005570105277001858,23
3527,LGALS3,SLC25A5,H4C11,0.011742115020751953,24
3528,BTF3,TUFM,H4C11,0.018024366348981857,24
3529,COX6A1,CYCS,ZNF671,0.01227994542568922,27
3530,LGALS3,ID2,UBASH3A,-0.019233867526054382,21
3531,CHCHD2,SLC25A5,SAMD10,0.0032461967784911394,27
3532,GSTP1,ID2,LINC00954,0.031659871339797974,28
3533,BTG2,SFRP4,LINC00954,-0.018434390425682068,21
3534,HNRNPK,CYCS,MRC1,-0.0063214488327503204,19
3535,TMBIM6,APRT,REP15,0.025223761796951294,28
3536,HNRNPK,COL15A1,IL18RAP,-0.013233151286840439,20
3537,BTG2,IL32,MRC1,-0.012777285650372505,20
3538,IFITM2,TUFM,IL18RAP,0.008455097675323486,25
3539,DNAJA1,PIGR,CDK5R1,0.024765267968177795,23
3540,DNAJA1,CDK2AP2,AGAP2,0.024072740226984024,28
3541,HNRNPK,HSPD1,IL18RAP,0.003616214729845524,24
3542,HNRNPK,IL11RA,H4C11,-0.03413911908864975,14
3543,GPX4,COL15A1,UBASH3A,-0.0020369801204651594,22
3544,GSTP1,CDK2AP2,SAMD10,0.02676321007311344,26
3545,GPX4,IL32,KLRF1,0.05548699200153351,32
3546,TXNIP,TUFM,KRT7,-0.11228059232234955,7
3547,BTG2,IL32,LINC00954,-0.012062164023518562,20
3548,BTF3,PIGR,ZNF671,-0.0031765573658049107,20
3549,HNRNPK,PLP2,KRT7,-0.018965929746627808,19
3550,TXNIP,ID2,ZNF671,-0.11685095727443695,12
3551,BTG2,SFRP4,MRC1,-0.022289566695690155,19
3552,GSTP1,CDK2AP2,ZNF671,0.02919073775410652,26
3553,CHCHD2,TUFM,CDK5R1,0.014523152261972427,26
3554,IFITM2,HSPD1,ZNF671,0.02848835289478302,28
3555,GSTP1,JTB,IL18RAP,0.022272810339927673,28
3556,EID1,APRT,IGKV2D-28,-0.00401983130723238,18
3557,GSTP1,PLP2,AGAP2,-0.0010549025610089302,21
3558,COX6A1,PIGR,IL18RAP,-0.011324338614940643,21
3559,IFITM2,PIGR,KRT7,0.012829184532165527,23
3560,CHCHD2,ID2,AGAP2,0.003667497541755438,23
3561,GSTP1,IL11RA,H4C11,0.002488014753907919,22
3562,IFITM2,IL32,IL18RAP,0.03230706974864006,29
3563,DNAJA1,JTB,SAMD10,0.017670288681983948,26
3564,CHCHD2,PIGR,LINC00954,0.003717681858688593,24
3565,GPX4,JTB,ZNF671,0.026097383350133896,29
3566,PPP1R15A,PLP2,SAMD10,-0.02073640376329422,17
3567,LGALS3,PLP2,IGKV2D-28,-0.02163965441286564,20
3568,IFITM2,TUFM,KRT7,0.009877657517790794,24
3569,PPP1R15A,IL11RA,AGAP2,-0.023311328142881393,16
3570,LGALS3,CYCS,LINC00954,-0.003933043219149113,21
3571,GABARAP,SFRP4,KLRF1,0.019002236425876617,29
3572,BTF3,JTB,LINC00954,0.0018618464237079024,26
3573,CHCHD2,APRT,KRT7,0.01582038402557373,27
3574,BTG2,TUFM,ZNF671,-0.024926859885454178,16
3575,BTF3,ID2,IL18RAP,0.00905845407396555,23
3576,EID1,CDK2AP2,SAMD10,0.0016284906305372715,23
3577,IFITM2,JTB,IL18RAP,0.008280015550553799,25
3578,GABARAP,HSPD1,AURKB,0.021991435438394547,29
3579,HNRNPK,IL32,MRC1,0.028703320771455765,27
3580,IFITM2,SLC25A5,IL18RAP,0.022563472390174866,27
3581,PPP1R15A,JTB,IGKV2D-28,-0.0069467974826693535,20
3582,BTG2,SLC25A5,SIK1,-0.021698331460356712,18
3583,BTG2,PLP2,CDK5R1,-0.039015933871269226,12
3584,GABARAP,ID2,MRC1,0.01480947621166706,27
3585,GABARAP,COL15A1,KRT7,-0.004780781455338001,21
3586,GABARAP,CDK2AP2,KLRF1,0.009310971945524216,30
3587,PPP1R15A,CYCS,REP15,-0.00358026335015893,20
3588,GPX4,CDK2AP2,ZNF671,0.025920424610376358,29
3589,TMBIM6,COL15A1,UBASH3A,-0.015265639871358871,16
3590,TXNIP,PIGR,KRT7,-0.12310183793306351,7
3591,GSTP1,APRT,SAMD10,0.02375931106507778,28
3592,HNRNPK,TUFM,ZNF671,-0.0055009108036756516,19
3593,PPP1R15A,APRT,H4C11,0.0023190518841147423,24
3594,PPP1R15A,PIGR,MRC1,-0.026002898812294006,20
3595,GSTP1,TUFM,KRT7,0.005099751986563206,24
3596,DNAJA1,CYCS,MRC1,0.028433337807655334,27
3597,BTG2,IL32,CDK5R1,-0.012473300099372864,20
3598,BTF3,IL11RA,SAMD10,-0.002128003630787134,21
3599,COX6A1,IL11RA,ZNF671,-0.015461927279829979,19
3600,GABARAP,PIGR,IL18RAP,0.006652974523603916,23
3601,BTF3,PLP2,KRT7,-0.0056763095781207085,21
3602,DNAJA1,IL32,IL18RAP,0.04539789259433746,34
3603,IFITM2,IL11RA,SIK1,0.00012403349683154374,22
3604,GPX4,CYCS,AGAP2,0.029033470898866653,26
3605,TMBIM6,IL11RA,UBASH3A,-0.012900641188025475,17
3606,IFITM2,SLC25A5,AGAP2,0.02349456027150154,27
3607,IFITM2,HSPD1,CDK5R1,0.028936371207237244,28
3608,DNAJA1,CDK2AP2,IGKV2D-28,0.027369264513254166,28
3609,CHCHD2,COL15A1,MRC1,-0.017697902396321297,17
3610,EID1,PIGR,AURKB,-0.009424326941370964,21
3611,TXNIP,IL32,KLRF1,-0.09646058827638626,12
3612,TMBIM6,IL11RA,SIK1,-0.009116738103330135,17
3613,GABARAP,PLP2,IGKV2D-28,0.0010940887732431293,23
3614,TXNIP,HSPD1,LINC00954,-0.0970211774110794,11
3615,LGALS3,CDK2AP2,KLRF1,0.012394740246236324,25
3616,GABARAP,FABP1,ZNF671,0.0005217030993662775,23
3617,EID1,CYCS,MRC1,-0.006360027007758617,21
3618,HNRNPK,PIGR,MRC1,-0.012863058596849442,21
3619,COX6A1,CYCS,REP15,0.012814586982131004,28
3620,LGALS3,IL11RA,AGAP2,-0.027064481750130653,14
3621,HNRNPK,JTB,AGAP2,-0.005324273370206356,20
3622,COX6A1,ID2,UBASH3A,-0.0012402430875226855,22
3623,IFITM2,PIGR,AURKB,0.012876766733825207,23
3624,DNAJA1,PLP2,AURKB,0.00780034065246582,27
3625,IFITM2,HSPD1,H4C11,0.02901148423552513,29
3626,GSTP1,COL15A1,ZNF671,-0.010099637322127819,20
3627,DNAJA1,APRT,REP15,0.033691488206386566,29
3628,GPX4,APRT,MRC1,0.02553124912083149,30
3629,PPP1R15A,JTB,KRT7,-0.007366535719484091,19
3630,PPP1R15A,ID2,UBASH3A,-0.012674813158810139,22
3631,HNRNPK,HSPD1,UBASH3A,0.004742253106087446,24
3632,COX6A1,CYCS,KRT7,0.01268785446882248,27
3633,EID1,FABP1,KRT7,-0.02011854574084282,19
3634,BTF3,SLC25A5,LINC00954,0.014823236502707005,27
3635,COX6A1,PLP2,SIK1,-0.007380824536085129,19
3636,GSTP1,IL11RA,SIK1,0.0009313632035627961,22
3637,PPP1R15A,ID2,SIK1,-0.010022708214819431,22
3638,IFITM2,SFRP4,KLRF1,0.0273688156157732,27
3639,IFITM2,SFRP4,IGKV2D-28,0.02948274090886116,27
3640,BTF3,PIGR,LINC00954,-0.0009316102368757129,21
3641,COX6A1,APRT,MRC1,0.004301140550523996,22
3642,COX6A1,TUFM,MRC1,0.011023689061403275,24
3643,COX6A1,APRT,LINC00954,0.022826196625828743,24
3644,TXNIP,JTB,AGAP2,-0.09030580520629883,12
3645,CHCHD2,JTB,SAMD10,0.01735912635922432,25
3646,LGALS3,TUFM,SAMD10,-0.012273889034986496,20
3647,GABARAP,IL32,MRC1,0.050214722752571106,30
3648,EID1,CYCS,IL18RAP,0.003965961746871471,22
3649,EID1,SLC25A5,IL18RAP,-0.00822184607386589,21
3650,PPP1R15A,FABP1,KRT7,-0.02447163686156273,14
3651,BTG2,TUFM,ZNF671,-0.024926859885454178,16
3652,IFITM2,IL32,IGKV2D-28,0.032688822597265244,29
3653,GPX4,PLP2,H4C11,0.011120602488517761,25
3654,IFITM2,TUFM,ZNF671,0.013270286843180656,25
3655,LGALS3,APRT,LINC00954,-0.0007227067835628986,22
3656,COX6A1,PIGR,AGAP2,-0.011462408117949963,21
3657,HNRNPK,ID2,SIK1,0.0004168255254626274,22
3658,GPX4,PLP2,IL18RAP,0.014152253046631813,25
3659,EID1,ID2,KLRF1,-0.0033507870975881815,21
3660,TMBIM6,PLP2,KLRF1,0.002167187165468931,23
3661,HNRNPK,SLC25A5,H4C11,-0.009600789286196232,20
3662,EID1,HSPD1,ZNF671,-0.0063011436723172665,21
3663,PPP1R15A,APRT,AGAP2,0.0037998813204467297,24
3664,EID1,SLC25A5,IL18RAP,-0.00822184607386589,21
3665,HNRNPK,JTB,MRC1,-0.006418125703930855,21
3666,LGALS3,CYCS,SAMD10,-0.003970256075263023,20
3667,BTG2,APRT,KRT7,-0.0250132754445076,19
3668,GSTP1,SLC25A5,MRC1,0.03264414519071579,26
3669,GPX4,CDK2AP2,AGAP2,0.030333317816257477,29
3670,PPP1R15A,CYCS,CDK5R1,-0.0036252541467547417,20
3671,CHCHD2,SLC25A5,SAMD10,0.0032461967784911394,27
3672,GABARAP,PIGR,IGKV2D-28,0.0021965911146253347,22
3673,CHCHD2,PIGR,UBASH3A,2.994989881699439e-05,22
3674,IFITM2,PLP2,KRT7,0.01784757897257805,25
3675,GABARAP,PLP2,IL18RAP,0.0005526996683329344,22
3676,TXNIP,IL11RA,MRC1,-0.1353694498538971,6
3677,COX6A1,IL11RA,REP15,-0.022678852081298828,19
3678,BTG2,ID2,UBASH3A,-0.03208744898438454,15
3679,TXNIP,HSPD1,REP15,-0.1029123067855835,11
3680,COX6A1,HSPD1,UBASH3A,0.01997065171599388,28
3681,HNRNPK,JTB,CDK5R1,-0.005742610432207584,20
3682,GABARAP,CYCS,IGKV2D-28,0.024792946875095367,30
3683,GPX4,IL32,IL18RAP,0.05572405830025673,32
3684,GABARAP,COL15A1,AURKB,-0.004613093566149473,21
3685,HNRNPK,PIGR,AGAP2,-0.011570977047085762,21
3686,TMBIM6,IL32,LINC00954,0.04192012920975685,30
3687,EID1,PIGR,IL18RAP,-0.007536124903708696,21
3688,TMBIM6,COL15A1,MRC1,-0.01647150330245495,16
3689,GSTP1,CYCS,KLRF1,0.019767744466662407,28
3690,COX6A1,CYCS,CDK5R1,0.012706639245152473,27
3691,PPP1R15A,SLC25A5,H4C11,-0.005790563300251961,20
3692,TXNIP,IL11RA,SAMD10,-0.1309071183204651,6
3693,GPX4,SLC25A5,AURKB,0.029884658753871918,27
3694,BTG2,CDK2AP2,H4C11,-0.01469719409942627,19
3695,GSTP1,SFRP4,SAMD10,0.015520947054028511,28
3696,HNRNPK,ID2,H4C11,0.008578338660299778,23
3697,COX6A1,HSPD1,UBASH3A,0.01997065171599388,28
3698,EID1,APRT,IGKV2D-28,-0.00401983130723238,18
3699,BTG2,COL15A1,IL18RAP,-0.06532932817935944,13
3700,HNRNPK,IL32,AURKB,0.030018670484423637,27
3701,BTG2,CYCS,KRT7,-0.024199873208999634,16
3702,CHCHD2,JTB,UBASH3A,0.016766691580414772,25
3703,BTG2,ID2,IL18RAP,-0.032253753393888474,15
3704,LGALS3,IL32,SIK1,0.023923330008983612,28
3705,CHCHD2,ID2,UBASH3A,0.002414428861811757,23
3706,GPX4,COL15A1,KLRF1,-0.0023027800489217043,22
3707,CHCHD2,PLP2,LINC00954,-0.0045869494788348675,20
3708,BTG2,IL11RA,IL18RAP,-0.04909532517194748,10
3709,LGALS3,FABP1,AGAP2,-0.05687852203845978,16
3710,GABARAP,IL32,SAMD10,0.051391489803791046,31
3711,GPX4,APRT,LINC00954,0.025003697723150253,31
3712,IFITM2,ID2,SAMD10,0.00887796375900507,23
3713,EID1,IL11RA,IGKV2D-28,-0.028203660622239113,16
3714,BTG2,CDK2AP2,LINC00954,-0.010665935464203358,18
3715,GSTP1,TUFM,ZNF671,0.006301745772361755,25
3716,TXNIP,SFRP4,ZNF671,-0.10669510066509247,12
3717,CHCHD2,CYCS,CDK5R1,0.01598612777888775,28
3718,GSTP1,SFRP4,AURKB,0.02079889550805092,28
3719,GABARAP,HSPD1,SIK1,0.023726120591163635,30
3720,HNRNPK,CDK2AP2,MRC1,-0.00586980814114213,21
3721,COX6A1,PIGR,IGKV2D-28,-0.011308233253657818,21
3722,CHCHD2,JTB,SIK1,0.02305324748158455,25
3723,GSTP1,COL15A1,UBASH3A,-0.009707868099212646,21
3724,LGALS3,SFRP4,CDK5R1,0.017680374905467033,25
3725,COX6A1,PLP2,ZNF671,-0.009136928245425224,20
3726,GABARAP,APRT,LINC00954,0.029352659359574318,27
3727,GPX4,IL32,IL18RAP,0.05572405830025673,32
3728,TXNIP,PLP2,AGAP2,-0.11109089851379395,4
3729,IFITM2,SLC25A5,IGKV2D-28,0.024180561304092407,27
3730,GPX4,PIGR,SAMD10,0.0096646873280406,24
3731,GABARAP,APRT,H4C11,0.028021538630127907,27
3732,GSTP1,SLC25A5,IL18RAP,0.038007963448762894,27
3733,COX6A1,SLC25A5,REP15,-0.0012714965268969536,22
3734,GSTP1,IL32,ZNF671,0.03757260739803314,33
3735,COX6A1,CYCS,MRC1,0.013104931451380253,27
3736,EID1,APRT,KRT7,-0.004950432572513819,17
3737,EID1,FABP1,IL18RAP,-0.019639048725366592,19
3738,GABARAP,TUFM,KRT7,0.01501696277409792,31
3739,COX6A1,IL32,IGKV2D-28,0.020588353276252747,28
3740,CHCHD2,JTB,KRT7,0.016555024310946465,25
3741,COX6A1,SFRP4,REP15,0.003220349084585905,23
3742,GSTP1,SFRP4,IGKV2D-28,0.02052617445588112,28
3743,DNAJA1,ID2,IL18RAP,0.03593089431524277,27
3744,GABARAP,APRT,IGKV2D-28,0.022095952183008194,28
3745,GPX4,CYCS,CDK5R1,0.027331199496984482,25
3746,COX6A1,ID2,AGAP2,-0.0010901727946475148,22
3747,COX6A1,SLC25A5,MRC1,0.0019293066579848528,23
3748,PPP1R15A,TUFM,KLRF1,-0.001541932113468647,22
3749,HNRNPK,SFRP4,REP15,0.0040857624262571335,22
3750,LGALS3,HSPD1,MRC1,0.009450064040720463,23
3751,DNAJA1,APRT,LINC00954,0.034742750227451324,28
3752,GSTP1,SLC25A5,H4C11,0.03440239280462265,26
3753,LGALS3,PIGR,H4C11,-0.016947126016020775,20
3754,TMBIM6,TUFM,AGAP2,0.00646663922816515,24
3755,DNAJA1,ID2,SIK1,0.031616270542144775,26
3756,COX6A1,CDK2AP2,MRC1,0.007251848001033068,25
3757,BTG2,ID2,H4C11,-0.02842690795660019,15
3758,BTF3,TUFM,REP15,0.01813313364982605,25
3759,GSTP1,SFRP4,IL18RAP,0.024530421942472458,29
3760,IFITM2,FABP1,LINC00954,0.012213249690830708,23
3761,GSTP1,JTB,SAMD10,0.015935352072119713,28
3762,TXNIP,COL15A1,H4C11,-0.13540130853652954,6
3763,CHCHD2,COL15A1,IL18RAP,-0.014886600896716118,17
3764,EID1,SLC25A5,AURKB,-0.007783427834510803,21
3765,PPP1R15A,CYCS,UBASH3A,-0.0038625888992100954,20
3766,CHCHD2,JTB,KLRF1,0.01677844300866127,25
3767,GSTP1,COL15A1,REP15,-0.009723655879497528,21
3768,TXNIP,FABP1,REP15,-0.12167690694332123,6
3769,COX6A1,JTB,CDK5R1,0.009878885000944138,24
3770,LGALS3,FABP1,MRC1,-0.05686292424798012,16
3771,DNAJA1,JTB,UBASH3A,0.02197066694498062,25
3772,IFITM2,HSPD1,SAMD10,0.028974808752536774,27
3773,TXNIP,SLC25A5,IGKV2D-28,-0.08871181309223175,9
3774,HNRNPK,SLC25A5,H4C11,-0.009600789286196232,20
3775,PPP1R15A,IL11RA,LINC00954,-0.023359009996056557,17
3776,BTF3,IL32,CDK5R1,0.056259885430336,32
3777,BTF3,IL32,REP15,0.06126287579536438,31
3778,EID1,CYCS,AGAP2,-0.004878032952547073,21
3779,TMBIM6,CYCS,H4C11,0.012253682129085064,23
3780,TXNIP,HSPD1,SAMD10,-0.09680835902690887,11
3781,TXNIP,CYCS,H4C11,-0.09323735535144806,9
3782,IFITM2,COL15A1,REP15,-0.028138194233179092,20
3783,COX6A1,CYCS,SAMD10,0.01355352159589529,27
3784,COX6A1,COL15A1,SIK1,-0.008640865795314312,21
3785,GSTP1,COL15A1,UBASH3A,-0.009707868099212646,21
3786,TMBIM6,SLC25A5,UBASH3A,0.011479251086711884,26
3787,GSTP1,COL15A1,H4C11,-0.005194582976400852,21
3788,GPX4,COL15A1,LINC00954,-0.0020846023689955473,22
3789,PPP1R15A,CDK2AP2,REP15,-0.00901455245912075,20
3790,LGALS3,COL15A1,AGAP2,-0.028635118156671524,16
3791,IFITM2,TUFM,IL18RAP,0.008455097675323486,25
3792,TXNIP,JTB,KRT7,-0.09691772609949112,12
3793,TMBIM6,SFRP4,H4C11,0.0201350599527359,27
3794,HNRNPK,COL15A1,IL18RAP,-0.013233151286840439,20
3795,IFITM2,FABP1,CDK5R1,0.0036429879255592823,22
3796,GABARAP,PLP2,SIK1,0.00119123759213835,23
3797,IFITM2,SLC25A5,KRT7,0.021726999431848526,27
3798,TXNIP,JTB,SAMD10,-0.09459471702575684,12
3799,COX6A1,PLP2,IL18RAP,-0.007457138039171696,19
3800,PPP1R15A,JTB,AGAP2,-0.006974904332309961,20
3801,DNAJA1,IL11RA,SIK1,0.009408221580088139,26
3802,DNAJA1,CYCS,H4C11,0.03269203007221222,27
3803,BTG2,TUFM,LINC00954,-0.025952599942684174,16
3804,LGALS3,FABP1,REP15,-0.05806921795010567,16
3805,IFITM2,CDK2AP2,UBASH3A,0.014042455703020096,23
3806,GSTP1,PIGR,CDK5R1,0.007091664709150791,23
3807,CHCHD2,TUFM,REP15,0.010563882999122143,26
3808,HNRNPK,ID2,IL18RAP,0.0001575392670929432,22
3809,GPX4,APRT,AGAP2,0.02569911628961563,31
3810,CHCHD2,CYCS,CDK5R1,0.01598612777888775,28
3811,TMBIM6,ID2,KRT7,0.011307084932923317,26
3812,COX6A1,JTB,UBASH3A,0.010517710819840431,24
3813,TMBIM6,PLP2,H4C11,0.004078119061887264,23
3814,BTG2,PIGR,CDK5R1,-0.052434228360652924,13
3815,TMBIM6,PIGR,AURKB,-0.00042903539724648,21
3816,DNAJA1,IL32,AGAP2,0.045305296778678894,33
3817,BTG2,PIGR,IGKV2D-28,-0.05253506451845169,13
3818,GPX4,PIGR,IGKV2D-28,0.009615606628358364,24
3819,LGALS3,APRT,AGAP2,-0.0035177033860236406,21
3820,CHCHD2,JTB,MRC1,0.016531411558389664,24
3821,DNAJA1,FABP1,AGAP2,0.011808527633547783,23
3822,COX6A1,COL15A1,IGKV2D-28,-0.008587855845689774,21
3823,EID1,IL11RA,MRC1,-0.030529318377375603,16
3824,LGALS3,CYCS,AURKB,-0.0040703024715185165,21
3825,LGALS3,SFRP4,LINC00954,0.01775667443871498,25
3826,GPX4,PIGR,CDK5R1,0.009771382436156273,25
3827,BTF3,COL15A1,UBASH3A,-0.017709851264953613,18
3828,IFITM2,ID2,KLRF1,0.008904598653316498,23
3829,DNAJA1,TUFM,SAMD10,0.03314201533794403,27
3830,EID1,TUFM,ZNF671,0.0010554970940575004,22
3831,COX6A1,CDK2AP2,SIK1,0.008617956191301346,26
3832,BTF3,PLP2,H4C11,-0.006986060179769993,21
3833,IFITM2,SFRP4,AGAP2,0.027883470058441162,27
3834,TMBIM6,PLP2,KLRF1,0.002167187165468931,23
3835,TMBIM6,JTB,SAMD10,0.007933168672025204,26
3836,LGALS3,SLC25A5,IL18RAP,0.005570105277001858,23
3837,GABARAP,COL15A1,LINC00954,0.005011329427361488,22
3838,GSTP1,IL32,CDK5R1,0.04030898958444595,33
3839,GABARAP,PIGR,CDK5R1,0.0023871762678027153,23
3840,GPX4,SFRP4,H4C11,0.02903626300394535,31
3841,GPX4,HSPD1,REP15,0.034507911652326584,28
3842,PPP1R15A,SFRP4,LINC00954,0.01953323930501938,25
3843,BTG2,PIGR,KLRF1,-0.052762605249881744,13
3844,BTF3,FABP1,MRC1,-0.004360983148217201,21
3845,EID1,PIGR,LINC00954,-0.006838787347078323,21
3846,GABARAP,FABP1,SAMD10,0.0029800175689160824,24
3847,GSTP1,HSPD1,REP15,0.02875617705285549,28
3848,BTG2,PLP2,CDK5R1,-0.039015933871269226,12
3849,PPP1R15A,IL32,IGKV2D-28,0.034812264144420624,29
3850,GPX4,IL11RA,MRC1,-0.008202675729990005,20
3851,COX6A1,PLP2,AGAP2,-0.009109079837799072,19
3852,TMBIM6,PIGR,IL18RAP,-0.00030809600139036775,21
3853,PPP1R15A,HSPD1,UBASH3A,0.008705511689186096,23
3854,GPX4,CDK2AP2,UBASH3A,0.029063045978546143,30
3855,BTG2,HSPD1,ZNF671,-0.03928844630718231,17
3856,PPP1R15A,IL32,MRC1,0.034812264144420624,29
3857,BTF3,SFRP4,KRT7,0.010361425578594208,24
3858,TMBIM6,PLP2,KRT7,0.0009913020767271519,22
3859,BTF3,SFRP4,MRC1,0.00933842733502388,24
3860,DNAJA1,FABP1,H4C11,0.009502806700766087,23
3861,GSTP1,IL11RA,KLRF1,-0.0021691895090043545,22
3862,LGALS3,PIGR,AURKB,-0.021545303985476494,19
3863,GSTP1,FABP1,CDK5R1,-0.001008910359814763,21
3864,CHCHD2,JTB,IGKV2D-28,0.016695518046617508,25
3865,BTF3,JTB,H4C11,0.0011004286352545023,24
3866,LGALS3,APRT,LINC00954,-0.0007227067835628986,22
3867,LGALS3,PIGR,IL18RAP,-0.02137402445077896,19
3868,TMBIM6,COL15A1,ZNF671,-0.015371693298220634,16
3869,EID1,IL32,IGKV2D-28,0.01947132870554924,30
3870,BTF3,JTB,AURKB,0.0013869578251615167,25
3871,GABARAP,SLC25A5,AGAP2,0.02346907928586006,25
3872,PPP1R15A,HSPD1,IGKV2D-28,0.009257618337869644,23
3873,GSTP1,IL11RA,CDK5R1,0.000760731752961874,22
3874,BTF3,SLC25A5,AURKB,0.015184272080659866,26
3875,GABARAP,SFRP4,H4C11,0.028084436431527138,28
3876,BTF3,FABP1,REP15,-0.004833024926483631,21
3877,BTF3,SFRP4,REP15,0.011590048670768738,23
3878,BTF3,IL11RA,UBASH3A,0.008213281631469727,23
3879,HNRNPK,CYCS,AURKB,-0.005979291629046202,18
3880,GSTP1,PLP2,MRC1,-0.00133915850892663,21
3881,DNAJA1,CDK2AP2,ZNF671,0.027392316609621048,28
3882,LGALS3,SLC25A5,IGKV2D-28,0.006508737802505493,23
3883,TXNIP,IL32,CDK5R1,-0.09666688740253448,13
3884,CHCHD2,SFRP4,KLRF1,0.00879919994622469,23
3885,CHCHD2,JTB,H4C11,0.01598813571035862,26
3886,PPP1R15A,JTB,MRC1,-0.008569445461034775,20
3887,GPX4,TUFM,SIK1,0.018317043781280518,27
3888,TXNIP,SFRP4,SAMD10,-0.10665372014045715,12
3889,LGALS3,SLC25A5,CDK5R1,0.008819330483675003,24
3890,GPX4,IL32,REP15,0.055697206407785416,32
3891,LGALS3,HSPD1,IGKV2D-28,0.010130360722541809,23
3892,GSTP1,IL32,SIK1,0.03886505216360092,33
3893,BTF3,FABP1,KRT7,-0.005080057308077812,21
3894,IFITM2,ID2,UBASH3A,0.011330462992191315,24
3895,TXNIP,SLC25A5,KRT7,-0.08975155651569366,9
3896,GPX4,ID2,AURKB,0.022236445918679237,27
3897,COX6A1,PLP2,KRT7,-0.007595639675855637,19
3898,BTG2,ID2,KRT7,-0.032624781131744385,15
3899,GABARAP,SLC25A5,IL18RAP,0.02637050673365593,27
3900,GABARAP,SFRP4,IL18RAP,0.028956688940525055,29
3901,LGALS3,HSPD1,AGAP2,0.01228657178580761,23
3902,LGALS3,PIGR,KRT7,-0.021840911358594894,19
3903,LGALS3,ID2,KLRF1,-0.019704995676875114,21
3904,TXNIP,CYCS,KLRF1,-0.10072820633649826,9
3905,LGALS3,HSPD1,H4C11,0.01082183513790369,23
3906,CHCHD2,PIGR,SIK1,6.356259109452367e-05,22
3907,COX6A1,SLC25A5,LINC00954,0.0008037969237193465,22
3908,IFITM2,SFRP4,MRC1,0.02780594304203987,28
3909,GABARAP,PIGR,KLRF1,0.0020536179654300213,22
3910,BTG2,CYCS,KLRF1,-0.02298898622393608,16
3911,HNRNPK,CDK2AP2,ZNF671,-0.006633469834923744,21
3912,BTG2,APRT,AGAP2,-0.022847430780529976,19
3913,DNAJA1,IL11RA,SAMD10,0.009367361664772034,26
3914,GABARAP,APRT,SAMD10,0.02588849700987339,28
3915,GPX4,IL32,SAMD10,0.05605965852737427,32
3916,IFITM2,SLC25A5,ZNF671,0.021790601313114166,27
3917,CHCHD2,PLP2,REP15,-0.00435615936294198,20
3918,TMBIM6,PIGR,ZNF671,-0.0003167114919051528,21
3919,TMBIM6,SLC25A5,KLRF1,0.011572469025850296,25
3920,GABARAP,IL32,REP15,0.051202625036239624,30
3921,TMBIM6,SFRP4,KRT7,0.015232682228088379,26
3922,DNAJA1,CDK2AP2,ZNF671,0.027392316609621048,28
3923,DNAJA1,ID2,IL18RAP,0.03593089431524277,27
3924,DNAJA1,SLC25A5,IGKV2D-28,0.02169816568493843,26
3925,COX6A1,PIGR,KRT7,-0.011441968381404877,21
3926,TXNIP,CYCS,REP15,-0.10046249628067017,9
3927,EID1,PLP2,SAMD10,-0.00934869796037674,21
3928,CHCHD2,APRT,REP15,0.016775310039520264,27
3929,COX6A1,PLP2,REP15,-0.009152691811323166,19
3930,BTF3,SLC25A5,ZNF671,0.01313740573823452,26
3931,CHCHD2,HSPD1,MRC1,0.00595405837520957,25
3932,TMBIM6,JTB,AGAP2,0.009587246924638748,26
3933,GABARAP,TUFM,ZNF671,0.012101845815777779,30
3934,TXNIP,HSPD1,KLRF1,-0.09720136970281601,11
3935,PPP1R15A,JTB,SIK1,-0.00807920191437006,20
3936,CHCHD2,JTB,LINC00954,0.016397342085838318,25
3937,GSTP1,TUFM,CDK5R1,0.007919222116470337,26
3938,TMBIM6,HSPD1,IL18RAP,0.01126481220126152,25
3939,HNRNPK,CYCS,KLRF1,-0.0064976029098033905,18
3940,BTG2,PIGR,AGAP2,-0.0529484860599041,13
3941,BTF3,IL32,KLRF1,0.056337714195251465,32
3942,COX6A1,JTB,ZNF671,0.010075959376990795,24
3943,PPP1R15A,IL11RA,LINC00954,-0.023359009996056557,17
3944,TXNIP,HSPD1,SIK1,-0.09706301987171173,11
3945,LGALS3,TUFM,AURKB,-0.005088387057185173,20
3946,PPP1R15A,SLC25A5,LINC00954,-0.01193971373140812,20
3947,IFITM2,CYCS,REP15,0.024142201989889145,28
3948,IFITM2,IL11RA,LINC00954,0.0005268009845167398,22
3949,EID1,SLC25A5,SAMD10,-0.007484026253223419,21
3950,GSTP1,CDK2AP2,MRC1,0.030635874718427658,26
3951,EID1,SFRP4,IGKV2D-28,0.014647560194134712,27
3952,TXNIP,SFRP4,KRT7,-0.10639536380767822,12
3953,PPP1R15A,SLC25A5,KRT7,-0.012634236365556717,20
3954,HNRNPK,COL15A1,H4C11,-0.01282518357038498,19
3955,DNAJA1,CYCS,IGKV2D-28,0.03128177672624588,27
3956,BTG2,SLC25A5,CDK5R1,-0.019930990412831306,18
3957,TXNIP,SLC25A5,H4C11,-0.0927649736404419,9
3958,BTG2,APRT,H4C11,-0.02441275492310524,19
3959,CHCHD2,HSPD1,ZNF671,0.0070608826354146,24
3960,BTF3,CDK2AP2,IL18RAP,0.0006847392651252449,22
3961,TMBIM6,SLC25A5,REP15,0.014305096119642258,25
3962,BTF3,PLP2,H4C11,-0.006986060179769993,21
3963,TXNIP,SFRP4,KRT7,-0.10639536380767822,12
3964,HNRNPK,CDK2AP2,REP15,-0.0041269841603934765,22
3965,TXNIP,APRT,H4C11,-0.0888008400797844,9
3966,TMBIM6,SFRP4,AURKB,0.015522635541856289,26
3967,LGALS3,JTB,SAMD10,0.003956856206059456,24
3968,TMBIM6,ID2,SIK1,0.011137433350086212,26
3969,LGALS3,ID2,REP15,-0.021641936153173447,21
3970,CHCHD2,SFRP4,MRC1,0.00885948445647955,23
3971,TXNIP,JTB,MRC1,-0.09655794501304626,12
3972,EID1,APRT,IGKV2D-28,-0.00401983130723238,18
3973,IFITM2,PIGR,H4C11,0.024016518145799637,24
3974,DNAJA1,CYCS,MRC1,0.028433337807655334,27
3975,GSTP1,COL15A1,IL18RAP,-0.008095810189843178,21
3976,HNRNPK,SLC25A5,UBASH3A,-0.008937383070588112,19
3977,EID1,CDK2AP2,MRC1,-0.0003347347374074161,22
3978,COX6A1,TUFM,LINC00954,0.016681231558322906,25
3979,HNRNPK,SFRP4,IL18RAP,0.0055961646139621735,23
3980,TXNIP,ID2,KRT7,-0.11930796504020691,11
3981,IFITM2,IL11RA,CDK5R1,0.001108754426240921,23
3982,BTF3,JTB,KLRF1,0.0014294118154793978,25
3983,GPX4,FABP1,IL18RAP,-0.0012175512965768576,22
3984,EID1,SLC25A5,IL18RAP,-0.00822184607386589,21
3985,PPP1R15A,TUFM,AURKB,-0.0020375510212033987,22
3986,BTG2,SFRP4,UBASH3A,-0.020569052547216415,20
3987,COX6A1,FABP1,MRC1,-0.01598631963133812,19
3988,GPX4,JTB,H4C11,0.025851186364889145,29
3989,TXNIP,SLC25A5,AURKB,-0.0905565619468689,9
3990,GABARAP,CYCS,LINC00954,0.021756278350949287,31
3991,HNRNPK,HSPD1,SIK1,0.006776515394449234,24
3992,BTF3,CDK2AP2,UBASH3A,-0.002621798310428858,21
3993,BTF3,SLC25A5,CDK5R1,0.014369945973157883,27
3994,COX6A1,CYCS,KRT7,0.01268785446882248,27
3995,IFITM2,TUFM,CDK5R1,0.009876774623990059,25
3996,EID1,HSPD1,SAMD10,-0.008706498891115189,21
3997,TMBIM6,IL11RA,IL18RAP,-0.012897592037916183,17
3998,EID1,COL15A1,IL18RAP,-0.04348625987768173,14
3999,CHCHD2,IL32,H4C11,0.0348600372672081,34
4000,EID1,CDK2AP2,IL18RAP,-0.000349674082826823,22
4001,GABARAP,IL32,AGAP2,0.05113130062818527,31
4002,COX6A1,CYCS,KLRF1,0.012703356333076954,27
4003,HNRNPK,CYCS,AURKB,-0.005979291629046202,18
4004,GPX4,PLP2,KLRF1,0.013984713703393936,25
4005,BTF3,COL15A1,IL18RAP,-0.01783498376607895,17
4006,BTG2,PLP2,AURKB,-0.04057843238115311,12
4007,BTG2,IL32,SAMD10,-0.012967459857463837,20
4008,BTF3,SLC25A5,H4C11,0.016228506341576576,26
4009,EID1,HSPD1,IGKV2D-28,-0.006625785492360592,21
4010,BTF3,JTB,SIK1,0.0017855048645287752,25
4011,PPP1R15A,PLP2,IGKV2D-28,-0.019562214612960815,17
4012,TXNIP,FABP1,MRC1,-0.12148205935955048,6
4013,BTF3,ID2,IL18RAP,0.00905845407396555,23
4014,GSTP1,CYCS,LINC00954,0.020242098718881607,28
4015,GABARAP,CDK2AP2,AURKB,0.009393911808729172,30
4016,BTF3,CDK2AP2,KLRF1,-0.002422772580757737,21
4017,COX6A1,IL11RA,REP15,-0.022678852081298828,19
4018,PPP1R15A,ID2,KLRF1,-0.013093073852360249,22
4019,GABARAP,ID2,IGKV2D-28,0.01644948497414589,27
4020,COX6A1,IL32,CDK5R1,0.019262606278061867,28
4021,TMBIM6,CYCS,CDK5R1,-0.0028795029502362013,21
4022,PPP1R15A,SFRP4,MRC1,0.013955092057585716,25
4023,LGALS3,JTB,IGKV2D-28,0.004636213183403015,24
4024,IFITM2,CDK2AP2,CDK5R1,0.010145541280508041,23
4025,EID1,FABP1,KLRF1,-0.02131003886461258,19
4026,PPP1R15A,PLP2,IL18RAP,-0.013139539398252964,18
4027,CHCHD2,COL15A1,SAMD10,-0.016582820564508438,17
4028,PPP1R15A,TUFM,IL18RAP,0.0038842137437313795,23
4029,BTF3,IL32,IGKV2D-28,0.05642426013946533,33
4030,BTF3,APRT,CDK5R1,0.017928346991539,28
4031,LGALS3,PLP2,AURKB,-0.019473079591989517,21
4032,BTF3,HSPD1,REP15,0.008487604558467865,26
4033,PPP1R15A,HSPD1,CDK5R1,0.009117448702454567,23
4034,TXNIP,APRT,KRT7,-0.09017320722341537,8
4035,COX6A1,JTB,IGKV2D-28,0.010549414902925491,24
4036,BTG2,ID2,KLRF1,-0.032724108546972275,15
4037,LGALS3,COL15A1,KRT7,-0.029545241966843605,16
4038,HNRNPK,COL15A1,KRT7,-0.013403519056737423,20
4039,BTF3,IL11RA,CDK5R1,0.005906856618821621,23
4040,CHCHD2,HSPD1,AURKB,0.007007059641182423,24
4041,EID1,TUFM,IGKV2D-28,0.00032901353552006185,23
4042,BTG2,HSPD1,CDK5R1,-0.03766949474811554,16
4043,BTF3,JTB,KLRF1,0.0014294118154793978,25
4044,GSTP1,HSPD1,IGKV2D-28,0.0297235120087862,29
4045,IFITM2,JTB,ZNF671,0.00544392317533493,24
4046,BTG2,APRT,MRC1,-0.02548796869814396,19
4047,COX6A1,CDK2AP2,CDK5R1,0.003485726425424218,23
4048,BTF3,HSPD1,CDK5R1,0.008681314066052437,26
4049,HNRNPK,ID2,UBASH3A,-5.9304991737008095e-05,22
4050,BTF3,APRT,H4C11,0.01744215190410614,28
4051,TXNIP,FABP1,KRT7,-0.12114943563938141,6
4052,GABARAP,JTB,KLRF1,0.02192724123597145,31
4053,BTF3,PIGR,REP15,-0.0022693632636219263,20
4054,BTG2,PIGR,KLRF1,-0.052762605249881744,13
4055,GPX4,PIGR,CDK5R1,0.009771382436156273,25
4056,CHCHD2,PLP2,UBASH3A,-0.0039610909298062325,20
4057,GPX4,FABP1,CDK5R1,-0.0010808405932039022,22
4058,COX6A1,COL15A1,REP15,-0.01169334165751934,21
4059,CHCHD2,APRT,SAMD10,0.016004439443349838,27
4060,GSTP1,TUFM,LINC00954,0.005500985775142908,25
4061,TMBIM6,COL15A1,MRC1,-0.01647150330245495,16
4062,GABARAP,PLP2,KLRF1,-0.0009867418557405472,22
4063,TMBIM6,PIGR,UBASH3A,0.0006994570721872151,22
4064,IFITM2,TUFM,KRT7,0.009877657517790794,24
4065,DNAJA1,SLC25A5,CDK5R1,0.022396955639123917,26
4066,HNRNPK,HSPD1,H4C11,0.006177444010972977,25
4067,LGALS3,ID2,AURKB,-0.018901009112596512,21
4068,BTF3,APRT,SIK1,0.01830807328224182,28
4069,CHCHD2,TUFM,IL18RAP,0.01198660396039486,26
4070,BTF3,PLP2,KLRF1,-0.0057577332481741905,21
4071,HNRNPK,SLC25A5,IL18RAP,-0.007238959893584251,19
4072,TMBIM6,IL32,MRC1,0.03995005041360855,29
4073,PPP1R15A,PIGR,KRT7,-0.025524601340293884,19
4074,PPP1R15A,SFRP4,SAMD10,0.01014191098511219,25
4075,LGALS3,CYCS,KLRF1,-0.0039951978251338005,21
4076,PPP1R15A,ID2,IL18RAP,0.004333957098424435,23
4077,GSTP1,IL32,ZNF671,0.03757260739803314,33
4078,HNRNPK,CDK2AP2,REP15,-0.0041269841603934765,22
4079,BTG2,ID2,AURKB,-0.03229854255914688,15
4080,GSTP1,TUFM,ZNF671,0.006301745772361755,25
4081,TXNIP,HSPD1,SAMD10,-0.09680835902690887,11
4082,IFITM2,ID2,MRC1,0.008129040710628033,23
4083,HNRNPK,CYCS,KRT7,-0.0071266526356339455,18
4084,BTG2,PLP2,IL18RAP,-0.038690224289894104,12
4085,IFITM2,JTB,UBASH3A,0.008441541343927383,24
4086,IFITM2,APRT,REP15,0.022997532039880753,28
4087,GPX4,JTB,CDK5R1,0.02673511393368244,29
4088,COX6A1,CDK2AP2,KLRF1,0.007038428448140621,24
4089,LGALS3,COL15A1,AURKB,-0.02591150626540184,16
4090,EID1,SFRP4,IGKV2D-28,0.014647560194134712,27
4091,BTG2,HSPD1,IGKV2D-28,-0.03736157342791557,16
4092,LGALS3,IL32,AURKB,0.02444126456975937,27
4093,TXNIP,JTB,KLRF1,-0.09700162708759308,12
4094,DNAJA1,HSPD1,MRC1,0.031204067170619965,25
4095,GABARAP,CYCS,AGAP2,0.02206973358988762,31
4096,GSTP1,SLC25A5,H4C11,0.03440239280462265,26
4097,EID1,COL15A1,H4C11,-0.041793644428253174,14
4098,COX6A1,PLP2,ZNF671,-0.009136928245425224,20
4099,TMBIM6,SFRP4,KRT7,0.015232682228088379,26
4100,EID1,APRT,SAMD10,-0.005232350435107946,18
4101,COX6A1,HSPD1,CDK5R1,0.020281029865145683,28
4102,DNAJA1,FABP1,REP15,0.015712782740592957,23
4103,LGALS3,PIGR,AURKB,-0.021545303985476494,19
4104,LGALS3,CYCS,AURKB,-0.0040703024715185165,21
4105,CHCHD2,ID2,REP15,0.002046718494966626,23
4106,TXNIP,IL11RA,CDK5R1,-0.13343077898025513,6
4107,HNRNPK,HSPD1,KRT7,0.005522701423615217,24
4108,TXNIP,APRT,CDK5R1,-0.09087325632572174,8
4109,GSTP1,FABP1,AGAP2,-0.0008569661295041442,21
4110,TXNIP,COL15A1,ZNF671,-0.13996751606464386,6
4111,GPX4,IL11RA,CDK5R1,-0.006693166680634022,20
4112,DNAJA1,FABP1,CDK5R1,0.011937401257455349,23
4113,GABARAP,CDK2AP2,KLRF1,0.009310971945524216,30
4114,HNRNPK,HSPD1,ZNF671,0.005993710830807686,24
4115,CHCHD2,CYCS,LINC00954,0.015832219272851944,28
4116,LGALS3,IL32,CDK5R1,0.025054747238755226,27
4117,TMBIM6,PIGR,REP15,-0.00015641091158613563,22
4118,HNRNPK,IL11RA,ZNF671,-0.033971451222896576,15
4119,BTG2,CYCS,H4C11,-0.024660415947437286,16
4120,LGALS3,FABP1,SIK1,-0.05754146724939346,16
4121,EID1,JTB,KLRF1,0.0006787619786337018,22
4122,TXNIP,IL32,ZNF671,-0.09647824615240097,12
4123,IFITM2,IL11RA,IL18RAP,-0.0004187575832474977,21
4124,GABARAP,SLC25A5,SAMD10,0.0232552420347929,26
4125,COX6A1,SFRP4,IL18RAP,0.008024065755307674,23
4126,GSTP1,TUFM,MRC1,0.006634625140577555,24
4127,COX6A1,FABP1,REP15,-0.01279948279261589,20
4128,TXNIP,APRT,ZNF671,-0.09242680668830872,9
4129,EID1,CYCS,SAMD10,-0.004909229464828968,21
4130,GPX4,TUFM,REP15,0.013222575187683105,27
4131,TXNIP,CDK2AP2,ZNF671,-0.10280977189540863,7
4132,TMBIM6,CYCS,IL18RAP,0.007576297037303448,22
4133,IFITM2,IL32,KLRF1,0.03246014565229416,29
4134,TMBIM6,JTB,IL18RAP,0.010924595408141613,26
4135,TMBIM6,ID2,REP15,0.010975787416100502,26
4136,COX6A1,SFRP4,SAMD10,-0.0007532748859375715,22
4137,CHCHD2,FABP1,LINC00954,-0.0015127905644476414,22
4138,IFITM2,COL15A1,CDK5R1,-0.02501034177839756,20
4139,TMBIM6,COL15A1,SIK1,-0.015469813719391823,16
4140,TMBIM6,SFRP4,SAMD10,0.01565641164779663,27
4141,BTG2,IL11RA,KLRF1,-0.04913652688264847,10
4142,CHCHD2,COL15A1,IL18RAP,-0.014886600896716118,17
4143,TMBIM6,APRT,KRT7,0.021380756050348282,27
4144,GPX4,IL32,IGKV2D-28,0.05789819359779358,32
4145,PPP1R15A,TUFM,KLRF1,-0.001541932113468647,22
4146,COX6A1,APRT,IGKV2D-28,0.01220228336751461,23
4147,HNRNPK,PLP2,CDK5R1,-0.018898067995905876,19
4148,GPX4,CDK2AP2,IGKV2D-28,0.03042137622833252,29
4149,COX6A1,APRT,LINC00954,0.022826196625828743,24
4150,CHCHD2,CDK2AP2,AURKB,0.007096839137375355,24
4151,DNAJA1,PIGR,IL18RAP,0.026460513472557068,24
4152,PPP1R15A,IL32,H4C11,0.03772009164094925,29
4153,HNRNPK,SFRP4,AGAP2,0.004588381852954626,22
4154,BTG2,SLC25A5,MRC1,-0.02084001898765564,18
4155,IFITM2,IL11RA,KLRF1,-0.0010514738969504833,21
4156,EID1,FABP1,KRT7,-0.02011854574084282,19
4157,GPX4,APRT,UBASH3A,0.025620434433221817,32
4158,EID1,CDK2AP2,SIK1,-0.000491829589009285,22
4159,DNAJA1,FABP1,REP15,0.015712782740592957,23
4160,GSTP1,COL15A1,REP15,-0.009723655879497528,21
4161,TMBIM6,JTB,UBASH3A,0.008786284364759922,26
4162,TXNIP,CDK2AP2,IL18RAP,-0.10176940262317657,7
4163,CHCHD2,HSPD1,SIK1,0.006813813000917435,23
4164,IFITM2,CYCS,KRT7,0.019848838448524475,28
4165,DNAJA1,APRT,CDK5R1,0.03351522237062454,28
4166,BTG2,CDK2AP2,UBASH3A,-0.015244890004396439,19
4167,EID1,TUFM,KRT7,-0.0009439244167879224,22
4168,GPX4,APRT,IL18RAP,0.025620561093091965,31
4169,HNRNPK,IL32,SIK1,0.029779616743326187,27
4170,TXNIP,FABP1,AGAP2,-0.11889688670635223,6
4171,PPP1R15A,COL15A1,H4C11,-0.013887270353734493,17
4172,PPP1R15A,FABP1,LINC00954,-0.023877663537859917,16
4173,GPX4,SFRP4,UBASH3A,0.028425611555576324,31
4174,LGALS3,PIGR,SIK1,-0.022947289049625397,19
4175,TMBIM6,PLP2,LINC00954,0.0007935321191325784,22
4176,PPP1R15A,IL32,AURKB,0.034812264144420624,29
4177,LGALS3,SLC25A5,KLRF1,0.0052926912903785706,23
4178,LGALS3,PIGR,ZNF671,-0.02743542566895485,18
4179,PPP1R15A,CYCS,KLRF1,-0.0036607738584280014,20
4180,LGALS3,SLC25A5,SIK1,0.004355491138994694,23
4181,GSTP1,FABP1,KRT7,-0.002155455993488431,21
4182,TXNIP,PIGR,CDK5R1,-0.12163518369197845,9
4183,TXNIP,PLP2,KRT7,-0.11351148784160614,4
4184,TXNIP,SLC25A5,REP15,-0.0896797627210617,9
4185,IFITM2,ID2,AURKB,0.009443850256502628,23
4186,DNAJA1,PLP2,KRT7,0.0066214981488883495,27
4187,HNRNPK,CYCS,ZNF671,-0.005397896748036146,20
4188,PPP1R15A,HSPD1,UBASH3A,0.008705511689186096,23
4189,TXNIP,APRT,SAMD10,-0.09303675591945648,8
4190,BTF3,SFRP4,MRC1,0.00933842733502388,24
4191,GPX4,APRT,KRT7,0.02568483166396618,31
4192,LGALS3,ID2,KRT7,-0.020548924803733826,21
4193,COX6A1,IL11RA,UBASH3A,-0.016346771270036697,19
4194,LGALS3,CDK2AP2,UBASH3A,0.012931720353662968,25
4195,BTF3,JTB,SIK1,0.0017855048645287752,25
4196,BTF3,IL11RA,REP15,0.008319739252328873,23
4197,PPP1R15A,SFRP4,KLRF1,0.01375853642821312,25
4198,HNRNPK,ID2,REP15,0.0021561356261372566,23
4199,TXNIP,APRT,UBASH3A,-0.09128100425004959,8
4200,GPX4,PLP2,IL18RAP,0.014152253046631813,25
4201,BTG2,PLP2,SIK1,-0.04118269681930542,12
4202,IFITM2,CDK2AP2,KLRF1,0.010133454576134682,23
4203,TXNIP,IL11RA,REP15,-0.13451242446899414,6
4204,COX6A1,FABP1,SAMD10,-0.015885502099990845,20
4205,TMBIM6,HSPD1,H4C11,0.014089895412325859,25
4206,BTG2,SFRP4,AGAP2,-0.018770381808280945,20
4207,COX6A1,JTB,MRC1,0.005290371365845203,23
4208,COX6A1,HSPD1,LINC00954,0.019463934004306793,28
4209,TMBIM6,ID2,CDK5R1,0.010916512459516525,26
4210,DNAJA1,PLP2,CDK5R1,0.007706197910010815,27
4211,BTF3,CDK2AP2,AGAP2,-0.005555189214646816,21
4212,LGALS3,JTB,AURKB,0.004636213183403015,24
4213,TMBIM6,IL11RA,IGKV2D-28,-0.013062329962849617,17
4214,HNRNPK,IL32,LINC00954,0.034174833446741104,27
4215,GPX4,TUFM,IL18RAP,0.014602813869714737,27
4216,TXNIP,JTB,MRC1,-0.09655794501304626,12
4217,TMBIM6,CDK2AP2,LINC00954,0.008849943056702614,24
4218,PPP1R15A,TUFM,CDK5R1,-0.0018751927418634295,22
4219,CHCHD2,SFRP4,REP15,0.00800485908985138,23
4220,TXNIP,ID2,REP15,-0.11738333106040955,11
4221,PPP1R15A,SFRP4,AGAP2,0.015156667679548264,25
4222,LGALS3,CDK2AP2,H4C11,0.018428537994623184,25
4223,PPP1R15A,PIGR,UBASH3A,-0.025058867409825325,20
4224,LGALS3,PIGR,KLRF1,-0.02171643078327179,19
4225,IFITM2,TUFM,LINC00954,0.009912688285112381,25
4226,BTG2,FABP1,AURKB,-0.0633278414607048,11
4227,BTG2,ID2,MRC1,-0.03310102969408035,15
4228,GPX4,CYCS,H4C11,0.02735034190118313,25
4229,GSTP1,PLP2,UBASH3A,-0.0011695773573592305,21
4230,GSTP1,PLP2,SIK1,-0.0007579191587865353,21
4231,GSTP1,IL11RA,IGKV2D-28,-0.0005819787620566785,22
4232,EID1,PIGR,REP15,-0.006564811337739229,20
4233,TMBIM6,SFRP4,AGAP2,0.015471059828996658,25
4234,PPP1R15A,SLC25A5,KRT7,-0.012634236365556717,20
4235,GABARAP,IL32,KRT7,0.05208615958690643,30
4236,CHCHD2,SLC25A5,REP15,0.006749991327524185,26
4237,HNRNPK,APRT,KLRF1,0.0018920786678791046,23
4238,COX6A1,CDK2AP2,ZNF671,0.007083677686750889,24
4239,GPX4,ID2,AGAP2,0.02010759897530079,27
4240,HNRNPK,PIGR,AURKB,-0.01250133290886879,21
4241,GSTP1,IL11RA,REP15,-0.002660155761986971,21
4242,GSTP1,SLC25A5,MRC1,0.03264414519071579,26
4243,GABARAP,IL11RA,ZNF671,-0.014224087819457054,19
4244,LGALS3,SFRP4,LINC00954,0.01775667443871498,25
4245,PPP1R15A,CDK2AP2,IL18RAP,-0.0055466629564762115,21
4246,HNRNPK,IL32,SAMD10,0.02428887039422989,27
4247,TXNIP,SLC25A5,MRC1,-0.0952264815568924,9
4248,BTG2,TUFM,ZNF671,-0.024926859885454178,16
4249,IFITM2,JTB,CDK5R1,0.007284230552613735,26
4250,GSTP1,SLC25A5,ZNF671,0.03391779959201813,26
4251,COX6A1,CDK2AP2,SIK1,0.008617956191301346,26
4252,GSTP1,CYCS,UBASH3A,0.019969820976257324,28
4253,CHCHD2,SLC25A5,REP15,0.006749991327524185,26
4254,LGALS3,ID2,H4C11,-0.017046703025698662,21
4255,HNRNPK,IL32,KLRF1,0.02952692285180092,27
4256,LGALS3,SFRP4,SAMD10,0.01754647307097912,25
4257,COX6A1,ID2,CDK5R1,-0.0011401575757190585,22
4258,IFITM2,JTB,ZNF671,0.00544392317533493,24
4259,GABARAP,JTB,MRC1,0.021743636578321457,30
4260,TXNIP,PLP2,AGAP2,-0.11109089851379395,4
4261,HNRNPK,SFRP4,H4C11,0.00821779016405344,23
4262,CHCHD2,PIGR,ZNF671,0.0004997377400286496,22
4263,HNRNPK,COL15A1,AURKB,-0.013272802345454693,20
4264,IFITM2,IL11RA,SIK1,0.00012403349683154374,22
4265,IFITM2,TUFM,LINC00954,0.009912688285112381,25
4266,EID1,IL32,LINC00954,0.019692525267601013,30
4267,EID1,PLP2,KLRF1,-0.009973918087780476,21
4268,EID1,PIGR,LINC00954,-0.006838787347078323,21
4269,GABARAP,SFRP4,SIK1,0.016049694269895554,29
4270,BTG2,HSPD1,AGAP2,-0.03693867474794388,16
4271,DNAJA1,APRT,IGKV2D-28,0.03384597599506378,28
4272,GPX4,SFRP4,IGKV2D-28,0.0285111665725708,31
4273,IFITM2,PLP2,AURKB,0.01782047189772129,25
4274,COX6A1,SFRP4,AGAP2,0.002814530162140727,23
4275,GPX4,ID2,IL18RAP,0.028572147712111473,28
4276,TMBIM6,TUFM,H4C11,0.006066310219466686,25
4277,CHCHD2,COL15A1,KRT7,-0.01632688380777836,17
4278,LGALS3,SLC25A5,IL18RAP,0.005570105277001858,23
4279,TXNIP,COL15A1,UBASH3A,-0.1368340700864792,6
4280,CHCHD2,JTB,SIK1,0.02305324748158455,25
4281,BTG2,TUFM,KRT7,-0.029173998162150383,16
4282,COX6A1,IL11RA,MRC1,-0.016344333067536354,19
4283,GPX4,PIGR,SIK1,0.007609976921230555,24
4284,LGALS3,JTB,UBASH3A,0.0042679584585130215,24
4285,DNAJA1,FABP1,SIK1,0.009057448245584965,23
4286,COX6A1,COL15A1,SAMD10,-0.009116841480135918,21
4287,GPX4,TUFM,REP15,0.013222575187683105,27
4288,HNRNPK,PIGR,CDK5R1,-0.013376131653785706,21
4289,TMBIM6,IL32,SIK1,0.04221635311841965,29
4290,BTG2,SFRP4,SAMD10,-0.024811211973428726,20
4291,COX6A1,CDK2AP2,ZNF671,0.007083677686750889,24
4292,TMBIM6,PLP2,MRC1,0.0020268186926841736,23
4293,COX6A1,SLC25A5,H4C11,0.0014743527863174677,22
4294,HNRNPK,TUFM,SIK1,-0.005616507492959499,20
4295,BTF3,APRT,SAMD10,0.01811845228075981,28
4296,CHCHD2,CYCS,REP15,0.018165292218327522,28
4297,TMBIM6,JTB,AURKB,0.009504081681370735,26
4298,COX6A1,SFRP4,AURKB,0.0037063555791974068,23
4299,GPX4,ID2,KRT7,0.02145843766629696,27
4300,CHCHD2,IL32,KRT7,0.03548441082239151,33
4301,TMBIM6,CYCS,KLRF1,-0.0027532975655049086,21
4302,LGALS3,SLC25A5,LINC00954,0.006441026926040649,23
4303,HNRNPK,IL32,LINC00954,0.034174833446741104,27
4304,IFITM2,CDK2AP2,IL18RAP,0.010134237818419933,23
4305,TXNIP,COL15A1,AURKB,-0.13870319724082947,6
4306,PPP1R15A,ID2,LINC00954,0.0055292220786213875,22
4307,IFITM2,COL15A1,KRT7,-0.027488453313708305,20
4308,GABARAP,FABP1,CDK5R1,0.003348695579916239,25
4309,DNAJA1,CYCS,KLRF1,0.03103126585483551,27
4310,GPX4,HSPD1,H4C11,0.03691646084189415,27
4311,LGALS3,APRT,IL18RAP,-0.0034642822574824095,21
4312,PPP1R15A,TUFM,IGKV2D-28,-0.0014355853199958801,22
4313,TMBIM6,FABP1,SAMD10,-0.004823264665901661,21
4314,PPP1R15A,PIGR,UBASH3A,-0.025058867409825325,20
4315,PPP1R15A,FABP1,IGKV2D-28,-0.026717446744441986,15
4316,COX6A1,FABP1,SAMD10,-0.015885502099990845,20
4317,COX6A1,CDK2AP2,SAMD10,0.005911208689212799,25
4318,BTG2,TUFM,REP15,-0.026183703914284706,16
4319,CHCHD2,FABP1,UBASH3A,-0.001418398111127317,22
4320,COX6A1,JTB,LINC00954,0.010373203083872795,24
4321,CHCHD2,TUFM,KLRF1,0.012023191899061203,26
4322,HNRNPK,FABP1,KRT7,-0.030849941074848175,17
4323,GSTP1,CYCS,KRT7,0.02004047855734825,28
4324,GPX4,IL32,UBASH3A,0.05565314739942551,32
4325,IFITM2,JTB,H4C11,0.008803119882941246,25
4326,DNAJA1,COL15A1,SIK1,-0.0058288066647946835,19
4327,HNRNPK,FABP1,AURKB,-0.02968587912619114,17
4328,GABARAP,HSPD1,CDK5R1,0.018896209076046944,29
4329,GPX4,JTB,H4C11,0.025851186364889145,29
4330,HNRNPK,APRT,SAMD10,0.0032485295087099075,23
4331,IFITM2,FABP1,AGAP2,3.690877929329872e-05,22
4332,PPP1R15A,ID2,LINC00954,0.0055292220786213875,22
4333,TXNIP,IL32,MRC1,-0.09911313652992249,12
4334,LGALS3,SFRP4,ZNF671,0.01674848236143589,25
4335,TXNIP,TUFM,KLRF1,-0.11149338632822037,7
4336,PPP1R15A,CDK2AP2,KRT7,-0.011244753375649452,20
4337,BTG2,HSPD1,AGAP2,-0.03693867474794388,16
4338,GSTP1,FABP1,KRT7,-0.002155455993488431,21
4339,HNRNPK,PLP2,AURKB,-0.018946737051010132,19
4340,GSTP1,ID2,SAMD10,0.025858506560325623,28
4341,BTF3,ID2,UBASH3A,0.001244826940819621,22
4342,LGALS3,CDK2AP2,IL18RAP,0.012199883349239826,25
4343,CHCHD2,CYCS,AGAP2,0.015862520784139633,29
4344,GABARAP,CDK2AP2,KLRF1,0.009310971945524216,30
4345,COX6A1,JTB,IL18RAP,0.009864147752523422,24
4346,EID1,TUFM,CDK5R1,4.498070848057978e-05,22
4347,GSTP1,PLP2,KLRF1,-0.0009583402425050735,20
4348,GSTP1,IL32,IL18RAP,0.038897860795259476,33
4349,GABARAP,IL11RA,AURKB,-0.012879853136837482,19
4350,TXNIP,TUFM,IGKV2D-28,-0.11139829456806183,7
4351,PPP1R15A,ID2,CDK5R1,-0.012164498679339886,22
4352,GABARAP,IL32,IGKV2D-28,0.05080213397741318,30
4353,COX6A1,APRT,LINC00954,0.022826196625828743,24
4354,LGALS3,HSPD1,AGAP2,0.01228657178580761,23
4355,LGALS3,JTB,REP15,0.0072142621502280235,23
4356,IFITM2,COL15A1,CDK5R1,-0.02501034177839756,20
4357,TMBIM6,TUFM,SIK1,0.00768230389803648,24
4358,TMBIM6,CDK2AP2,KLRF1,0.0031384872272610664,24
4359,GSTP1,SFRP4,KRT7,0.020278342068195343,28
4360,COX6A1,SLC25A5,AGAP2,-0.0013486328534781933,21
4361,EID1,IL11RA,MRC1,-0.030529318377375603,16
4362,GABARAP,APRT,SIK1,0.022095952183008194,29
4363,BTF3,IL32,KRT7,0.05513802170753479,32
4364,BTF3,TUFM,SAMD10,0.017840411514043808,24
4365,BTF3,COL15A1,AGAP2,-0.017978616058826447,17
4366,COX6A1,ID2,AURKB,-0.0011177522828802466,22
4367,BTG2,ID2,SAMD10,-0.036099087446928024,16
4368,BTG2,SLC25A5,AURKB,-0.022159118205308914,18
4369,HNRNPK,HSPD1,SAMD10,0.004822968039661646,24
4370,LGALS3,TUFM,CDK5R1,-0.00502672977745533,20
4371,COX6A1,CDK2AP2,H4C11,0.008213452994823456,25
4372,IFITM2,APRT,KRT7,0.023358741775155067,28
4373,BTG2,SFRP4,KLRF1,-0.02056874707341194,20
4374,BTG2,PIGR,H4C11,-0.05202007293701172,14
4375,DNAJA1,SLC25A5,IGKV2D-28,0.02169816568493843,26
4376,GSTP1,CDK2AP2,LINC00954,0.029358435422182083,26
4377,IFITM2,CDK2AP2,AGAP2,0.010144825093448162,23
4378,CHCHD2,HSPD1,REP15,0.005404471419751644,25
4379,EID1,JTB,LINC00954,0.00012537749717012048,22
4380,BTG2,SFRP4,AGAP2,-0.018770381808280945,20
4381,TMBIM6,SFRP4,AURKB,0.015522635541856289,26
4382,HNRNPK,ID2,SIK1,0.0004168255254626274,22
4383,GABARAP,SLC25A5,UBASH3A,0.023603949695825577,26
4384,EID1,APRT,IGKV2D-28,-0.00401983130723238,18
4385,COX6A1,HSPD1,H4C11,0.02509673312306404,29
4386,GPX4,PLP2,LINC00954,0.013910256326198578,25
4387,GABARAP,FABP1,ZNF671,0.0005217030993662775,23
4388,COX6A1,SFRP4,KRT7,0.003076299326494336,23
4389,LGALS3,SLC25A5,KLRF1,0.0052926912903785706,23
4390,TXNIP,HSPD1,UBASH3A,-0.09638930857181549,11
4391,HNRNPK,PIGR,MRC1,-0.012863058596849442,21
4392,DNAJA1,ID2,MRC1,0.030023466795682907,26
4393,LGALS3,APRT,KRT7,-0.0037925061769783497,21
4394,BTG2,CYCS,KLRF1,-0.02298898622393608,16
4395,COX6A1,SLC25A5,REP15,-0.0012714965268969536,22
4396,EID1,SLC25A5,SAMD10,-0.007484026253223419,21
4397,BTG2,IL32,LINC00954,-0.012062164023518562,20
4398,EID1,JTB,KLRF1,0.0006787619786337018,22
4399,BTG2,IL32,UBASH3A,-0.013008108362555504,20
4400,GPX4,SFRP4,KLRF1,0.02871645614504814,31
4401,TMBIM6,SFRP4,KLRF1,0.015257901512086391,25
4402,DNAJA1,PLP2,AGAP2,0.00862923264503479,27
4403,LGALS3,FABP1,IGKV2D-28,-0.05686292424798012,16
4404,GPX4,IL32,SIK1,0.05622655898332596,32
4405,DNAJA1,SFRP4,UBASH3A,0.03564509376883507,27
4406,BTG2,COL15A1,REP15,-0.06619057059288025,14
4407,LGALS3,TUFM,ZNF671,-0.004552420228719711,20
4408,GPX4,CDK2AP2,ZNF671,0.025920424610376358,29
4409,GPX4,COL15A1,KRT7,-0.0031393570825457573,22
4410,PPP1R15A,APRT,SIK1,0.0027180034667253494,24
4411,TMBIM6,COL15A1,H4C11,-0.014026856049895287,16
4412,PPP1R15A,FABP1,ZNF671,-0.023414207622408867,15
4413,BTF3,ID2,SIK1,0.0009342343546450138,22
4414,GPX4,JTB,H4C11,0.025851186364889145,29
4415,PPP1R15A,FABP1,H4C11,-0.015882909297943115,16
4416,TMBIM6,SFRP4,ZNF671,0.006753113120794296,24
4417,BTG2,TUFM,AGAP2,-0.024976052343845367,16
4418,LGALS3,SLC25A5,REP15,0.004456358030438423,23
4419,BTG2,ID2,UBASH3A,-0.03208744898438454,15
4420,CHCHD2,PIGR,SAMD10,0.00018664737581275403,22
4421,BTF3,CDK2AP2,KRT7,-0.002531421836465597,21
4422,GSTP1,CYCS,MRC1,0.017567843198776245,28
4423,GABARAP,CYCS,LINC00954,0.021756278350949287,31
4424,GSTP1,APRT,AGAP2,0.024040240794420242,28
4425,EID1,COL15A1,AURKB,-0.043551474809646606,14
4426,COX6A1,TUFM,H4C11,0.01218528114259243,25
4427,GABARAP,APRT,LINC00954,0.029352659359574318,27
4428,TMBIM6,TUFM,IGKV2D-28,0.006299097556620836,24
4429,TMBIM6,COL15A1,AGAP2,-0.01543864794075489,16
4430,LGALS3,CDK2AP2,CDK5R1,0.012469319626688957,24
4431,HNRNPK,FABP1,ZNF671,-0.030845612287521362,17
4432,TXNIP,ID2,KRT7,-0.11930796504020691,11
4433,EID1,APRT,UBASH3A,-0.00435705715790391,18
4434,GPX4,CDK2AP2,MRC1,0.030257631093263626,29
4435,COX6A1,COL15A1,AURKB,-0.008750230073928833,21
4436,GABARAP,PLP2,ZNF671,-0.0012767813168466091,22
4437,PPP1R15A,PIGR,H4C11,-0.017438482493162155,20
4438,GSTP1,APRT,MRC1,0.02449089102447033,28
4439,DNAJA1,TUFM,KRT7,0.027762867510318756,27
4440,LGALS3,FABP1,SAMD10,-0.054186202585697174,16
4441,PPP1R15A,PLP2,IGKV2D-28,-0.019562214612960815,17
4442,HNRNPK,FABP1,CDK5R1,-0.027990445494651794,17
4443,LGALS3,IL11RA,AURKB,-0.02828679233789444,14
4444,LGALS3,ID2,AURKB,-0.018901009112596512,21
4445,GABARAP,SFRP4,LINC00954,0.020727742463350296,29
4446,GSTP1,CDK2AP2,MRC1,0.030635874718427658,26
4447,GSTP1,PLP2,IL18RAP,-0.00047368681407533586,22
4448,CHCHD2,PLP2,KRT7,-0.004283043555915356,20
4449,HNRNPK,PIGR,SIK1,-0.006091773044317961,22
4450,GABARAP,APRT,REP15,0.019568413496017456,28
4451,GSTP1,IL11RA,SAMD10,-0.00527656264603138,21
4452,COX6A1,PLP2,LINC00954,-0.005812346935272217,19
4453,GSTP1,FABP1,H4C11,-0.0023590042255818844,21
4454,TXNIP,TUFM,AURKB,-0.11094218492507935,7
4455,TMBIM6,TUFM,KLRF1,0.005932028405368328,24
4456,GPX4,SFRP4,SAMD10,0.029376372694969177,30
4457,IFITM2,SLC25A5,LINC00954,0.021174650639295578,27
4458,HNRNPK,IL32,KRT7,0.028114672750234604,27
4459,HNRNPK,ID2,SIK1,0.0004168255254626274,22
4460,CHCHD2,PLP2,H4C11,-0.0015888127963989973,19
4461,GSTP1,HSPD1,MRC1,0.029572175815701485,29
4462,GPX4,TUFM,SIK1,0.018317043781280518,27
4463,COX6A1,APRT,MRC1,0.004301140550523996,22
4464,EID1,PLP2,SIK1,-0.005070434883236885,21
4465,COX6A1,SFRP4,SIK1,0.003623278345912695,23
4466,GSTP1,TUFM,KLRF1,0.005553519353270531,24
4467,GSTP1,ID2,CDK5R1,0.0275145061314106,28
4468,PPP1R15A,APRT,CDK5R1,0.002097608055919409,24
4469,BTG2,IL11RA,AGAP2,-0.048196256160736084,10
4470,IFITM2,JTB,KLRF1,0.00788179226219654,25
4471,PPP1R15A,CYCS,UBASH3A,-0.0038625888992100954,20
4472,PPP1R15A,HSPD1,AURKB,0.008705629035830498,23
4473,BTF3,IL32,SIK1,0.05938373878598213,32
4474,GSTP1,PIGR,AGAP2,0.007154857739806175,23
4475,GABARAP,ID2,H4C11,0.016986407339572906,27
4476,EID1,FABP1,SIK1,-0.020450051873922348,19
4477,TXNIP,SLC25A5,CDK5R1,-0.08963245153427124,9
4478,EID1,PIGR,REP15,-0.006564811337739229,20
4479,EID1,IL32,MRC1,0.018643857911229134,30
4480,GSTP1,SLC25A5,ZNF671,0.03391779959201813,26
4481,COX6A1,TUFM,KRT7,0.012519370764493942,24
4482,LGALS3,ID2,SIK1,-0.020152494311332703,21
4483,PPP1R15A,ID2,SIK1,-0.010022708214819431,22
4484,BTG2,CDK2AP2,SAMD10,-0.015802286565303802,19
4485,LGALS3,SFRP4,MRC1,0.01004953682422638,25
4486,BTF3,COL15A1,AGAP2,-0.017978616058826447,17
4487,HNRNPK,FABP1,AGAP2,-0.03292880952358246,17
4488,GSTP1,IL32,AURKB,0.03897725045681,33
4489,LGALS3,FABP1,SIK1,-0.05754146724939346,16
4490,GABARAP,TUFM,UBASH3A,0.015188554301857948,32
4491,PPP1R15A,CDK2AP2,IL18RAP,-0.0055466629564762115,21
4492,TMBIM6,HSPD1,CDK5R1,0.012427082285284996,24
4493,EID1,CDK2AP2,SIK1,-0.000491829589009285,22
4494,BTG2,IL11RA,AGAP2,-0.048196256160736084,10
4495,BTF3,CYCS,SIK1,0.016901500523090363,27
4496,TXNIP,CYCS,IGKV2D-28,-0.10051458328962326,9
4497,GABARAP,COL15A1,REP15,-0.0018910854123532772,21
4498,GSTP1,PIGR,REP15,0.007673277985304594,24
4499,TXNIP,SLC25A5,IL18RAP,-0.09035253524780273,9
4500,DNAJA1,PIGR,KRT7,0.02414201945066452,23
4501,TXNIP,FABP1,AURKB,-0.1206056997179985,6
4502,LGALS3,PLP2,AURKB,-0.019473079591989517,21
4503,LGALS3,PIGR,KLRF1,-0.02171643078327179,19
4504,TXNIP,TUFM,KRT7,-0.11228059232234955,7
4505,EID1,SLC25A5,SIK1,-0.006257413886487484,21
4506,EID1,PIGR,H4C11,-0.008216486312448978,21
4507,TMBIM6,APRT,H4C11,0.02312486432492733,28
4508,EID1,CYCS,AURKB,-0.0048642875626683235,21
4509,CHCHD2,IL32,IGKV2D-28,0.0361671969294548,33
4510,HNRNPK,CYCS,AGAP2,-0.006444822996854782,20
4511,TMBIM6,PIGR,KRT7,-0.0044663287699222565,21
4512,EID1,APRT,MRC1,-0.004822858609259129,17
4513,DNAJA1,TUFM,AGAP2,0.02940433844923973,27
4514,PPP1R15A,TUFM,AGAP2,-0.001265940023586154,22
4515,EID1,CDK2AP2,IL18RAP,-0.000349674082826823,22
4516,TXNIP,ID2,ZNF671,-0.11685095727443695,12
4517,IFITM2,PIGR,IGKV2D-28,0.01149497926235199,24
4518,COX6A1,PIGR,KLRF1,-0.011503145098686218,21
4519,COX6A1,CYCS,UBASH3A,0.012967539951205254,27
4520,TMBIM6,TUFM,SIK1,0.00768230389803648,24
4521,BTG2,TUFM,UBASH3A,-0.026455115526914597,17
4522,BTG2,TUFM,H4C11,-0.023863129317760468,16
4523,GABARAP,SLC25A5,IGKV2D-28,0.023296669125556946,26
4524,GABARAP,FABP1,AURKB,0.0017256613355129957,25
4525,TXNIP,PLP2,IL18RAP,-0.11202441155910492,4
4526,TMBIM6,HSPD1,AGAP2,0.009009163826704025,25
4527,HNRNPK,PLP2,KRT7,-0.018965929746627808,19
4528,BTF3,IL32,LINC00954,0.05588377267122269,33
4529,GPX4,PLP2,AURKB,0.014144910499453545,25
4530,CHCHD2,ID2,KLRF1,0.0023009737487882376,23
4531,GPX4,FABP1,MRC1,-0.0028508473187685013,22
4532,GPX4,ID2,REP15,0.01944669708609581,28
4533,CHCHD2,PLP2,UBASH3A,-0.0039610909298062325,20
4534,CHCHD2,SLC25A5,KLRF1,0.004161077551543713,28
4535,TXNIP,CYCS,SIK1,-0.10043893754482269,9
4536,BTG2,APRT,MRC1,-0.02548796869814396,19
4537,EID1,APRT,ZNF671,-0.00596183817833662,18
4538,BTG2,TUFM,KLRF1,-0.02644333615899086,16
4539,GABARAP,HSPD1,UBASH3A,0.02098044753074646,28
4540,EID1,CYCS,LINC00954,-0.005480032879859209,21
4541,COX6A1,COL15A1,AGAP2,-0.00727060018107295,21
4542,TMBIM6,COL15A1,LINC00954,-0.016130292788147926,16
4543,TXNIP,PLP2,UBASH3A,-0.11109836399555206,4
4544,LGALS3,SLC25A5,ZNF671,0.006852298509329557,23
4545,LGALS3,SFRP4,AURKB,0.017702780663967133,25
4546,GPX4,HSPD1,SAMD10,0.037319116294384,26
4547,BTG2,JTB,CDK5R1,-0.023127079010009766,18
4548,IFITM2,FABP1,SIK1,-0.00455547496676445,22
4549,LGALS3,CYCS,REP15,-0.0035087154246866703,21
4550,DNAJA1,TUFM,MRC1,0.032666318118572235,27
4551,BTG2,CYCS,KLRF1,-0.02298898622393608,16
4552,DNAJA1,PIGR,ZNF671,0.02366666868329048,25
4553,TXNIP,FABP1,MRC1,-0.12148205935955048,6
4554,BTF3,IL32,REP15,0.06126287579536438,31
4555,BTF3,PLP2,LINC00954,-0.0062148855067789555,21
4556,TMBIM6,IL32,ZNF671,0.041594766080379486,29
4557,CHCHD2,CYCS,SIK1,0.015860754996538162,27
4558,LGALS3,CDK2AP2,IGKV2D-28,0.013230212032794952,25
4559,TMBIM6,SLC25A5,REP15,0.014305096119642258,25
4560,GPX4,CDK2AP2,REP15,0.028996150940656662,29
4561,DNAJA1,FABP1,REP15,0.015712782740592957,23
4562,LGALS3,IL11RA,UBASH3A,-0.02683018147945404,15
4563,TMBIM6,SFRP4,AGAP2,0.015471059828996658,25
4564,CHCHD2,PIGR,CDK5R1,0.00020829690038226545,22
4565,TXNIP,CYCS,SIK1,-0.10043893754482269,9
4566,CHCHD2,TUFM,CDK5R1,0.014523152261972427,26
4567,DNAJA1,PIGR,AURKB,0.025051020085811615,23
4568,IFITM2,JTB,IGKV2D-28,0.01309925876557827,25
4569,TMBIM6,COL15A1,SAMD10,-0.016364652663469315,17
4570,LGALS3,SLC25A5,IL18RAP,0.005570105277001858,23
4571,GSTP1,COL15A1,KLRF1,-0.00811005663126707,21
4572,CHCHD2,HSPD1,KRT7,0.00589433079585433,24
4573,GPX4,PLP2,AURKB,0.014144910499453545,25
4574,LGALS3,COL15A1,UBASH3A,-0.029251202940940857,16
4575,BTF3,JTB,KRT7,0.0025656376965343952,24
4576,GPX4,PLP2,IL18RAP,0.014152253046631813,25
4577,PPP1R15A,APRT,KRT7,0.0022228099405765533,24
4578,GSTP1,CDK2AP2,AGAP2,0.02903781831264496,26
4579,BTF3,TUFM,KRT7,0.017886100336909294,25
4580,GABARAP,COL15A1,ZNF671,-0.0035898624919354916,21
4581,IFITM2,SFRP4,ZNF671,0.02773386240005493,27
4582,BTG2,ID2,AGAP2,-0.03387460857629776,15
4583,TMBIM6,JTB,UBASH3A,0.008786284364759922,26
4584,GPX4,COL15A1,AGAP2,0.004409590736031532,23
4585,GPX4,PLP2,MRC1,0.014144910499453545,25
4586,TXNIP,CDK2AP2,KLRF1,-0.10219454765319824,7
4587,IFITM2,JTB,ZNF671,0.00544392317533493,24
4588,COX6A1,TUFM,IGKV2D-28,0.013717901892960072,24
4589,PPP1R15A,SFRP4,AURKB,0.015627412125468254,25
4590,LGALS3,PIGR,UBASH3A,-0.020555898547172546,19
4591,COX6A1,PLP2,LINC00954,-0.005812346935272217,19
4592,LGALS3,HSPD1,H4C11,0.01082183513790369,23
4593,COX6A1,PLP2,MRC1,-0.00785555224865675,19
4594,EID1,SFRP4,SAMD10,0.01441849023103714,25
4595,GSTP1,FABP1,SAMD10,-0.0028486247174441814,20
4596,CHCHD2,JTB,KLRF1,0.01677844300866127,25
4597,PPP1R15A,PIGR,LINC00954,-0.024930626153945923,20
4598,TXNIP,COL15A1,SIK1,-0.13517019152641296,6
4599,TMBIM6,TUFM,REP15,0.005677875131368637,24
4600,BTG2,IL11RA,REP15,-0.0503506064414978,11
4601,IFITM2,ID2,AGAP2,0.009805084206163883,23
4602,PPP1R15A,SLC25A5,AGAP2,-0.01187937706708908,20
4603,COX6A1,SFRP4,CDK5R1,0.00376801285892725,23
4604,EID1,CDK2AP2,IL18RAP,-0.000349674082826823,22
4605,TMBIM6,IL32,AGAP2,0.03956037014722824,29
4606,PPP1R15A,APRT,IGKV2D-28,0.0031373510137200356,24
4607,LGALS3,PLP2,IL18RAP,-0.021372273564338684,21
4608,GPX4,IL11RA,KRT7,-0.010018331930041313,20
4609,GPX4,CYCS,KLRF1,0.02781357429921627,25
4610,TXNIP,PIGR,KRT7,-0.12310183793306351,7
4611,GPX4,TUFM,UBASH3A,0.014499465003609657,28
4612,GSTP1,COL15A1,IGKV2D-28,-0.008009308949112892,21
4613,CHCHD2,CYCS,H4C11,0.017005644738674164,28
4614,GPX4,FABP1,SIK1,-0.0011725510703399777,22
4615,TMBIM6,CYCS,LINC00954,0.007554592564702034,22
4616,GABARAP,CDK2AP2,SAMD10,0.009496623650193214,30
4617,TMBIM6,CDK2AP2,LINC00954,0.008849943056702614,24
4618,LGALS3,HSPD1,AURKB,0.009834258817136288,23
4619,GPX4,CYCS,UBASH3A,0.027699992060661316,26
4620,TMBIM6,SLC25A5,ZNF671,0.014033244922757149,26
4621,IFITM2,SFRP4,SAMD10,0.02744968980550766,27
4622,BTG2,PLP2,MRC1,-0.041608959436416626,12
4623,HNRNPK,IL32,REP15,0.02993790991604328,27
4624,CHCHD2,PLP2,IGKV2D-28,-0.0037852684035897255,20
4625,LGALS3,PIGR,MRC1,-0.02185789681971073,19
4626,EID1,APRT,IGKV2D-28,-0.00401983130723238,18
4627,BTG2,ID2,IL18RAP,-0.032253753393888474,15
4628,CHCHD2,IL11RA,CDK5R1,-0.006408408284187317,21
4629,PPP1R15A,PIGR,MRC1,-0.026002898812294006,20
4630,CHCHD2,JTB,UBASH3A,0.016766691580414772,25
4631,HNRNPK,CDK2AP2,SAMD10,-0.005768991075456142,20
4632,TMBIM6,IL11RA,REP15,-0.011199338361620903,16
4633,LGALS3,PIGR,LINC00954,-0.014586610719561577,20
4634,GABARAP,APRT,IGKV2D-28,0.022095952183008194,28
4635,COX6A1,SFRP4,ZNF671,-0.00368668045848608,22
4636,DNAJA1,APRT,H4C11,0.03467864543199539,28
4637,BTG2,IL32,MRC1,-0.012777285650372505,20
4638,EID1,ID2,KRT7,-0.003677941393107176,21
4639,CHCHD2,FABP1,KLRF1,-0.0015694189351052046,22
4640,GSTP1,COL15A1,CDK5R1,-0.006937204394489527,21
4641,IFITM2,HSPD1,KRT7,0.026648592203855515,26
4642,IFITM2,FABP1,KLRF1,-0.002110821194946766,22
4643,HNRNPK,FABP1,KRT7,-0.030849941074848175,17
4644,LGALS3,ID2,LINC00954,-0.011293323710560799,21
4645,HNRNPK,COL15A1,KRT7,-0.013403519056737423,20
4646,LGALS3,SFRP4,AGAP2,0.017775338143110275,26
4647,LGALS3,IL32,H4C11,0.031562648713588715,28
4648,LGALS3,CYCS,SAMD10,-0.003970256075263023,20
4649,PPP1R15A,IL11RA,KLRF1,-0.02336542122066021,16
4650,COX6A1,SFRP4,UBASH3A,0.003589665750041604,23
4651,GPX4,PIGR,UBASH3A,0.009650781750679016,24
4652,BTF3,PIGR,CDK5R1,-0.0006259636720642447,21
4653,CHCHD2,PIGR,IGKV2D-28,0.00018664737581275403,22
4654,BTG2,SFRP4,MRC1,-0.022289566695690155,19
4655,TMBIM6,SLC25A5,SIK1,0.011638108640909195,25
4656,BTF3,CDK2AP2,LINC00954,-0.00024234515149146318,22
4657,PPP1R15A,PIGR,KLRF1,-0.025186816230416298,20
4658,COX6A1,CYCS,UBASH3A,0.012967539951205254,27
4659,BTF3,COL15A1,LINC00954,-0.01864372193813324,17
4660,TMBIM6,SLC25A5,SIK1,0.011638108640909195,25
4661,DNAJA1,PIGR,CDK5R1,0.024765267968177795,23
4662,TMBIM6,FABP1,ZNF671,-0.007310194429010153,20
4663,COX6A1,IL32,REP15,0.02034560963511467,29
4664,PPP1R15A,SFRP4,SIK1,0.013802142813801765,25
4665,CHCHD2,PIGR,AURKB,0.00014663963520433754,22
4666,HNRNPK,ID2,H4C11,0.008578338660299778,23
4667,GABARAP,JTB,AGAP2,0.022525141015648842,31
4668,BTG2,COL15A1,CDK5R1,-0.06521216779947281,13
4669,EID1,CDK2AP2,UBASH3A,0.003130238736048341,23
4670,GABARAP,SFRP4,MRC1,0.020740240812301636,28
4671,GPX4,PLP2,AGAP2,0.014104494825005531,25
4672,BTG2,IL11RA,IL18RAP,-0.04909532517194748,10
4673,BTG2,PLP2,REP15,-0.04014650732278824,12
4674,GABARAP,APRT,IL18RAP,0.028844842687249184,28
4675,BTG2,CDK2AP2,LINC00954,-0.010665935464203358,18
4676,PPP1R15A,FABP1,CDK5R1,-0.024538759142160416,14
4677,PPP1R15A,PLP2,H4C11,-0.01973993144929409,19
4678,GPX4,PLP2,MRC1,0.014144910499453545,25
4679,LGALS3,COL15A1,MRC1,-0.029562434181571007,16
4680,TXNIP,PLP2,MRC1,-0.11108525097370148,4
4681,PPP1R15A,PIGR,SAMD10,-0.02475237101316452,19
4682,COX6A1,ID2,SIK1,-0.001045948825776577,22
4683,EID1,CYCS,KLRF1,-0.004850995726883411,21
4684,PPP1R15A,JTB,LINC00954,-0.004991869907826185,20
4685,PPP1R15A,PIGR,LINC00954,-0.024930626153945923,20
4686,BTF3,IL32,SAMD10,0.0580778568983078,32
4687,CHCHD2,ID2,SAMD10,0.003028573002666235,23
4688,TXNIP,PIGR,SIK1,-0.12410111725330353,8
4689,DNAJA1,ID2,IL18RAP,0.03593089431524277,27
4690,TMBIM6,SLC25A5,CDK5R1,0.013255000114440918,25
4691,BTF3,PIGR,KLRF1,-0.001085595809854567,21
4692,CHCHD2,PLP2,UBASH3A,-0.0039610909298062325,20
4693,GABARAP,SFRP4,MRC1,0.020740240812301636,28
4694,TXNIP,CDK2AP2,AURKB,-0.10201409459114075,7
4695,TXNIP,FABP1,CDK5R1,-0.11982573568820953,7
4696,BTG2,HSPD1,KRT7,-0.03714732453227043,16
4697,COX6A1,SLC25A5,REP15,-0.0012714965268969536,22
4698,PPP1R15A,CDK2AP2,MRC1,-0.008467063307762146,20
4699,GABARAP,JTB,ZNF671,0.020736780017614365,30
4700,TXNIP,TUFM,IGKV2D-28,-0.11139829456806183,7
4701,COX6A1,COL15A1,IGKV2D-28,-0.008587855845689774,21
4702,GABARAP,PLP2,MRC1,0.0015168030513450503,23
4703,LGALS3,COL15A1,AGAP2,-0.028635118156671524,16
4704,HNRNPK,IL11RA,UBASH3A,-0.03566761314868927,15
4705,PPP1R15A,TUFM,REP15,6.572785787284374e-05,22
4706,IFITM2,FABP1,CDK5R1,0.0036429879255592823,22
4707,TXNIP,SLC25A5,SAMD10,-0.08944805711507797,9
4708,IFITM2,COL15A1,LINC00954,-0.02782222256064415,20
4709,PPP1R15A,APRT,IGKV2D-28,0.0031373510137200356,24
4710,GPX4,PIGR,IGKV2D-28,0.009615606628358364,24
4711,BTG2,PLP2,ZNF671,-0.0425662025809288,11
4712,HNRNPK,SFRP4,LINC00954,0.014216307550668716,23
4713,HNRNPK,TUFM,AGAP2,-0.005602979101240635,19
4714,GPX4,SFRP4,MRC1,0.028128210455179214,31
4715,BTG2,SFRP4,REP15,-0.02363518998026848,18
4716,BTG2,SFRP4,H4C11,-0.020648416131734848,19
4717,BTF3,SLC25A5,AGAP2,0.015849823132157326,27
4718,COX6A1,PIGR,LINC00954,-0.008363055996596813,21
4719,BTG2,CDK2AP2,SIK1,-0.014118214137852192,19
4720,GSTP1,CDK2AP2,KRT7,0.029472488909959793,26
4721,GABARAP,IL32,H4C11,0.05348636955022812,31
4722,TXNIP,TUFM,AGAP2,-0.11058153212070465,7
4723,LGALS3,JTB,KLRF1,0.004969753324985504,24
4724,HNRNPK,CDK2AP2,KRT7,-0.006070517469197512,21
4725,GABARAP,JTB,AGAP2,0.022525141015648842,31
4726,LGALS3,FABP1,IGKV2D-28,-0.05686292424798012,16
4727,GSTP1,SFRP4,SAMD10,0.015520947054028511,28
4728,HNRNPK,HSPD1,AURKB,0.004883793648332357,24
4729,HNRNPK,CYCS,H4C11,-0.0008078453247435391,21
4730,DNAJA1,PLP2,SIK1,0.007965396158397198,26
4731,BTF3,PIGR,IL18RAP,0.0013021677732467651,22
4732,GABARAP,CDK2AP2,AURKB,0.009393911808729172,30
4733,BTG2,CDK2AP2,AGAP2,-0.014978169463574886,19
4734,CHCHD2,JTB,ZNF671,0.016258977353572845,25
4735,IFITM2,TUFM,REP15,0.011841153725981712,25
4736,GABARAP,IL11RA,IGKV2D-28,-0.012734560295939445,19
4737,HNRNPK,COL15A1,SAMD10,-0.01272595301270485,20
4738,PPP1R15A,APRT,UBASH3A,0.0025578660424798727,24
4739,EID1,PLP2,AGAP2,-0.011124420911073685,21
4740,PPP1R15A,TUFM,AGAP2,-0.001265940023586154,22
4741,GSTP1,SLC25A5,ZNF671,0.03391779959201813,26
4742,IFITM2,FABP1,IL18RAP,-0.0015645253006368876,22
4743,DNAJA1,COL15A1,AURKB,-0.005888089537620544,19
4744,COX6A1,CDK2AP2,AGAP2,0.007590378634631634,25
4745,BTF3,PLP2,REP15,-0.005891567096114159,21
4746,GABARAP,TUFM,CDK5R1,0.017207928001880646,30
4747,GPX4,SFRP4,AURKB,0.028515513986349106,31
4748,COX6A1,IL11RA,MRC1,-0.016344333067536354,19
4749,GABARAP,PLP2,MRC1,0.0015168030513450503,23
4750,GSTP1,CYCS,KLRF1,0.019767744466662407,28
4751,TMBIM6,HSPD1,KLRF1,0.011119269765913486,25
4752,BTF3,PIGR,MRC1,-0.0018555348506197333,21
4753,IFITM2,PLP2,CDK5R1,0.017498599365353584,25
4754,GPX4,HSPD1,LINC00954,0.03737854212522507,28
4755,GSTP1,TUFM,KRT7,0.005099751986563206,24
4756,GSTP1,CYCS,CDK5R1,0.02416960708796978,28
4757,LGALS3,FABP1,H4C11,-0.042464472353458405,16
4758,GABARAP,PIGR,KLRF1,0.0020536179654300213,22
4759,GPX4,APRT,SAMD10,0.02565043978393078,30
4760,BTG2,SFRP4,ZNF671,-0.020536359399557114,19
4761,HNRNPK,SFRP4,KRT7,0.004294225014746189,22
4762,GABARAP,ID2,REP15,0.016515694558620453,27
4763,PPP1R15A,HSPD1,CDK5R1,0.009117448702454567,23
4764,DNAJA1,APRT,SIK1,0.033661991357803345,28
4765,PPP1R15A,JTB,H4C11,-0.003454728750512004,22
4766,PPP1R15A,PIGR,ZNF671,-0.0245132464915514,20
4767,HNRNPK,CYCS,IL18RAP,-0.00328942877240479,19
4768,IFITM2,TUFM,H4C11,0.010829401202499866,25
4769,EID1,TUFM,AURKB,0.0001666400785325095,22
4770,TMBIM6,SFRP4,REP15,0.013505905866622925,27
4771,GPX4,SFRP4,UBASH3A,0.028425611555576324,31
4772,IFITM2,APRT,UBASH3A,0.023786768317222595,28
4773,TMBIM6,APRT,IL18RAP,0.020971644669771194,29
4774,GABARAP,JTB,CDK5R1,0.0222262404859066,31
4775,COX6A1,CYCS,H4C11,0.015903349965810776,29
4776,GABARAP,APRT,LINC00954,0.029352659359574318,27
4777,GSTP1,CYCS,LINC00954,0.020242098718881607,28
4778,LGALS3,JTB,IGKV2D-28,0.004636213183403015,24
4779,EID1,ID2,LINC00954,-0.0033409330062568188,21
4780,GABARAP,HSPD1,H4C11,0.021273594349622726,30
4781,IFITM2,COL15A1,IL18RAP,-0.015162467956542969,21
4782,DNAJA1,TUFM,H4C11,0.03476434201002121,27
4783,HNRNPK,CYCS,AGAP2,-0.006444822996854782,20
4784,HNRNPK,IL11RA,MRC1,-0.03597928211092949,15
4785,IFITM2,FABP1,H4C11,0.004907021299004555,23
4786,BTF3,IL11RA,H4C11,0.00614861398935318,23
4787,COX6A1,JTB,KLRF1,0.010795403271913528,24
4788,IFITM2,APRT,MRC1,0.022110529243946075,27
4789,HNRNPK,PIGR,AURKB,-0.01250133290886879,21
4790,IFITM2,HSPD1,AURKB,0.029129525646567345,27
4791,TXNIP,SLC25A5,IGKV2D-28,-0.08871181309223175,9
4792,GSTP1,ID2,SAMD10,0.025858506560325623,28
4793,IFITM2,CYCS,IL18RAP,0.019957493990659714,28
4794,BTF3,JTB,SIK1,0.0017855048645287752,25
4795,CHCHD2,JTB,IGKV2D-28,0.016695518046617508,25
4796,TMBIM6,IL11RA,IGKV2D-28,-0.013062329962849617,17
4797,TMBIM6,APRT,KLRF1,0.020756416022777557,27
4798,TMBIM6,CDK2AP2,MRC1,0.004760093986988068,24
4799,BTG2,IL32,REP15,-0.011556113138794899,20
4800,GSTP1,COL15A1,ZNF671,-0.010099637322127819,20
4801,DNAJA1,JTB,SIK1,0.021888000890612602,24
4802,BTF3,IL11RA,UBASH3A,0.008213281631469727,23
4803,BTG2,IL32,REP15,-0.011556113138794899,20
4804,GABARAP,ID2,AGAP2,0.016948850825428963,27
4805,HNRNPK,FABP1,LINC00954,-0.023749522864818573,18
4806,DNAJA1,TUFM,UBASH3A,0.03292865306138992,27
4807,GABARAP,CYCS,SIK1,0.018996085971593857,30
4808,HNRNPK,FABP1,MRC1,-0.030865265056490898,17
4809,TXNIP,JTB,KRT7,-0.09691772609949112,12
4810,BTF3,COL15A1,AGAP2,-0.017978616058826447,17
4811,CHCHD2,IL32,KRT7,0.03548441082239151,33
4812,IFITM2,JTB,IGKV2D-28,0.01309925876557827,25
4813,GABARAP,CDK2AP2,REP15,0.008856375701725483,31
4814,GPX4,TUFM,MRC1,0.013673891313374043,26
4815,GABARAP,IL32,IL18RAP,0.05103465914726257,30
4816,BTF3,PLP2,KRT7,-0.0056763095781207085,21
4817,HNRNPK,CDK2AP2,UBASH3A,-0.005654844455420971,21
4818,HNRNPK,FABP1,KLRF1,-0.03052193857729435,17
4819,GSTP1,APRT,IL18RAP,0.026918578892946243,29
4820,GSTP1,CYCS,ZNF671,0.02016078121960163,28
4821,EID1,IL11RA,SAMD10,-0.026033073663711548,16
4822,EID1,APRT,LINC00954,-0.005053575616329908,17
4823,GSTP1,IL32,AURKB,0.03897725045681,33
4824,TMBIM6,CYCS,SAMD10,0.0024987217038869858,22
4825,GSTP1,CDK2AP2,ZNF671,0.02919073775410652,26
4826,GSTP1,APRT,H4C11,0.026605818420648575,28
4827,LGALS3,FABP1,AGAP2,-0.05687852203845978,16
4828,BTG2,SFRP4,KLRF1,-0.02056874707341194,20
4829,IFITM2,FABP1,UBASH3A,-0.0015251270961016417,22
4830,LGALS3,IL32,UBASH3A,0.02340976521372795,27
4831,TXNIP,PIGR,MRC1,-0.1217261403799057,7
4832,LGALS3,IL11RA,AGAP2,-0.027064481750130653,14
4833,GABARAP,PIGR,H4C11,0.00566859170794487,23
4834,PPP1R15A,SFRP4,LINC00954,0.01953323930501938,25
4835,CHCHD2,IL11RA,REP15,-0.005400827620178461,20
4836,GPX4,FABP1,REP15,-0.001281257253140211,22
4837,HNRNPK,FABP1,AURKB,-0.02968587912619114,17
4838,HNRNPK,FABP1,AGAP2,-0.03292880952358246,17
4839,PPP1R15A,IL11RA,AURKB,-0.023274343460798264,16
4840,EID1,APRT,LINC00954,-0.005053575616329908,17
4841,GABARAP,APRT,H4C11,0.028021538630127907,27
4842,GSTP1,PIGR,SAMD10,0.007262640632688999,23
4843,CHCHD2,PIGR,H4C11,0.004607435315847397,22
4844,BTF3,IL32,UBASH3A,0.05642426013946533,32
4845,IFITM2,CDK2AP2,H4C11,0.008119108155369759,25
4846,EID1,JTB,ZNF671,0.0007444916991516948,22
4847,BTG2,IL32,KLRF1,-0.01251459401100874,20
4848,PPP1R15A,SFRP4,H4C11,0.022733978927135468,25
4849,TMBIM6,APRT,KLRF1,0.020756416022777557,27
4850,IFITM2,HSPD1,IGKV2D-28,0.029129525646567345,28
4851,HNRNPK,PIGR,AGAP2,-0.011570977047085762,21
4852,BTF3,IL32,H4C11,0.057677336037158966,33
4853,GABARAP,PIGR,IL18RAP,0.006652974523603916,23
4854,COX6A1,IL32,ZNF671,0.02030721679329872,28
4855,COX6A1,HSPD1,LINC00954,0.019463934004306793,28
4856,HNRNPK,IL11RA,SAMD10,-0.0348392054438591,14
4857,PPP1R15A,TUFM,IL18RAP,0.0038842137437313795,23
4858,TXNIP,ID2,LINC00954,-0.11626330018043518,11
4859,EID1,IL32,AURKB,0.02046564593911171,30
4860,PPP1R15A,CDK2AP2,SAMD10,-0.010548178106546402,20
4861,GSTP1,IL32,KRT7,0.03824003413319588,33
4862,DNAJA1,JTB,CDK5R1,0.021802658215165138,24
4863,TMBIM6,COL15A1,SAMD10,-0.016364652663469315,17
4864,GSTP1,PIGR,SAMD10,0.007262640632688999,23
4865,EID1,COL15A1,AURKB,-0.043551474809646606,14
4866,COX6A1,CYCS,IL18RAP,0.013085246086120605,27
4867,TXNIP,IL11RA,KRT7,-0.13630542159080505,6
4868,EID1,PIGR,H4C11,-0.008216486312448978,21
4869,TXNIP,PIGR,SAMD10,-0.1214405819773674,8
4870,PPP1R15A,CDK2AP2,LINC00954,-0.010435368865728378,20
4871,PPP1R15A,SLC25A5,KRT7,-0.012634236365556717,20
4872,BTF3,APRT,KRT7,0.015698622912168503,28
4873,DNAJA1,PLP2,AURKB,0.00780034065246582,27
4874,EID1,HSPD1,LINC00954,-0.008508482947945595,21
4875,HNRNPK,IL32,UBASH3A,0.029942411929368973,27
4876,HNRNPK,ID2,ZNF671,7.897219620645046e-05,22
4877,PPP1R15A,COL15A1,REP15,-0.014862561598420143,18
4878,GABARAP,IL32,SIK1,0.05157744884490967,30
4879,IFITM2,APRT,IL18RAP,0.0238821879029274,28
4880,GSTP1,PIGR,CDK5R1,0.007091664709150791,23
4881,IFITM2,PLP2,KLRF1,0.01785934343934059,25
4882,BTF3,CDK2AP2,AURKB,-0.002383050974458456,21
4883,CHCHD2,HSPD1,MRC1,0.00595405837520957,25
4884,PPP1R15A,TUFM,H4C11,-0.002139480086043477,22
4885,IFITM2,TUFM,SIK1,0.007368756458163261,24
4886,EID1,TUFM,REP15,0.000859278894495219,22
4887,EID1,JTB,MRC1,0.00012152839917689562,22
4888,BTG2,PIGR,H4C11,-0.05202007293701172,14
4889,PPP1R15A,SFRP4,AURKB,0.015627412125468254,25
4890,GABARAP,HSPD1,IL18RAP,0.023680930957198143,30
4891,GABARAP,CYCS,IL18RAP,0.018718890845775604,31
4892,COX6A1,PLP2,AURKB,-0.007416759617626667,19
4893,GABARAP,APRT,AGAP2,0.02346927300095558,29
4894,GSTP1,JTB,SIK1,0.016068819910287857,25
4895,GABARAP,HSPD1,UBASH3A,0.02098044753074646,28
4896,GABARAP,COL15A1,H4C11,0.004684701096266508,22
4897,EID1,FABP1,MRC1,-0.022281555458903313,19
4898,BTF3,IL11RA,IL18RAP,0.008316215127706528,24
4899,GSTP1,SLC25A5,REP15,0.036812495440244675,26
4900,TXNIP,IL32,KRT7,-0.09893525391817093,12
4901,BTF3,SLC25A5,AURKB,0.015184272080659866,26
4902,DNAJA1,IL32,ZNF671,0.045462414622306824,33
4903,LGALS3,SFRP4,IGKV2D-28,0.017702780663967133,25
4904,BTF3,SLC25A5,IL18RAP,0.01740586943924427,27
4905,EID1,SLC25A5,ZNF671,-0.007141971029341221,21
4906,HNRNPK,CDK2AP2,LINC00954,-0.006072501186281443,21
4907,PPP1R15A,SFRP4,UBASH3A,0.013585714623332024,25
4908,IFITM2,COL15A1,CDK5R1,-0.02501034177839756,20
4909,BTF3,HSPD1,REP15,0.008487604558467865,26
4910,BTF3,CYCS,AURKB,0.017786558717489243,27
4911,HNRNPK,SFRP4,KRT7,0.004294225014746189,22
4912,BTG2,SFRP4,H4C11,-0.020648416131734848,19
4913,TMBIM6,COL15A1,LINC00954,-0.016130292788147926,16
4914,TMBIM6,ID2,KRT7,0.011307084932923317,26
4915,GABARAP,TUFM,LINC00954,0.01827184669673443,31
4916,BTF3,IL32,KRT7,0.05513802170753479,32
4917,CHCHD2,SLC25A5,CDK5R1,0.0050818175077438354,28
4918,TXNIP,IL32,H4C11,-0.09820924699306488,12
4919,COX6A1,IL11RA,REP15,-0.022678852081298828,19
4920,COX6A1,ID2,H4C11,-0.0017976275412365794,22
4921,GABARAP,FABP1,REP15,0.0029817468021064997,24
4922,BTG2,PIGR,MRC1,-0.0529172345995903,13
4923,BTG2,COL15A1,IGKV2D-28,-0.06539016962051392,13
4924,GSTP1,PIGR,AURKB,0.009882654994726181,23
4925,PPP1R15A,TUFM,AURKB,-0.0020375510212033987,22
4926,GPX4,PLP2,ZNF671,0.013913760893046856,25
4927,GSTP1,PLP2,SAMD10,-0.0011726333759725094,20
4928,LGALS3,JTB,CDK5R1,0.004773387685418129,24
4929,GPX4,HSPD1,UBASH3A,0.03726611286401749,27
4930,TMBIM6,PIGR,LINC00954,-0.00029401801293715835,21
4931,COX6A1,IL32,H4C11,0.020242255181074142,29
4932,CHCHD2,IL32,LINC00954,0.03584415093064308,34
4933,HNRNPK,ID2,ZNF671,7.897219620645046e-05,22
4934,LGALS3,IL32,MRC1,0.023122845217585564,27
4935,GSTP1,IL32,ZNF671,0.03757260739803314,33
4936,LGALS3,ID2,SAMD10,-0.01920124888420105,21
4937,GSTP1,COL15A1,AGAP2,-0.008102535270154476,21
4938,GABARAP,CYCS,H4C11,0.01883447729051113,32
4939,IFITM2,APRT,KRT7,0.023358741775155067,28
4940,CHCHD2,TUFM,MRC1,0.010463258251547813,26
4941,DNAJA1,SLC25A5,ZNF671,0.020856771618127823,26
4942,GABARAP,FABP1,KLRF1,0.0015585366636514664,25
4943,PPP1R15A,CYCS,IL18RAP,-0.002266630530357361,21
4944,BTF3,PLP2,SIK1,-0.005765070207417011,21
4945,COX6A1,SLC25A5,MRC1,0.0019293066579848528,23
4946,TMBIM6,IL11RA,AGAP2,-0.013002954423427582,17
4947,TMBIM6,JTB,REP15,0.008188458159565926,26
4948,GABARAP,CYCS,MRC1,0.018387023359537125,30
4949,EID1,PIGR,KRT7,-0.01032252050936222,21
4950,GSTP1,SLC25A5,SIK1,0.03144646808505058,26
4951,BTF3,JTB,MRC1,0.001029861276037991,25
4952,COX6A1,ID2,MRC1,-0.0001249229535460472,22
4953,HNRNPK,CDK2AP2,REP15,-0.0041269841603934765,22
4954,BTG2,ID2,UBASH3A,-0.03208744898438454,15
4955,TMBIM6,JTB,LINC00954,0.009425872936844826,26
4956,IFITM2,PIGR,UBASH3A,0.012881364673376083,23
4957,PPP1R15A,SLC25A5,IGKV2D-28,-0.011897017247974873,20
4958,GSTP1,CYCS,UBASH3A,0.019969820976257324,28
4959,GSTP1,PLP2,AURKB,-0.0017127837054431438,20
4960,TXNIP,APRT,ZNF671,-0.09242680668830872,9
4961,HNRNPK,IL32,SIK1,0.029779616743326187,27
4962,GPX4,CDK2AP2,UBASH3A,0.029063045978546143,30
4963,GPX4,PLP2,SAMD10,0.007744709029793739,26
4964,CHCHD2,COL15A1,SAMD10,-0.016582820564508438,17
4965,PPP1R15A,CDK2AP2,IGKV2D-28,-0.010018397122621536,20
4966,GPX4,APRT,REP15,0.025936603546142578,30
4967,CHCHD2,CDK2AP2,LINC00954,0.007096839137375355,24
4968,TXNIP,SFRP4,LINC00954,-0.10558675229549408,12
4969,BTF3,PIGR,UBASH3A,-0.0006193369044922292,22
4970,BTF3,HSPD1,UBASH3A,0.012232222594320774,26
4971,GSTP1,COL15A1,IL18RAP,-0.008095810189843178,21
4972,IFITM2,JTB,CDK5R1,0.007284230552613735,26
4973,IFITM2,ID2,SIK1,0.008905111812055111,23
4974,GABARAP,CDK2AP2,IGKV2D-28,0.009982069954276085,30
4975,HNRNPK,PLP2,LINC00954,-0.01243848167359829,20
4976,BTF3,CYCS,KRT7,0.016500920057296753,27
4977,HNRNPK,CYCS,IL18RAP,-0.00328942877240479,19
4978,GPX4,CYCS,CDK5R1,0.027331199496984482,25
4979,GPX4,IL32,AURKB,0.05597584694623947,32
4980,DNAJA1,FABP1,SIK1,0.009057448245584965,23
4981,DNAJA1,PLP2,SIK1,0.007965396158397198,26
4982,EID1,FABP1,CDK5R1,-0.0192941352725029,19
4983,PPP1R15A,ID2,SIK1,-0.010022708214819431,22
4984,LGALS3,PLP2,LINC00954,-0.015027115121483803,20
4985,COX6A1,FABP1,SIK1,-0.013076648116111755,21
4986,TMBIM6,IL11RA,AGAP2,-0.013002954423427582,17
4987,TXNIP,CYCS,ZNF671,-0.10466405749320984,9
4988,LGALS3,HSPD1,SIK1,0.0056792087852954865,22
4989,BTF3,PLP2,IGKV2D-28,-0.005792549345642328,21
4990,GPX4,SLC25A5,REP15,0.02887401171028614,27
4991,LGALS3,APRT,UBASH3A,-0.0017784920055419207,21
4992,HNRNPK,IL32,SIK1,0.029779616743326187,27
4993,BTG2,COL15A1,IL18RAP,-0.06532932817935944,13
4994,BTF3,SLC25A5,H4C11,0.016228506341576576,26
4995,LGALS3,IL32,SAMD10,0.019354237243533134,27
4996,BTF3,ID2,AURKB,0.0004608461167663336,22
4997,IFITM2,ID2,IL18RAP,0.008918910287320614,23
4998,CHCHD2,ID2,SAMD10,0.003028573002666235,23
4999,GPX4,JTB,REP15,0.027824770659208298,29
5000,TXNIP,COL15A1,UBASH3A,-0.1368340700864792,6
5001,CHCHD2,COL15A1,H4C11,-0.009622151032090187,17
5002,TXNIP,APRT,CDK5R1,-0.09087325632572174,8
5003,LGALS3,SLC25A5,LINC00954,0.006441026926040649,23
5004,GSTP1,JTB,IGKV2D-28,0.01624651998281479,27
5005,GPX4,FABP1,AGAP2,0.0006008728523738682,22
5006,TMBIM6,ID2,LINC00954,0.013559015467762947,26
5007,TXNIP,SFRP4,SIK1,-0.09930765628814697,12
5008,BTF3,SLC25A5,AGAP2,0.015849823132157326,27
5009,COX6A1,PIGR,LINC00954,-0.008363055996596813,21
5010,GSTP1,HSPD1,MRC1,0.029572175815701485,29
5011,IFITM2,CYCS,LINC00954,0.01992722973227501,28
5012,BTF3,CYCS,LINC00954,0.016354303807020187,28
5013,DNAJA1,SFRP4,CDK5R1,0.038020942360162735,26
5014,CHCHD2,APRT,SAMD10,0.016004439443349838,27
5015,COX6A1,TUFM,REP15,0.015468331053853035,23
5016,COX6A1,CYCS,AURKB,0.012831603176891804,26
5017,CHCHD2,SLC25A5,CDK5R1,0.0050818175077438354,28
5018,DNAJA1,SLC25A5,ZNF671,0.020856771618127823,26
5019,GSTP1,SFRP4,H4C11,0.02051285095512867,26
5020,LGALS3,SLC25A5,UBASH3A,0.004980339203029871,23
5021,GPX4,PLP2,IL18RAP,0.014152253046631813,25
5022,COX6A1,SLC25A5,UBASH3A,0.0006836320972070098,22
5023,EID1,SFRP4,REP15,0.013521761633455753,25
5024,BTF3,FABP1,CDK5R1,-0.006312447600066662,21
5025,EID1,CYCS,CDK5R1,-0.00505730789154768,21
5026,GABARAP,SFRP4,KRT7,0.020707421004772186,29
5027,DNAJA1,FABP1,AURKB,0.011942610144615173,23
5028,TMBIM6,IL11RA,SIK1,-0.009116738103330135,17
5029,CHCHD2,IL32,ZNF671,0.031943488866090775,33
5030,COX6A1,CYCS,SAMD10,0.01355352159589529,27
5031,GPX4,ID2,KRT7,0.02145843766629696,27
5032,TMBIM6,FABP1,CDK5R1,-0.005857092794030905,20
5033,EID1,SFRP4,UBASH3A,0.014758531004190445,27
5034,TMBIM6,SFRP4,ZNF671,0.006753113120794296,24
5035,PPP1R15A,JTB,REP15,-0.007615622133016586,19
5036,PPP1R15A,FABP1,H4C11,-0.015882909297943115,16
5037,CHCHD2,CYCS,KLRF1,0.016073137521743774,28
5038,IFITM2,HSPD1,KLRF1,0.029154770076274872,28
5039,EID1,IL11RA,IGKV2D-28,-0.028203660622239113,16
5040,PPP1R15A,SLC25A5,UBASH3A,-0.013514483347535133,20
5041,PPP1R15A,TUFM,IL18RAP,0.0038842137437313795,23
5042,TMBIM6,ID2,AGAP2,0.011960269883275032,26
5043,CHCHD2,SLC25A5,IGKV2D-28,0.004643387161195278,28
5044,BTG2,SLC25A5,AGAP2,-0.0243610218167305,18
5045,BTF3,SFRP4,REP15,0.011590048670768738,23
5046,CHCHD2,HSPD1,LINC00954,0.008670195937156677,25
5047,BTF3,IL11RA,IL18RAP,0.008316215127706528,24
5048,HNRNPK,HSPD1,SAMD10,0.004822968039661646,24
5049,HNRNPK,SLC25A5,SIK1,-0.009798210114240646,19
5050,DNAJA1,TUFM,KRT7,0.027762867510318756,27
5051,TXNIP,PIGR,SAMD10,-0.1214405819773674,8
5052,GPX4,PLP2,KLRF1,0.013984713703393936,25
5053,BTG2,PIGR,IL18RAP,-0.05189096927642822,13
5054,TMBIM6,SLC25A5,IGKV2D-28,0.011537652462720871,25
5055,GSTP1,PIGR,SIK1,0.010455786250531673,24
5056,BTG2,PLP2,SIK1,-0.04118269681930542,12
5057,BTG2,ID2,H4C11,-0.02842690795660019,15
5058,GSTP1,IL11RA,CDK5R1,0.000760731752961874,22
5059,CHCHD2,SFRP4,H4C11,0.009631188586354256,24
5060,GABARAP,IL11RA,UBASH3A,-0.008417503908276558,19
5061,GSTP1,ID2,UBASH3A,0.02844426780939102,28
5062,HNRNPK,TUFM,REP15,-0.0029068237636238337,20
5063,EID1,CYCS,ZNF671,-0.00486865546554327,21
5064,BTG2,COL15A1,KLRF1,-0.06545496731996536,13
5065,DNAJA1,CYCS,AURKB,0.03111940249800682,27
5066,DNAJA1,IL32,AGAP2,0.045305296778678894,33
5067,PPP1R15A,SFRP4,KLRF1,0.01375853642821312,25
5068,BTF3,SFRP4,AURKB,0.009629437699913979,24
5069,HNRNPK,TUFM,CDK5R1,-0.005637341178953648,19
5070,EID1,FABP1,IGKV2D-28,-0.019134802743792534,19
5071,HNRNPK,ID2,H4C11,0.008578338660299778,23
5072,PPP1R15A,CYCS,SAMD10,-0.004751686006784439,20
5073,HNRNPK,HSPD1,SAMD10,0.004822968039661646,24
5074,GPX4,IL32,IL18RAP,0.05572405830025673,32
5075,EID1,HSPD1,IGKV2D-28,-0.006625785492360592,21
5076,BTF3,SLC25A5,AURKB,0.015184272080659866,26
5077,IFITM2,APRT,REP15,0.022997532039880753,28
5078,TMBIM6,PLP2,MRC1,0.0020268186926841736,23
5079,IFITM2,COL15A1,CDK5R1,-0.02501034177839756,20
5080,IFITM2,SFRP4,H4C11,0.027798451483249664,29
5081,GABARAP,PLP2,KRT7,-0.0009867418557405472,22
5082,GSTP1,JTB,KLRF1,0.016141284257173538,27
5083,TXNIP,TUFM,IL18RAP,-0.10536790639162064,7
5084,LGALS3,HSPD1,H4C11,0.01082183513790369,23
5085,BTF3,CYCS,AGAP2,0.014344961382448673,27
5086,GSTP1,FABP1,MRC1,0.0023921248503029346,22
5087,TXNIP,CDK2AP2,AGAP2,-0.10188351571559906,7
5088,HNRNPK,IL11RA,KRT7,-0.0366738960146904,15
5089,BTG2,IL11RA,KRT7,-0.04996643215417862,10
5090,TXNIP,IL11RA,REP15,-0.13451242446899414,6
5091,IFITM2,FABP1,CDK5R1,0.0036429879255592823,22
5092,HNRNPK,CDK2AP2,MRC1,-0.00586980814114213,21
5093,COX6A1,IL11RA,AGAP2,-0.01739775575697422,19
5094,LGALS3,CDK2AP2,SAMD10,0.012922318652272224,25
5095,GABARAP,SLC25A5,CDK5R1,0.02365470677614212,26
5096,GPX4,SFRP4,KLRF1,0.02871645614504814,31
5097,BTF3,ID2,IGKV2D-28,0.001159055158495903,22
5098,GSTP1,JTB,IL18RAP,0.022272810339927673,28
5099,GPX4,APRT,IGKV2D-28,0.025641225278377533,31
5100,DNAJA1,ID2,SAMD10,0.025081470608711243,27
5101,BTG2,CYCS,KRT7,-0.024199873208999634,16
5102,LGALS3,ID2,MRC1,-0.019486362114548683,21
5103,BTF3,TUFM,KRT7,0.017886100336909294,25
5104,GABARAP,JTB,IGKV2D-28,0.021832313388586044,31
5105,HNRNPK,PLP2,KRT7,-0.018965929746627808,19
5106,DNAJA1,TUFM,LINC00954,0.0331009142100811,27
5107,GPX4,HSPD1,AURKB,0.037647150456905365,28
5108,DNAJA1,TUFM,KRT7,0.027762867510318756,27
5109,DNAJA1,FABP1,CDK5R1,0.011937401257455349,23
5110,BTG2,TUFM,CDK5R1,-0.025159168988466263,16
5111,HNRNPK,SFRP4,ZNF671,0.004754240158945322,23
5112,CHCHD2,IL11RA,AURKB,-0.006351594813168049,21
5113,COX6A1,ID2,SIK1,-0.001045948825776577,22
5114,IFITM2,PLP2,KRT7,0.01784757897257805,25
5115,TXNIP,SLC25A5,SIK1,-0.09055298566818237,9
5116,IFITM2,CDK2AP2,SAMD10,0.009991439059376717,23
5117,TMBIM6,SLC25A5,UBASH3A,0.011479251086711884,26
5118,CHCHD2,APRT,H4C11,0.01962314546108246,27
5119,BTG2,CDK2AP2,REP15,-0.009912791661918163,19
5120,LGALS3,TUFM,REP15,-0.002810938749462366,20
5121,GPX4,APRT,SIK1,0.025776365771889687,31
5122,IFITM2,IL11RA,REP15,-0.002016618847846985,21
5123,GABARAP,IL32,CDK5R1,0.05389220640063286,30
5124,TMBIM6,IL11RA,SIK1,-0.009116738103330135,17
5125,IFITM2,CYCS,AGAP2,0.023996978998184204,28
5126,HNRNPK,CDK2AP2,AURKB,-0.004728017374873161,21
5127,TXNIP,APRT,AURKB,-0.09093895554542542,9
5128,IFITM2,APRT,AGAP2,0.022982077673077583,29
5129,LGALS3,CYCS,REP15,-0.0035087154246866703,21
5130,IFITM2,TUFM,H4C11,0.010829401202499866,25
5131,DNAJA1,TUFM,IGKV2D-28,0.032913289964199066,28
5132,COX6A1,PLP2,SAMD10,-0.01097417064011097,19
5133,IFITM2,PIGR,REP15,0.01428072340786457,23
5134,GABARAP,JTB,H4C11,0.023081384599208832,31
5135,BTG2,HSPD1,UBASH3A,-0.037082161754369736,16
5136,PPP1R15A,PLP2,CDK5R1,-0.01923125796020031,17
5137,DNAJA1,SFRP4,H4C11,0.03978626802563667,27
5138,TMBIM6,APRT,KLRF1,0.020756416022777557,27
5139,COX6A1,CYCS,KRT7,0.01268785446882248,27
5140,DNAJA1,SFRP4,IGKV2D-28,0.03687843680381775,27
5141,TMBIM6,JTB,SIK1,0.009383434429764748,26
5142,TXNIP,SLC25A5,AGAP2,-0.08940711617469788,9
5143,IFITM2,PIGR,KLRF1,0.010981500148773193,23
5144,PPP1R15A,PIGR,AGAP2,-0.02675054967403412,19
5145,COX6A1,PIGR,SAMD10,-0.011271120049059391,21
5146,PPP1R15A,COL15A1,AGAP2,-0.016935713589191437,18
5147,TXNIP,JTB,CDK5R1,-0.09687910228967667,12
5148,LGALS3,ID2,SIK1,-0.020152494311332703,21
5149,PPP1R15A,SLC25A5,H4C11,-0.005790563300251961,20
5150,HNRNPK,ID2,CDK5R1,0.0017533949576318264,22
5151,TMBIM6,FABP1,SIK1,-0.005724684800952673,19
5152,BTF3,CYCS,SIK1,0.016901500523090363,27
5153,LGALS3,IL11RA,CDK5R1,-0.027930453419685364,14
5154,DNAJA1,TUFM,KRT7,0.027762867510318756,27
5155,TMBIM6,CDK2AP2,SAMD10,0.005053733941167593,24
5156,TXNIP,SFRP4,KRT7,-0.10639536380767822,12
5157,GABARAP,COL15A1,AGAP2,-0.00474179070442915,21
5158,COX6A1,PLP2,AURKB,-0.007416759617626667,19
5159,CHCHD2,IL11RA,LINC00954,-0.0019148465944454074,22
5160,GPX4,FABP1,KLRF1,-0.0011798321502283216,22
5161,COX6A1,IL32,UBASH3A,0.020445071160793304,28
5162,BTF3,CYCS,KLRF1,0.01654275506734848,27
5163,GABARAP,PIGR,AGAP2,0.002157644834369421,22
5164,BTF3,IL11RA,IL18RAP,0.008316215127706528,24
5165,GPX4,IL32,IGKV2D-28,0.05789819359779358,32
5166,IFITM2,FABP1,CDK5R1,0.0036429879255592823,22
5167,HNRNPK,PIGR,ZNF671,-0.013568812981247902,21
5168,EID1,ID2,KLRF1,-0.0033507870975881815,21
5169,EID1,JTB,ZNF671,0.0007444916991516948,22
5170,IFITM2,TUFM,SAMD10,0.009030593559145927,25
5171,PPP1R15A,CYCS,KRT7,-0.004232791252434254,20
5172,TXNIP,PLP2,AGAP2,-0.11109089851379395,4
5173,TXNIP,ID2,CDK5R1,-0.11703959852457047,11
5174,CHCHD2,JTB,IGKV2D-28,0.016695518046617508,25
5175,TMBIM6,TUFM,IL18RAP,0.0055403513833880424,26
5176,EID1,SLC25A5,IL18RAP,-0.00822184607386589,21
5177,GSTP1,IL32,ZNF671,0.03757260739803314,33
5178,TMBIM6,HSPD1,KLRF1,0.011119269765913486,25
5179,GABARAP,SFRP4,AGAP2,0.018429307267069817,29
5180,TXNIP,IL11RA,KRT7,-0.13630542159080505,6
5181,DNAJA1,SLC25A5,LINC00954,0.02760024555027485,25
5182,EID1,CYCS,SAMD10,-0.004909229464828968,21
5183,TXNIP,SFRP4,IL18RAP,-0.10570214688777924,12
5184,HNRNPK,ID2,SIK1,0.0004168255254626274,22
5185,GABARAP,TUFM,UBASH3A,0.015188554301857948,32
5186,HNRNPK,ID2,CDK5R1,0.0017533949576318264,22
5187,IFITM2,SFRP4,CDK5R1,0.02357509359717369,27
5188,CHCHD2,APRT,KLRF1,0.016046367585659027,27
5189,LGALS3,COL15A1,CDK5R1,-0.028591586276888847,16
5190,PPP1R15A,CDK2AP2,AURKB,-0.010570386424660683,20
5191,DNAJA1,JTB,IGKV2D-28,0.021832309663295746,25
5192,TXNIP,CDK2AP2,IGKV2D-28,-0.10167111456394196,7
5193,GSTP1,FABP1,MRC1,0.0023921248503029346,22
5194,EID1,SLC25A5,ZNF671,-0.007141971029341221,21
5195,EID1,COL15A1,SIK1,-0.047220487147569656,14
5196,GSTP1,APRT,IL18RAP,0.026918578892946243,29
5197,IFITM2,CDK2AP2,CDK5R1,0.010145541280508041,23
5198,GPX4,IL32,REP15,0.055697206407785416,32
5199,IFITM2,SFRP4,LINC00954,0.02912607043981552,28
5200,LGALS3,JTB,LINC00954,0.004695778712630272,24
5201,BTG2,FABP1,KRT7,-0.06394262611865997,11
5202,IFITM2,HSPD1,KLRF1,0.029154770076274872,28
5203,COX6A1,SFRP4,LINC00954,0.003727019065991044,23
5204,PPP1R15A,TUFM,H4C11,-0.002139480086043477,22
5205,CHCHD2,PLP2,IL18RAP,-0.0035578643437474966,21
5206,BTF3,FABP1,ZNF671,-0.005356051959097385,21
5207,IFITM2,ID2,REP15,0.011171062476933002,23
5208,BTG2,JTB,UBASH3A,-0.02334708720445633,18
5209,DNAJA1,FABP1,IGKV2D-28,0.011658551171422005,23
5210,GABARAP,JTB,AGAP2,0.022525141015648842,31
5211,HNRNPK,ID2,H4C11,0.008578338660299778,23
5212,HNRNPK,TUFM,KLRF1,-0.005590782500803471,19
5213,COX6A1,CYCS,REP15,0.012814586982131004,28
5214,CHCHD2,IL11RA,AURKB,-0.006351594813168049,21
5215,GPX4,SFRP4,SAMD10,0.029376372694969177,30
5216,DNAJA1,CYCS,KRT7,0.030008841305971146,27
5217,EID1,HSPD1,AGAP2,-0.006720292381942272,21
5218,GPX4,PIGR,REP15,0.009249063208699226,24
5219,TMBIM6,SFRP4,KLRF1,0.015257901512086391,25
5220,COX6A1,CYCS,SAMD10,0.01355352159589529,27
5221,CHCHD2,APRT,H4C11,0.01962314546108246,27
5222,GPX4,SFRP4,KLRF1,0.02871645614504814,31
5223,PPP1R15A,IL11RA,LINC00954,-0.023359009996056557,17
5224,IFITM2,IL32,MRC1,0.030822699889540672,29
5225,CHCHD2,CYCS,KRT7,0.01521608792245388,28
5226,TXNIP,FABP1,REP15,-0.12167690694332123,6
5227,IFITM2,ID2,MRC1,0.008129040710628033,23
5228,TMBIM6,CDK2AP2,UBASH3A,0.005038351286202669,24
5229,HNRNPK,SLC25A5,IGKV2D-28,-0.009114207699894905,19
5230,COX6A1,ID2,SAMD10,-0.0011557545512914658,22
5231,EID1,HSPD1,CDK5R1,-0.011204295791685581,20
5232,BTG2,COL15A1,IGKV2D-28,-0.06539016962051392,13
5233,TXNIP,SFRP4,UBASH3A,-0.10031697154045105,12
5234,PPP1R15A,PLP2,REP15,-0.0191546231508255,17
5235,GSTP1,ID2,UBASH3A,0.02844426780939102,28
5236,PPP1R15A,SLC25A5,MRC1,-0.011897017247974873,20
5237,PPP1R15A,PLP2,IL18RAP,-0.013139539398252964,18
5238,BTF3,CYCS,REP15,0.015033185482025146,28
5239,CHCHD2,CDK2AP2,ZNF671,0.009203169494867325,25
5240,GABARAP,COL15A1,UBASH3A,-0.004547401797026396,21
5241,HNRNPK,SLC25A5,IGKV2D-28,-0.009114207699894905,19
5242,GABARAP,PIGR,KRT7,0.0021546382922679186,22
5243,GPX4,HSPD1,UBASH3A,0.03726611286401749,27
5244,EID1,JTB,AURKB,0.0007226646994240582,22
5245,TMBIM6,COL15A1,CDK5R1,-0.016326142475008965,17
5246,GSTP1,PIGR,REP15,0.007673277985304594,24
5247,EID1,JTB,AGAP2,0.000703750760294497,22
5248,LGALS3,FABP1,AURKB,-0.05686292424798012,16
5249,IFITM2,CDK2AP2,MRC1,0.0067766886204481125,24
5250,BTG2,IL11RA,IGKV2D-28,-0.04952573776245117,10
5251,GPX4,SLC25A5,SIK1,0.03200209140777588,27
5252,TMBIM6,PIGR,AURKB,-0.00042903539724648,21
5253,GABARAP,IL32,AURKB,0.051308222115039825,30
5254,BTF3,CDK2AP2,CDK5R1,0.0017143778968602419,23
5255,PPP1R15A,HSPD1,KLRF1,0.00886661559343338,23
5256,IFITM2,PLP2,CDK5R1,0.017498599365353584,25
5257,COX6A1,IL32,KRT7,0.020600484684109688,28
5258,PPP1R15A,CDK2AP2,IGKV2D-28,-0.010018397122621536,20
5259,COX6A1,JTB,MRC1,0.005290371365845203,23
5260,GABARAP,PLP2,IL18RAP,0.0005526996683329344,22
5261,GABARAP,PIGR,LINC00954,0.010320506989955902,24
5262,CHCHD2,CYCS,SIK1,0.015860754996538162,27
5263,EID1,ID2,H4C11,-0.0030276430770754814,21
5264,GABARAP,CYCS,ZNF671,0.01866219751536846,30
5265,GSTP1,APRT,SIK1,0.024285998195409775,28
5266,COX6A1,IL11RA,AURKB,-0.016188878566026688,19
5267,CHCHD2,JTB,REP15,0.01215408369898796,26
5268,BTG2,CDK2AP2,KRT7,-0.016439666971564293,18
5269,BTG2,IL11RA,CDK5R1,-0.04884494096040726,10
5270,PPP1R15A,JTB,REP15,-0.007615622133016586,19
5271,TMBIM6,APRT,KLRF1,0.020756416022777557,27
5272,GSTP1,APRT,H4C11,0.026605818420648575,28
5273,COX6A1,FABP1,UBASH3A,-0.015771355479955673,20
5274,GSTP1,SLC25A5,REP15,0.036812495440244675,26
5275,CHCHD2,ID2,KRT7,0.0017549962503835559,23
5276,LGALS3,PLP2,SAMD10,-0.021979335695505142,21
5277,HNRNPK,CYCS,KRT7,-0.0071266526356339455,18
5278,TMBIM6,FABP1,AGAP2,-0.007730576209723949,20
5279,BTF3,CDK2AP2,ZNF671,-0.003137912368401885,20
5280,PPP1R15A,JTB,REP15,-0.007615622133016586,19
5281,GABARAP,IL32,MRC1,0.050214722752571106,30
5282,CHCHD2,IL32,ZNF671,0.031943488866090775,33
5283,TXNIP,ID2,IGKV2D-28,-0.11214900016784668,11
5284,BTF3,HSPD1,CDK5R1,0.008681314066052437,26
5285,DNAJA1,COL15A1,LINC00954,-0.004221647046506405,20
5286,HNRNPK,CDK2AP2,CDK5R1,-0.002904703374952078,22
5287,BTF3,CDK2AP2,KLRF1,-0.002422772580757737,21
5288,BTG2,CDK2AP2,KLRF1,-0.015239972621202469,19
5289,COX6A1,SLC25A5,KRT7,0.0017746377270668745,22
5290,COX6A1,TUFM,KRT7,0.012519370764493942,24
5291,IFITM2,TUFM,AURKB,0.009881982579827309,25
5292,CHCHD2,CDK2AP2,MRC1,0.006658885627985001,24
5293,BTG2,SFRP4,H4C11,-0.020648416131734848,19
5294,HNRNPK,JTB,AGAP2,-0.005324273370206356,20
5295,HNRNPK,ID2,SIK1,0.0004168255254626274,22
5296,PPP1R15A,PLP2,SAMD10,-0.02073640376329422,17
5297,TMBIM6,CDK2AP2,AGAP2,0.004973273258656263,24
5298,HNRNPK,HSPD1,H4C11,0.006177444010972977,25
5299,IFITM2,CDK2AP2,ZNF671,0.012533132918179035,23
5300,DNAJA1,PLP2,REP15,0.009828321635723114,27
5301,PPP1R15A,PLP2,AGAP2,-0.019601136445999146,17
5302,COX6A1,ID2,REP15,0.0006831609643995762,22
5303,GSTP1,TUFM,ZNF671,0.006301745772361755,25
5304,LGALS3,SLC25A5,REP15,0.004456358030438423,23
5305,BTG2,IL11RA,SIK1,-0.04919184744358063,11
5306,BTG2,FABP1,AGAP2,-0.06339789927005768,11
5307,DNAJA1,COL15A1,KLRF1,-0.005820939317345619,19
5308,GABARAP,SFRP4,KLRF1,0.019002236425876617,29
5309,CHCHD2,COL15A1,KLRF1,-0.014966774731874466,17
5310,GPX4,PLP2,ZNF671,0.013913760893046856,25
5311,GSTP1,ID2,SAMD10,0.025858506560325623,28
5312,GPX4,FABP1,AURKB,-0.001160030602477491,22
5313,DNAJA1,ID2,SAMD10,0.025081470608711243,27
5314,HNRNPK,JTB,KRT7,-0.005679684691131115,20
5315,TXNIP,HSPD1,SIK1,-0.09706301987171173,11
5316,DNAJA1,IL32,KRT7,0.04519686847925186,34
5317,IFITM2,PLP2,SAMD10,0.017740651965141296,25
5318,IFITM2,SFRP4,AURKB,0.02720397710800171,27
5319,BTF3,TUFM,AGAP2,0.01788908615708351,25
5320,GSTP1,IL32,IGKV2D-28,0.03897725045681,33
5321,EID1,SLC25A5,KRT7,-0.007306394167244434,21
5322,PPP1R15A,CYCS,UBASH3A,-0.0038625888992100954,20
5323,PPP1R15A,CYCS,IGKV2D-28,-0.0037551820278167725,20
5324,COX6A1,PLP2,ZNF671,-0.009136928245425224,20
5325,CHCHD2,APRT,IGKV2D-28,0.01629151776432991,27
5326,CHCHD2,FABP1,REP15,-0.0007737696869298816,22
5327,GSTP1,ID2,AGAP2,0.030162833631038666,28
5328,GPX4,IL32,CDK5R1,0.05331121385097504,32
5329,HNRNPK,FABP1,UBASH3A,-0.03114653378725052,17
5330,IFITM2,HSPD1,AURKB,0.029129525646567345,27
5331,TXNIP,COL15A1,IGKV2D-28,-0.1346784085035324,6
5332,BTG2,ID2,MRC1,-0.03310102969408035,15
5333,PPP1R15A,SLC25A5,ZNF671,-0.012849617749452591,19
5334,BTG2,APRT,MRC1,-0.02548796869814396,19
5335,LGALS3,SLC25A5,KRT7,0.005711914971470833,22
5336,IFITM2,PLP2,SAMD10,0.017740651965141296,25
5337,GSTP1,JTB,SAMD10,0.015935352072119713,28
5338,TXNIP,PLP2,UBASH3A,-0.11109836399555206,4
5339,COX6A1,TUFM,UBASH3A,0.013750962913036346,24
5340,GABARAP,SLC25A5,IGKV2D-28,0.023296669125556946,26
5341,COX6A1,JTB,UBASH3A,0.010517710819840431,24
5342,PPP1R15A,ID2,LINC00954,0.0055292220786213875,22
5343,BTF3,IL32,AURKB,0.05582229793071747,32
5344,GSTP1,HSPD1,SIK1,0.02825833484530449,29
5345,BTG2,PLP2,IL18RAP,-0.038690224289894104,12
5346,TMBIM6,COL15A1,H4C11,-0.014026856049895287,16
5347,BTF3,FABP1,REP15,-0.004833024926483631,21
5348,BTG2,FABP1,UBASH3A,-0.06147994473576546,11
5349,CHCHD2,IL11RA,AGAP2,-0.005831269547343254,21
5350,DNAJA1,CDK2AP2,AGAP2,0.024072740226984024,28
5351,GPX4,APRT,ZNF671,0.023418661206960678,31
5352,BTF3,SLC25A5,SAMD10,0.01473979838192463,26
5353,PPP1R15A,CYCS,CDK5R1,-0.0036252541467547417,20
5354,GSTP1,IL11RA,IGKV2D-28,-0.0005819787620566785,22
5355,BTG2,TUFM,REP15,-0.026183703914284706,16
5356,CHCHD2,APRT,ZNF671,0.017406878992915154,28
5357,CHCHD2,TUFM,AURKB,0.012359676882624626,26
5358,TMBIM6,SFRP4,CDK5R1,0.014660338871181011,25
5359,EID1,COL15A1,CDK5R1,-0.04346310719847679,13
5360,DNAJA1,APRT,SAMD10,0.03336665779352188,28
5361,IFITM2,IL11RA,KRT7,0.0005835467018187046,22
5362,TXNIP,PLP2,MRC1,-0.11108525097370148,4
5363,BTF3,SFRP4,UBASH3A,0.009400654584169388,24
5364,HNRNPK,IL32,SAMD10,0.02428887039422989,27
5365,TMBIM6,CDK2AP2,AGAP2,0.004973273258656263,24
5366,CHCHD2,PLP2,IGKV2D-28,-0.0037852684035897255,20
5367,CHCHD2,COL15A1,LINC00954,-0.01170414313673973,18
5368,CHCHD2,APRT,AURKB,0.016329923644661903,27
5369,COX6A1,IL11RA,IGKV2D-28,-0.016562998294830322,19
5370,GPX4,SLC25A5,AURKB,0.029884658753871918,27
5371,BTF3,SFRP4,SIK1,0.0075364853255450726,24
5372,BTG2,CDK2AP2,ZNF671,-0.020235206931829453,18
5373,BTG2,COL15A1,KLRF1,-0.06545496731996536,13
5374,TMBIM6,APRT,AURKB,0.021290982142090797,27
5375,GPX4,ID2,MRC1,0.021734772250056267,27
5376,PPP1R15A,FABP1,LINC00954,-0.023877663537859917,16
5377,IFITM2,JTB,H4C11,0.008803119882941246,25
5378,BTG2,CYCS,KLRF1,-0.02298898622393608,16
5379,GABARAP,CYCS,REP15,0.017133817076683044,30
5380,HNRNPK,TUFM,MRC1,-0.004235043190419674,20
5381,IFITM2,SLC25A5,KRT7,0.021726999431848526,27
5382,LGALS3,COL15A1,LINC00954,-0.028989819809794426,17
5383,BTF3,ID2,H4C11,0.002275333274155855,22
5384,GSTP1,PIGR,LINC00954,0.006978918798267841,24
5385,CHCHD2,HSPD1,AGAP2,0.00850331038236618,24
5386,GPX4,COL15A1,AGAP2,0.004409590736031532,23
5387,COX6A1,CDK2AP2,IGKV2D-28,0.007269660942256451,25
5388,TMBIM6,IL11RA,IL18RAP,-0.012897592037916183,17
5389,HNRNPK,ID2,AURKB,0.0001471065916121006,22
5390,BTF3,IL11RA,H4C11,0.00614861398935318,23
5391,HNRNPK,COL15A1,AURKB,-0.013272802345454693,20
5392,EID1,IL11RA,KLRF1,-0.027985692024230957,16
5393,GABARAP,JTB,AGAP2,0.022525141015648842,31
5394,CHCHD2,HSPD1,KRT7,0.00589433079585433,24
5395,COX6A1,FABP1,ZNF671,-0.013840777799487114,20
5396,EID1,CDK2AP2,UBASH3A,0.003130238736048341,23
5397,COX6A1,ID2,AURKB,-0.0011177522828802466,22
5398,TMBIM6,SFRP4,IL18RAP,0.01565612480044365,25
5399,HNRNPK,FABP1,MRC1,-0.030865265056490898,17
5400,PPP1R15A,HSPD1,KRT7,0.009005829691886902,23
5401,PPP1R15A,COL15A1,REP15,-0.014862561598420143,18
5402,TMBIM6,ID2,AGAP2,0.011960269883275032,26
5403,HNRNPK,IL32,KLRF1,0.02952692285180092,27
5404,GPX4,COL15A1,LINC00954,-0.0020846023689955473,22
5405,LGALS3,PLP2,SIK1,-0.0228726789355278,21
5406,TXNIP,IL11RA,UBASH3A,-0.13484153151512146,6
5407,BTF3,SLC25A5,ZNF671,0.01313740573823452,26
5408,BTF3,CDK2AP2,IL18RAP,0.0006847392651252449,22
5409,CHCHD2,PLP2,SAMD10,-0.004134027287364006,20
5410,CHCHD2,PIGR,SAMD10,0.00018664737581275403,22
5411,TMBIM6,HSPD1,LINC00954,0.011782211251556873,25
5412,DNAJA1,SLC25A5,H4C11,0.02535281330347061,26
5413,DNAJA1,PLP2,CDK5R1,0.007706197910010815,27
5414,IFITM2,COL15A1,AURKB,-0.02686382085084915,20
5415,TXNIP,JTB,H4C11,-0.09650763869285583,12
5416,HNRNPK,APRT,ZNF671,0.0023279159795492887,23
5417,TXNIP,IL11RA,SIK1,-0.13464993238449097,6
5418,LGALS3,SLC25A5,CDK5R1,0.008819330483675003,24
5419,CHCHD2,PLP2,SIK1,-0.003338606096804142,20
5420,GPX4,IL11RA,IL18RAP,-0.007922947406768799,20
5421,BTG2,FABP1,CDK5R1,-0.06317346543073654,11
5422,TMBIM6,JTB,KLRF1,0.00946222897619009,26
5423,CHCHD2,FABP1,REP15,-0.0007737696869298816,22
5424,TXNIP,CDK2AP2,UBASH3A,-0.09875991940498352,7
5425,GABARAP,PIGR,H4C11,0.00566859170794487,23
5426,BTG2,TUFM,REP15,-0.026183703914284706,16
5427,DNAJA1,APRT,AGAP2,0.033743008971214294,29
5428,BTF3,COL15A1,LINC00954,-0.01864372193813324,17
5429,CHCHD2,CYCS,CDK5R1,0.01598612777888775,28
5430,EID1,APRT,LINC00954,-0.005053575616329908,17
5431,BTF3,IL32,REP15,0.06126287579536438,31
5432,TMBIM6,SLC25A5,REP15,0.014305096119642258,25
5433,GSTP1,FABP1,UBASH3A,-0.0008003913681022823,21
5434,GABARAP,PIGR,H4C11,0.00566859170794487,23
5435,DNAJA1,SFRP4,IGKV2D-28,0.03687843680381775,27
5436,GABARAP,FABP1,IGKV2D-28,0.0012938125291839242,25
5437,GPX4,ID2,AGAP2,0.02010759897530079,27
5438,GSTP1,JTB,SAMD10,0.015935352072119713,28
5439,BTG2,IL11RA,IGKV2D-28,-0.04952573776245117,10
5440,LGALS3,CYCS,ZNF671,-0.00219454662874341,22
5441,BTF3,SLC25A5,ZNF671,0.01313740573823452,26
5442,GPX4,JTB,AURKB,0.026760529726743698,29
5443,PPP1R15A,SFRP4,REP15,0.013535546138882637,25
5444,LGALS3,JTB,SAMD10,0.003956856206059456,24
5445,EID1,IL32,REP15,0.020015185698866844,29
5446,BTG2,COL15A1,AGAP2,-0.06657637655735016,14
5447,DNAJA1,IL11RA,AURKB,0.010446665808558464,25
5448,PPP1R15A,HSPD1,IGKV2D-28,0.009257618337869644,23
5449,HNRNPK,SFRP4,SIK1,0.0045398990623652935,22
5450,GPX4,SFRP4,MRC1,0.028128210455179214,31
5451,HNRNPK,CYCS,KLRF1,-0.0064976029098033905,18
5452,CHCHD2,IL11RA,KRT7,-0.00651495810598135,21
5453,BTG2,IL11RA,KRT7,-0.04996643215417862,10
5454,COX6A1,PLP2,LINC00954,-0.005812346935272217,19
5455,GABARAP,SFRP4,AURKB,0.020641526207327843,29
5456,TMBIM6,ID2,SIK1,0.011137433350086212,26
5457,DNAJA1,IL32,LINC00954,0.05782409757375717,34
5458,COX6A1,TUFM,REP15,0.015468331053853035,23
5459,HNRNPK,FABP1,IL18RAP,-0.02888849750161171,17
5460,IFITM2,SLC25A5,MRC1,0.022479305043816566,27
5461,CHCHD2,HSPD1,IGKV2D-28,0.007306589744985104,24
5462,EID1,CYCS,MRC1,-0.006360027007758617,21
5463,IFITM2,CDK2AP2,H4C11,0.008119108155369759,25
5464,PPP1R15A,COL15A1,SIK1,-0.014979801140725613,18
5465,CHCHD2,SFRP4,SIK1,0.007681675720959902,23
5466,GSTP1,TUFM,KRT7,0.005099751986563206,24
5467,GSTP1,SLC25A5,REP15,0.036812495440244675,26
5468,GSTP1,CDK2AP2,H4C11,0.03230501711368561,26
5469,LGALS3,IL11RA,SAMD10,-0.027344943955540657,13
5470,DNAJA1,IL11RA,AGAP2,0.014597561210393906,26
5471,TMBIM6,SFRP4,H4C11,0.0201350599527359,27
5472,GSTP1,ID2,KRT7,0.028513144701719284,28
5473,EID1,IL11RA,SIK1,-0.02773880586028099,16
5474,LGALS3,PIGR,AURKB,-0.021545303985476494,19
5475,LGALS3,COL15A1,KRT7,-0.029545241966843605,16
5476,COX6A1,JTB,CDK5R1,0.009878885000944138,24
5477,EID1,PIGR,KRT7,-0.01032252050936222,21
5478,GSTP1,FABP1,KLRF1,-0.0007905109087005258,21
5479,TMBIM6,FABP1,SAMD10,-0.004823264665901661,21
5480,BTG2,JTB,SAMD10,-0.023143768310546875,18
5481,IFITM2,ID2,LINC00954,0.016723062843084335,24
5482,PPP1R15A,FABP1,KLRF1,-0.024133853614330292,15
5483,CHCHD2,HSPD1,LINC00954,0.008670195937156677,25
5484,BTG2,TUFM,IGKV2D-28,-0.02636365406215191,16
5485,PPP1R15A,CYCS,LINC00954,-0.003420556429773569,20
5486,GSTP1,JTB,SAMD10,0.015935352072119713,28
5487,CHCHD2,JTB,UBASH3A,0.016766691580414772,25
5488,DNAJA1,TUFM,MRC1,0.032666318118572235,27
5489,GABARAP,PIGR,UBASH3A,0.002112451707944274,22
5490,BTF3,JTB,REP15,0.00046275515342131257,22
5491,TMBIM6,APRT,IGKV2D-28,0.022043820470571518,27
5492,PPP1R15A,JTB,REP15,-0.007615622133016586,19
5493,GSTP1,PIGR,IL18RAP,0.011116163805127144,24
5494,BTF3,IL32,KRT7,0.05513802170753479,32
5495,BTG2,SLC25A5,ZNF671,-0.021014729514718056,17
5496,CHCHD2,CDK2AP2,KLRF1,0.007096839137375355,24
5497,HNRNPK,SLC25A5,ZNF671,-0.008547102101147175,19
5498,DNAJA1,ID2,REP15,0.03270738571882248,26
5499,TMBIM6,PIGR,CDK5R1,-0.0001807197113521397,22
5500,BTF3,CYCS,AURKB,0.017786558717489243,27
5501,EID1,JTB,MRC1,0.00012152839917689562,22
5502,LGALS3,JTB,SIK1,0.00466924486681819,24
5503,GABARAP,JTB,IGKV2D-28,0.021832313388586044,31
5504,BTF3,SFRP4,IL18RAP,0.015698108822107315,25
5505,GABARAP,IL32,IGKV2D-28,0.05080213397741318,30
5506,GSTP1,COL15A1,ZNF671,-0.010099637322127819,20
5507,BTG2,FABP1,LINC00954,-0.06329146027565002,12
5508,LGALS3,IL32,SAMD10,0.019354237243533134,27
5509,HNRNPK,ID2,IL18RAP,0.0001575392670929432,22
5510,BTG2,CDK2AP2,MRC1,-0.013655970804393291,18
5511,GPX4,HSPD1,REP15,0.034507911652326584,28
5512,PPP1R15A,HSPD1,AGAP2,0.008231142535805702,23
5513,CHCHD2,TUFM,ZNF671,0.01065647043287754,25
5514,BTG2,JTB,AGAP2,-0.023573417216539383,18
5515,BTG2,FABP1,SIK1,-0.06595281511545181,12
5516,GPX4,JTB,AGAP2,0.026715783402323723,30
5517,GABARAP,IL11RA,IGKV2D-28,-0.012734560295939445,19
5518,IFITM2,IL32,KLRF1,0.03246014565229416,29
5519,HNRNPK,SFRP4,KRT7,0.004294225014746189,22
5520,EID1,JTB,MRC1,0.00012152839917689562,22
5521,GSTP1,TUFM,CDK5R1,0.007919222116470337,26
5522,HNRNPK,PLP2,CDK5R1,-0.018898067995905876,19
5523,GPX4,PLP2,H4C11,0.011120602488517761,25
5524,TXNIP,COL15A1,MRC1,-0.13852933049201965,6
5525,GSTP1,IL11RA,REP15,-0.002660155761986971,21
5526,GSTP1,PLP2,IGKV2D-28,-0.0011818479979410768,21
5527,BTF3,TUFM,KLRF1,0.017825311049818993,25
5528,IFITM2,FABP1,CDK5R1,0.0036429879255592823,22
5529,TXNIP,COL15A1,MRC1,-0.13852933049201965,6
5530,TXNIP,SFRP4,UBASH3A,-0.10031697154045105,12
5531,DNAJA1,HSPD1,REP15,0.03128401190042496,25
5532,COX6A1,SFRP4,IL18RAP,0.008024065755307674,23
5533,CHCHD2,TUFM,ZNF671,0.01065647043287754,25
5534,TMBIM6,CYCS,LINC00954,0.007554592564702034,22
5535,BTF3,JTB,ZNF671,0.0010860481997951865,25
5536,CHCHD2,HSPD1,IGKV2D-28,0.007306589744985104,24
5537,BTF3,APRT,LINC00954,0.01681353524327278,28
5538,HNRNPK,PLP2,SAMD10,-0.01946178823709488,19
5539,BTG2,FABP1,H4C11,-0.06349675357341766,11
5540,BTF3,JTB,CDK5R1,0.002628052607178688,25
5541,GABARAP,IL32,KLRF1,0.05040194094181061,30
5542,HNRNPK,SFRP4,LINC00954,0.014216307550668716,23
5543,LGALS3,JTB,SAMD10,0.003956856206059456,24
5544,IFITM2,CDK2AP2,IGKV2D-28,0.01012331061065197,23
5545,BTG2,PLP2,H4C11,-0.03556066378951073,12
5546,GABARAP,IL11RA,LINC00954,-0.004646045621484518,21
5547,LGALS3,PLP2,IL18RAP,-0.021372273564338684,21
5548,GSTP1,TUFM,AURKB,0.004919989034533501,24
5549,GPX4,SLC25A5,IL18RAP,0.03498228266835213,27
5550,IFITM2,CDK2AP2,SAMD10,0.009991439059376717,23
5551,TXNIP,IL11RA,SAMD10,-0.1309071183204651,6
5552,HNRNPK,SFRP4,MRC1,0.004586481023579836,22
5553,GPX4,PIGR,KLRF1,0.00954066589474678,24
5554,EID1,APRT,IGKV2D-28,-0.00401983130723238,18
5555,TMBIM6,SFRP4,AURKB,0.015522635541856289,26
5556,DNAJA1,HSPD1,REP15,0.03128401190042496,25
5557,COX6A1,SFRP4,REP15,0.003220349084585905,23
5558,TXNIP,CDK2AP2,AGAP2,-0.10188351571559906,7
5559,IFITM2,IL11RA,LINC00954,0.0005268009845167398,22
5560,EID1,SLC25A5,ZNF671,-0.007141971029341221,21
5561,CHCHD2,IL32,AGAP2,0.03606563061475754,33
5562,COX6A1,PLP2,AURKB,-0.007416759617626667,19
5563,BTF3,JTB,IGKV2D-28,0.0043641687370836735,26
5564,CHCHD2,CYCS,CDK5R1,0.01598612777888775,28
5565,CHCHD2,CYCS,IGKV2D-28,0.015826547518372536,28
5566,HNRNPK,SLC25A5,REP15,-0.010723489336669445,19
5567,BTF3,JTB,AGAP2,0.0030777566134929657,24
5568,GSTP1,HSPD1,IGKV2D-28,0.0297235120087862,29
5569,TXNIP,IL11RA,H4C11,-0.1321902871131897,6
5570,LGALS3,IL32,REP15,0.01882886327803135,27
5571,CHCHD2,FABP1,IGKV2D-28,-0.0014894711785018444,22
5572,DNAJA1,FABP1,ZNF671,0.013117413967847824,23
5573,LGALS3,COL15A1,IL18RAP,-0.02193487249314785,17
5574,GPX4,PLP2,LINC00954,0.013910256326198578,25
5575,BTF3,IL11RA,AURKB,0.007814954966306686,23
5576,CHCHD2,JTB,H4C11,0.01598813571035862,26
5577,TXNIP,SLC25A5,REP15,-0.0896797627210617,9
5578,IFITM2,PLP2,H4C11,0.01757737435400486,26
5579,LGALS3,PIGR,ZNF671,-0.02743542566895485,18
5580,EID1,SFRP4,KRT7,0.01383352093398571,26
5581,GPX4,PIGR,KRT7,0.009685825556516647,24
5582,DNAJA1,CDK2AP2,IL18RAP,0.03397674113512039,29
5583,HNRNPK,COL15A1,AGAP2,-0.013215770944952965,20
5584,TXNIP,COL15A1,ZNF671,-0.13996751606464386,6
5585,EID1,SFRP4,SAMD10,0.01441849023103714,25
5586,TXNIP,APRT,AGAP2,-0.08952002227306366,8
5587,PPP1R15A,CYCS,ZNF671,-0.005117612890899181,20
5588,HNRNPK,SFRP4,LINC00954,0.014216307550668716,23
5589,COX6A1,CYCS,CDK5R1,0.012706639245152473,27
5590,CHCHD2,IL32,AURKB,0.0361671969294548,33
5591,TMBIM6,IL32,UBASH3A,0.0417049303650856,29
5592,BTG2,HSPD1,LINC00954,-0.024793142452836037,17
5593,TMBIM6,COL15A1,KRT7,-0.016435157507658005,16
5594,HNRNPK,SLC25A5,LINC00954,-0.009863071143627167,19
5595,DNAJA1,CDK2AP2,CDK5R1,0.027390915900468826,29
5596,DNAJA1,CYCS,UBASH3A,0.0310589000582695,27
5597,COX6A1,SFRP4,AGAP2,0.002814530162140727,23
5598,GSTP1,ID2,KRT7,0.028513144701719284,28
5599,LGALS3,CDK2AP2,AGAP2,0.013061393052339554,25
5600,DNAJA1,SLC25A5,REP15,0.02433256059885025,24
5601,COX6A1,COL15A1,SAMD10,-0.009116841480135918,21
5602,LGALS3,PIGR,IL18RAP,-0.02137402445077896,19
5603,DNAJA1,COL15A1,IGKV2D-28,-0.005927794612944126,18
5604,LGALS3,PIGR,KLRF1,-0.02171643078327179,19
5605,BTG2,PIGR,KLRF1,-0.052762605249881744,13
5606,DNAJA1,JTB,CDK5R1,0.021802658215165138,24
5607,IFITM2,IL32,LINC00954,0.03133838623762131,29
5608,DNAJA1,COL15A1,IGKV2D-28,-0.005927794612944126,18
5609,BTG2,FABP1,SAMD10,-0.06429688632488251,11
5610,PPP1R15A,TUFM,CDK5R1,-0.0018751927418634295,22
5611,PPP1R15A,TUFM,SIK1,0.0009424383752048016,22
5612,TXNIP,COL15A1,AURKB,-0.13870319724082947,6
5613,EID1,IL32,LINC00954,0.019692525267601013,30
5614,HNRNPK,HSPD1,SIK1,0.006776515394449234,24
5615,IFITM2,HSPD1,KLRF1,0.029154770076274872,28
5616,TXNIP,SFRP4,AGAP2,-0.10565253347158432,12
5617,IFITM2,ID2,AGAP2,0.009805084206163883,23
5618,EID1,APRT,KLRF1,-0.0049335407093167305,17
5619,GPX4,IL11RA,CDK5R1,-0.006693166680634022,20
5620,BTF3,SLC25A5,IL18RAP,0.01740586943924427,27
5621,COX6A1,HSPD1,ZNF671,0.020665276795625687,27
5622,GSTP1,FABP1,MRC1,0.0023921248503029346,22
5623,BTF3,IL11RA,LINC00954,0.007510690484195948,23
5624,TMBIM6,IL32,MRC1,0.03995005041360855,29
5625,COX6A1,ID2,REP15,0.0006831609643995762,22
5626,GPX4,APRT,KLRF1,0.025635341182351112,31
5627,LGALS3,APRT,H4C11,-0.0040524606592953205,21
5628,EID1,PLP2,LINC00954,-0.00885640736669302,21
5629,LGALS3,CYCS,LINC00954,-0.003933043219149113,21
5630,CHCHD2,COL15A1,AGAP2,-0.014265038073062897,18
5631,GABARAP,IL32,LINC00954,0.05354340746998787,31
5632,TXNIP,TUFM,H4C11,-0.1008986234664917,7
5633,DNAJA1,PIGR,IGKV2D-28,0.025051020085811615,23
5634,PPP1R15A,SFRP4,AURKB,0.015627412125468254,25
5635,CHCHD2,JTB,SAMD10,0.01735912635922432,25
5636,LGALS3,SLC25A5,AURKB,0.0064687300473451614,23
5637,TXNIP,SLC25A5,ZNF671,-0.0909908264875412,9
5638,HNRNPK,PIGR,H4C11,-0.014069030992686749,21
5639,GSTP1,PLP2,SAMD10,-0.0011726333759725094,20
5640,PPP1R15A,JTB,IGKV2D-28,-0.0069467974826693535,20
5641,BTG2,SFRP4,AURKB,-0.020607616752386093,20
5642,PPP1R15A,ID2,CDK5R1,-0.012164498679339886,22
5643,IFITM2,CYCS,KLRF1,0.01994364708662033,28
5644,LGALS3,IL11RA,MRC1,-0.027074694633483887,14
5645,HNRNPK,CYCS,LINC00954,-0.00612901384010911,20
5646,EID1,HSPD1,SIK1,-0.011122150346636772,21
5647,IFITM2,COL15A1,KLRF1,-0.027131279930472374,20
5648,TXNIP,FABP1,H4C11,-0.11963361501693726,6
5649,CHCHD2,CDK2AP2,MRC1,0.006658885627985001,24
5650,BTG2,IL11RA,KRT7,-0.04996643215417862,10
5651,IFITM2,JTB,IL18RAP,0.008280015550553799,25
5652,DNAJA1,HSPD1,AGAP2,0.031943872570991516,25
5653,GPX4,IL11RA,SIK1,-0.005463383160531521,20
5654,HNRNPK,JTB,UBASH3A,-0.005803442094475031,20
5655,DNAJA1,PIGR,IL18RAP,0.026460513472557068,24
5656,GPX4,JTB,REP15,0.027824770659208298,29
5657,LGALS3,TUFM,KRT7,-0.005718443542718887,20
5658,TMBIM6,CYCS,MRC1,-0.0031096742022782564,21
5659,IFITM2,ID2,AGAP2,0.009805084206163883,23
5660,IFITM2,TUFM,SAMD10,0.009030593559145927,25
5661,GPX4,COL15A1,CDK5R1,-0.002012688899412751,22
5662,LGALS3,CYCS,REP15,-0.0035087154246866703,21
5663,LGALS3,COL15A1,MRC1,-0.029562434181571007,16
5664,CHCHD2,CDK2AP2,KRT7,0.007096839137375355,24
5665,CHCHD2,CDK2AP2,KRT7,0.007096839137375355,24
5666,HNRNPK,IL11RA,SIK1,-0.03605295717716217,16
5667,PPP1R15A,HSPD1,KRT7,0.009005829691886902,23
5668,TXNIP,CYCS,CDK5R1,-0.10104827582836151,9
5669,PPP1R15A,IL32,IL18RAP,0.04000145196914673,29
5670,BTF3,COL15A1,SAMD10,-0.01778038591146469,17
5671,BTF3,COL15A1,ZNF671,-0.02712862752377987,17
5672,CHCHD2,SLC25A5,SIK1,0.004332798067480326,26
5673,HNRNPK,SFRP4,SIK1,0.0045398990623652935,22
5674,IFITM2,COL15A1,IL18RAP,-0.015162467956542969,21
5675,GABARAP,COL15A1,CDK5R1,-0.004874399863183498,21
5676,EID1,TUFM,ZNF671,0.0010554970940575004,22
5677,GPX4,PLP2,AURKB,0.014144910499453545,25
5678,BTG2,IL32,AGAP2,-0.012296762317419052,20
5679,LGALS3,FABP1,UBASH3A,-0.05681367218494415,16
5680,EID1,SFRP4,IGKV2D-28,0.014647560194134712,27
5681,LGALS3,COL15A1,SAMD10,-0.02966579794883728,15
5682,BTG2,ID2,IGKV2D-28,-0.03538765013217926,15
5683,TXNIP,ID2,UBASH3A,-0.1110374927520752,11
5684,TMBIM6,IL11RA,LINC00954,-0.010826806537806988,18
5685,CHCHD2,PLP2,REP15,-0.00435615936294198,20
5686,GSTP1,APRT,LINC00954,0.02642550691962242,28
5687,GPX4,SLC25A5,IL18RAP,0.03498228266835213,27
5688,LGALS3,IL11RA,REP15,-0.027820900082588196,15
5689,DNAJA1,CYCS,KLRF1,0.03103126585483551,27
5690,COX6A1,APRT,AGAP2,0.013720272108912468,24
5691,IFITM2,HSPD1,AURKB,0.029129525646567345,27
5692,CHCHD2,JTB,MRC1,0.016531411558389664,24
5693,BTF3,COL15A1,ZNF671,-0.02712862752377987,17
5694,IFITM2,JTB,KRT7,0.007856573909521103,25
5695,DNAJA1,JTB,KRT7,0.021445833146572113,24
5696,TMBIM6,CYCS,LINC00954,0.007554592564702034,22
5697,TXNIP,CYCS,LINC00954,-0.09656643867492676,9
5698,COX6A1,FABP1,LINC00954,-0.014587679877877235,20
5699,DNAJA1,SLC25A5,SIK1,0.02277127467095852,26
5700,TMBIM6,CDK2AP2,SAMD10,0.005053733941167593,24
5701,IFITM2,CYCS,CDK5R1,0.021147754043340683,28
5702,BTF3,SLC25A5,CDK5R1,0.014369945973157883,27
5703,PPP1R15A,HSPD1,KLRF1,0.00886661559343338,23
5704,IFITM2,CYCS,ZNF671,0.022402435541152954,28
5705,BTG2,CYCS,AURKB,-0.023496408015489578,16
5706,TXNIP,SLC25A5,LINC00954,-0.08967725932598114,9
5707,IFITM2,FABP1,LINC00954,0.012213249690830708,23
5708,DNAJA1,SFRP4,MRC1,0.03687843680381775,27
5709,IFITM2,TUFM,IGKV2D-28,0.00959792360663414,25
5710,COX6A1,COL15A1,CDK5R1,-0.008814721368253231,21
5711,GSTP1,COL15A1,IL18RAP,-0.008095810189843178,21
5712,DNAJA1,PIGR,MRC1,0.024385415017604828,24
5713,GSTP1,TUFM,CDK5R1,0.007919222116470337,26
5714,GABARAP,CYCS,LINC00954,0.021756278350949287,31
5715,LGALS3,SFRP4,KLRF1,0.017789732664823532,25
5716,TXNIP,PLP2,IGKV2D-28,-0.11114679276943207,4
5717,CHCHD2,JTB,LINC00954,0.016397342085838318,25
5718,COX6A1,IL11RA,MRC1,-0.016344333067536354,19
5719,IFITM2,APRT,IGKV2D-28,0.028673993423581123,28
5720,BTG2,TUFM,H4C11,-0.023863129317760468,16
5721,GPX4,CDK2AP2,MRC1,0.030257631093263626,29
5722,BTG2,IL32,IGKV2D-28,-0.012539468705654144,20
5723,DNAJA1,SLC25A5,ZNF671,0.020856771618127823,26
5724,HNRNPK,SLC25A5,H4C11,-0.009600789286196232,20
5725,HNRNPK,COL15A1,UBASH3A,-0.013228015042841434,20
5726,LGALS3,SFRP4,KLRF1,0.017789732664823532,25
5727,TXNIP,FABP1,KRT7,-0.12114943563938141,6
5728,HNRNPK,FABP1,MRC1,-0.030865265056490898,17
5729,BTG2,TUFM,AGAP2,-0.024976052343845367,16
5730,LGALS3,CYCS,SIK1,-0.006914039142429829,21
5731,TMBIM6,FABP1,KRT7,-0.006016796920448542,20
5732,LGALS3,COL15A1,H4C11,-0.02849150076508522,17
5733,BTF3,COL15A1,KLRF1,-0.018266189843416214,17
5734,COX6A1,COL15A1,SIK1,-0.008640865795314312,21
5735,LGALS3,IL11RA,UBASH3A,-0.02683018147945404,15
5736,EID1,PIGR,MRC1,-0.008441207930445671,20
5737,TXNIP,JTB,IL18RAP,-0.0965728834271431,12
5738,BTG2,IL11RA,LINC00954,-0.05047373101115227,11
5739,EID1,CDK2AP2,KLRF1,-0.0007784192566759884,22
5740,BTF3,PIGR,IL18RAP,0.0013021677732467651,22
5741,BTF3,CYCS,SAMD10,0.01557730883359909,27
5742,PPP1R15A,CYCS,H4C11,-0.003144762944430113,20
5743,GSTP1,SLC25A5,UBASH3A,0.03259364143013954,26
5744,EID1,CYCS,IL18RAP,0.003965961746871471,22
5745,BTG2,COL15A1,LINC00954,-0.06632624566555023,12
5746,PPP1R15A,CDK2AP2,MRC1,-0.008467063307762146,20
5747,BTG2,COL15A1,AGAP2,-0.06657637655735016,14
5748,HNRNPK,SLC25A5,ZNF671,-0.008547102101147175,19
5749,IFITM2,TUFM,KLRF1,0.008317632600665092,25
5750,HNRNPK,HSPD1,REP15,0.003249584697186947,24
5751,LGALS3,COL15A1,H4C11,-0.02849150076508522,17
5752,GSTP1,COL15A1,SIK1,-0.008107928559184074,21
5753,PPP1R15A,APRT,UBASH3A,0.0025578660424798727,24
5754,CHCHD2,SLC25A5,AURKB,0.0049274456687271595,27
5755,DNAJA1,ID2,KLRF1,0.030879318714141846,26
5756,HNRNPK,CYCS,CDK5R1,-0.012678978964686394,18
5757,IFITM2,CDK2AP2,SAMD10,0.009991439059376717,23
5758,IFITM2,APRT,ZNF671,0.018436793237924576,28
5759,GABARAP,CYCS,SIK1,0.018996085971593857,30
5760,GABARAP,FABP1,MRC1,0.0008028969168663025,23
5761,GSTP1,IL11RA,REP15,-0.002660155761986971,21
5762,BTF3,COL15A1,H4C11,-0.01794000156223774,17
5763,IFITM2,CDK2AP2,KLRF1,0.010133454576134682,23
5764,BTG2,CYCS,IGKV2D-28,-0.02339688315987587,16
5765,CHCHD2,FABP1,SAMD10,-0.001456157653592527,22
5766,GPX4,JTB,AURKB,0.026760529726743698,29
5767,PPP1R15A,FABP1,LINC00954,-0.023877663537859917,16
5768,EID1,PIGR,SAMD10,-0.007484983652830124,21
5769,DNAJA1,SFRP4,IL18RAP,0.041840147227048874,28
5770,TMBIM6,PIGR,KLRF1,-9.062459866981953e-05,21
5771,PPP1R15A,TUFM,SIK1,0.0009424383752048016,22
5772,GPX4,COL15A1,UBASH3A,-0.0020369801204651594,22
5773,PPP1R15A,SLC25A5,REP15,-0.013031247071921825,20
5774,GPX4,FABP1,H4C11,-0.0029050325974822044,22
5775,GABARAP,SLC25A5,UBASH3A,0.023603949695825577,26
5776,GPX4,APRT,UBASH3A,0.025620434433221817,32
5777,LGALS3,IL11RA,H4C11,-0.026420464739203453,14
5778,TMBIM6,APRT,KRT7,0.021380756050348282,27
5779,CHCHD2,CYCS,IGKV2D-28,0.015826547518372536,28
5780,COX6A1,COL15A1,CDK5R1,-0.008814721368253231,21
5781,HNRNPK,PLP2,IL18RAP,-0.018927842378616333,19
5782,BTF3,APRT,AGAP2,0.016874726861715317,28
5783,IFITM2,HSPD1,AURKB,0.029129525646567345,27
5784,GABARAP,TUFM,SAMD10,0.013757063075900078,31
5785,GABARAP,PIGR,AURKB,0.0020012613385915756,22
5786,TMBIM6,HSPD1,LINC00954,0.011782211251556873,25
5787,COX6A1,PIGR,IGKV2D-28,-0.011308233253657818,21
5788,TMBIM6,TUFM,KLRF1,0.005932028405368328,24
5789,TXNIP,COL15A1,ZNF671,-0.13996751606464386,6
5790,TXNIP,CDK2AP2,SAMD10,-0.10170042514801025,7
5791,GABARAP,SLC25A5,ZNF671,0.017954934388399124,26
5792,LGALS3,JTB,UBASH3A,0.0042679584585130215,24
5793,BTF3,FABP1,REP15,-0.004833024926483631,21
5794,PPP1R15A,HSPD1,KRT7,0.009005829691886902,23
5795,BTF3,ID2,SIK1,0.0009342343546450138,22
5796,BTF3,IL11RA,REP15,0.008319739252328873,23
5797,CHCHD2,SFRP4,H4C11,0.009631188586354256,24
5798,PPP1R15A,JTB,KRT7,-0.007366535719484091,19
5799,TMBIM6,IL11RA,IL18RAP,-0.012897592037916183,17
5800,GABARAP,CDK2AP2,KLRF1,0.009310971945524216,30
5801,IFITM2,FABP1,LINC00954,0.012213249690830708,23
5802,LGALS3,COL15A1,AGAP2,-0.028635118156671524,16
5803,TXNIP,IL32,LINC00954,-0.09504694491624832,12
5804,GPX4,COL15A1,IGKV2D-28,-0.002146882237866521,22
5805,TXNIP,PLP2,SIK1,-0.11385660618543625,4
5806,COX6A1,CDK2AP2,SAMD10,0.005911208689212799,25
5807,GABARAP,PIGR,KRT7,0.0021546382922679186,22
5808,TXNIP,COL15A1,LINC00954,-0.1262800246477127,6
5809,TXNIP,COL15A1,KRT7,-0.13892841339111328,6
5810,GSTP1,IL32,SIK1,0.03886505216360092,33
5811,EID1,PLP2,UBASH3A,-0.009337258525192738,21
5812,GABARAP,IL11RA,UBASH3A,-0.008417503908276558,19
5813,DNAJA1,IL32,IL18RAP,0.04539789259433746,34
5814,BTG2,CYCS,KLRF1,-0.02298898622393608,16
5815,HNRNPK,TUFM,SAMD10,-0.006952835246920586,19
5816,GABARAP,FABP1,AURKB,0.0017256613355129957,25
5817,DNAJA1,IL11RA,IL18RAP,0.016888409852981567,27
5818,GSTP1,SLC25A5,ZNF671,0.03391779959201813,26
5819,PPP1R15A,CYCS,IL18RAP,-0.002266630530357361,21
5820,TXNIP,JTB,ZNF671,-0.09706680476665497,12
5821,PPP1R15A,IL11RA,SAMD10,-0.021576160565018654,16
5822,COX6A1,CDK2AP2,AGAP2,0.007590378634631634,25
5823,LGALS3,JTB,KRT7,0.003982981666922569,24
5824,GABARAP,ID2,ZNF671,0.01545938290655613,27
5825,CHCHD2,SFRP4,UBASH3A,0.01051604375243187,23
5826,HNRNPK,APRT,UBASH3A,0.00257331901229918,23
5827,HNRNPK,CYCS,CDK5R1,-0.012678978964686394,18
5828,GPX4,CYCS,AGAP2,0.029033470898866653,26
5829,LGALS3,TUFM,IGKV2D-28,-0.005048379302024841,20
5830,IFITM2,FABP1,H4C11,0.004907021299004555,23
5831,TXNIP,TUFM,REP15,-0.11261335015296936,7
5832,HNRNPK,TUFM,IL18RAP,-0.006772731430828571,19
5833,IFITM2,SLC25A5,AGAP2,0.02349456027150154,27
5834,TXNIP,TUFM,AURKB,-0.11094218492507935,7
5835,EID1,SLC25A5,REP15,-0.012422246858477592,21
5836,LGALS3,IL32,SIK1,0.023923330008983612,28
5837,PPP1R15A,CDK2AP2,ZNF671,-0.010458061471581459,21
5838,GPX4,SLC25A5,H4C11,0.02866954356431961,27
5839,GPX4,IL11RA,ZNF671,-0.010447226464748383,20
5840,COX6A1,CYCS,REP15,0.012814586982131004,28
5841,HNRNPK,COL15A1,LINC00954,-0.01329756435006857,20
5842,LGALS3,IL11RA,AURKB,-0.02828679233789444,14
5843,EID1,ID2,AURKB,-0.003330985549837351,21
5844,BTG2,PIGR,IGKV2D-28,-0.05253506451845169,13
5845,TMBIM6,SLC25A5,LINC00954,0.011805107817053795,25
5846,COX6A1,ID2,CDK5R1,-0.0011401575757190585,22
5847,GSTP1,APRT,IGKV2D-28,0.02614642307162285,29
5848,EID1,APRT,SIK1,-0.005678069777786732,17
5849,DNAJA1,APRT,SAMD10,0.03336665779352188,28
5850,CHCHD2,SLC25A5,KLRF1,0.004161077551543713,28
5851,BTG2,FABP1,H4C11,-0.06349675357341766,11
5852,HNRNPK,PIGR,REP15,-0.013849475421011448,21
5853,GSTP1,HSPD1,LINC00954,0.028308052569627762,29
5854,PPP1R15A,SLC25A5,SIK1,-0.012009218335151672,20
5855,LGALS3,ID2,KRT7,-0.020548924803733826,21
5856,HNRNPK,COL15A1,ZNF671,-0.014617567881941795,20
5857,PPP1R15A,APRT,KLRF1,0.0025799847207963467,23
5858,IFITM2,APRT,IGKV2D-28,0.028673993423581123,28
5859,TXNIP,TUFM,LINC00954,-0.10678498446941376,7
5860,BTF3,CYCS,KLRF1,0.01654275506734848,27
5861,GSTP1,COL15A1,IL18RAP,-0.008095810189843178,21
5862,PPP1R15A,JTB,H4C11,-0.003454728750512004,22
5863,GABARAP,PIGR,MRC1,0.004374117124825716,23
5864,DNAJA1,FABP1,AGAP2,0.011808527633547783,23
5865,COX6A1,ID2,SAMD10,-0.0011557545512914658,22
5866,BTG2,IL32,MRC1,-0.012777285650372505,20
5867,GPX4,ID2,H4C11,0.021984005346894264,28
5868,GPX4,ID2,H4C11,0.021984005346894264,28
5869,DNAJA1,FABP1,KRT7,0.011302871629595757,23
5870,GABARAP,SLC25A5,AGAP2,0.02346907928586006,25
5871,GSTP1,TUFM,CDK5R1,0.007919222116470337,26
5872,TXNIP,ID2,MRC1,-0.11948584765195847,11
5873,IFITM2,FABP1,SAMD10,-0.0019365849439054728,22
5874,BTG2,JTB,AURKB,-0.023237407207489014,18
5875,COX6A1,FABP1,REP15,-0.01279948279261589,20
5876,COX6A1,FABP1,IL18RAP,-0.01595008186995983,20
5877,TXNIP,COL15A1,IGKV2D-28,-0.1346784085035324,6
5878,PPP1R15A,CYCS,AURKB,-0.0037551820278167725,20
5879,TXNIP,IL32,SIK1,-0.09921172261238098,12
5880,PPP1R15A,PIGR,IL18RAP,-0.014316976070404053,21
5881,GABARAP,IL11RA,CDK5R1,-0.012372588738799095,19
5882,CHCHD2,TUFM,MRC1,0.010463258251547813,26
5883,CHCHD2,PLP2,KLRF1,-0.0035740963649004698,20
5884,IFITM2,COL15A1,AGAP2,-0.02591138333082199,20
5885,IFITM2,IL32,CDK5R1,0.032600536942481995,29
5886,GABARAP,IL11RA,KLRF1,-0.012732014991343021,19
5887,EID1,SLC25A5,KRT7,-0.007306394167244434,21
5888,BTG2,HSPD1,H4C11,-0.025459516793489456,17
5889,GSTP1,APRT,KLRF1,0.02607148513197899,28
5890,GABARAP,CDK2AP2,MRC1,0.00921334233134985,31
5891,GSTP1,IL11RA,SAMD10,-0.00527656264603138,21
5892,CHCHD2,FABP1,ZNF671,-0.0004052340518683195,21
5893,CHCHD2,APRT,IL18RAP,0.016584090888500214,27
5894,EID1,PIGR,IL18RAP,-0.007536124903708696,21
5895,GSTP1,ID2,IGKV2D-28,0.028528407216072083,28
5896,GABARAP,CYCS,KRT7,0.019634343683719635,30
5897,EID1,FABP1,KLRF1,-0.02131003886461258,19
5898,CHCHD2,FABP1,CDK5R1,-0.0005957998801022768,22
5899,HNRNPK,SLC25A5,SAMD10,-0.0095368018373847,19
5900,TXNIP,ID2,SAMD10,-0.1168915182352066,10
5901,COX6A1,FABP1,AURKB,-0.015975527465343475,20
5902,TXNIP,IL32,KLRF1,-0.09646058827638626,12
5903,HNRNPK,COL15A1,KLRF1,-0.013439927250146866,20
5904,HNRNPK,JTB,LINC00954,-0.004219478461891413,20
5905,GABARAP,COL15A1,REP15,-0.0018910854123532772,21
5906,IFITM2,CYCS,AGAP2,0.023996978998184204,28
5907,GABARAP,FABP1,AURKB,0.0017256613355129957,25
5908,TXNIP,CYCS,SAMD10,-0.10050536692142487,9
5909,GABARAP,COL15A1,KRT7,-0.004780781455338001,21
5910,TMBIM6,CYCS,IGKV2D-28,0.0017160531133413315,22
5911,TMBIM6,APRT,AGAP2,0.021179163828492165,27
5912,BTG2,FABP1,IGKV2D-28,-0.06361189484596252,11
5913,BTF3,PLP2,SIK1,-0.005765070207417011,21
5914,BTF3,APRT,REP15,0.016438405960798264,28
5915,BTF3,COL15A1,MRC1,-0.017958112061023712,17
5916,BTG2,PIGR,LINC00954,-0.052564360201358795,13
5917,HNRNPK,PIGR,MRC1,-0.012863058596849442,21
5918,HNRNPK,SFRP4,LINC00954,0.014216307550668716,23
5919,BTG2,APRT,KRT7,-0.0250132754445076,19
5920,IFITM2,IL32,MRC1,0.030822699889540672,29
5921,DNAJA1,IL11RA,IL18RAP,0.016888409852981567,27
5922,GABARAP,PLP2,SIK1,0.00119123759213835,23
5923,BTF3,PIGR,KRT7,-0.0008030891767702997,21
5924,TMBIM6,SLC25A5,ZNF671,0.014033244922757149,26
5925,GABARAP,SLC25A5,CDK5R1,0.02365470677614212,26
5926,DNAJA1,SLC25A5,KLRF1,0.020656440407037735,26
5927,COX6A1,COL15A1,KLRF1,-0.008838366717100143,21
5928,DNAJA1,PLP2,IL18RAP,0.010850369930267334,27
5929,IFITM2,PIGR,SIK1,0.00985359400510788,23
5930,HNRNPK,IL32,UBASH3A,0.029942411929368973,27
5931,PPP1R15A,CDK2AP2,UBASH3A,-0.010693497024476528,20
5932,DNAJA1,CDK2AP2,SAMD10,0.025824017822742462,28
5933,COX6A1,ID2,SAMD10,-0.0011557545512914658,22
5934,TXNIP,ID2,LINC00954,-0.11626330018043518,11
5935,TXNIP,APRT,IL18RAP,-0.08999436348676682,8
5936,BTG2,CDK2AP2,CDK5R1,-0.015317803248763084,19
5937,GSTP1,FABP1,REP15,0.0018186552915722132,22
5938,BTG2,APRT,AURKB,-0.02497698739171028,19
5939,IFITM2,ID2,KLRF1,0.008904598653316498,23
5940,BTF3,SFRP4,H4C11,0.008294927887618542,24
5941,PPP1R15A,SLC25A5,SIK1,-0.012009218335151672,20
5942,DNAJA1,CYCS,UBASH3A,0.0310589000582695,27
5943,BTG2,CYCS,ZNF671,-0.024488188326358795,16
5944,LGALS3,FABP1,UBASH3A,-0.05681367218494415,16
5945,GABARAP,PLP2,LINC00954,0.0014312132261693478,23
5946,GPX4,ID2,ZNF671,0.015616273507475853,27
5947,TXNIP,FABP1,CDK5R1,-0.11982573568820953,7
5948,TMBIM6,PLP2,CDK5R1,0.0030109218787401915,23
5949,LGALS3,APRT,CDK5R1,-0.0045624468475580215,21
5950,LGALS3,IL11RA,SAMD10,-0.027344943955540657,13
5951,GPX4,CYCS,SIK1,0.028024569153785706,26
5952,BTG2,CYCS,SAMD10,-0.023357799276709557,17
5953,CHCHD2,PIGR,SAMD10,0.00018664737581275403,22
5954,COX6A1,SLC25A5,UBASH3A,0.0006836320972070098,22
5955,GSTP1,FABP1,IL18RAP,0.0023775161243975163,22
5956,GSTP1,TUFM,KLRF1,0.005553519353270531,24
5957,EID1,ID2,MRC1,-0.004060443490743637,21
5958,EID1,SLC25A5,REP15,-0.012422246858477592,21
5959,CHCHD2,CDK2AP2,AURKB,0.007096839137375355,24
5960,BTG2,CDK2AP2,IL18RAP,-0.015153427608311176,19
5961,IFITM2,JTB,AGAP2,0.008183151483535767,25
5962,DNAJA1,CDK2AP2,UBASH3A,0.027212567627429962,28
5963,GABARAP,CYCS,UBASH3A,0.020031260326504707,32
5964,PPP1R15A,COL15A1,ZNF671,-0.019521741196513176,18
5965,HNRNPK,JTB,MRC1,-0.006418125703930855,21
5966,GPX4,APRT,AGAP2,0.02569911628961563,31
5967,BTG2,HSPD1,KLRF1,-0.03748459741473198,16
5968,TMBIM6,COL15A1,REP15,-0.015248144045472145,16
5969,HNRNPK,JTB,UBASH3A,-0.005803442094475031,20
5970,IFITM2,IL11RA,H4C11,0.0010571428574621677,22
5971,GABARAP,PLP2,IGKV2D-28,0.0010940887732431293,23
5972,BTG2,IL11RA,LINC00954,-0.05047373101115227,11
5973,HNRNPK,IL32,SAMD10,0.02428887039422989,27
5974,CHCHD2,CDK2AP2,AURKB,0.007096839137375355,24
5975,GABARAP,SLC25A5,IL18RAP,0.02637050673365593,27
5976,CHCHD2,FABP1,CDK5R1,-0.0005957998801022768,22
5977,GSTP1,COL15A1,REP15,-0.009723655879497528,21
5978,GABARAP,TUFM,KLRF1,0.01478789933025837,31
5979,COX6A1,CYCS,KRT7,0.01268785446882248,27
5980,DNAJA1,COL15A1,MRC1,-0.007567802909761667,19
5981,EID1,TUFM,CDK5R1,4.498070848057978e-05,22
5982,PPP1R15A,HSPD1,KLRF1,0.00886661559343338,23
5983,HNRNPK,COL15A1,ZNF671,-0.014617567881941795,20
5984,GABARAP,FABP1,MRC1,0.0008028969168663025,23
5985,TXNIP,SLC25A5,ZNF671,-0.0909908264875412,9
5986,HNRNPK,PIGR,IL18RAP,-0.012858012691140175,21
5987,COX6A1,IL32,KLRF1,0.020669419318437576,28
5988,GSTP1,IL11RA,LINC00954,-0.0008047685259953141,21
5989,GABARAP,IL32,KRT7,0.05208615958690643,30
5990,BTG2,APRT,UBASH3A,-0.025060908868908882,19
5991,LGALS3,SLC25A5,IL18RAP,0.005570105277001858,23
5992,HNRNPK,IL11RA,SAMD10,-0.0348392054438591,14
5993,GABARAP,HSPD1,KLRF1,0.020426444709300995,28
5994,COX6A1,APRT,AURKB,0.011650294065475464,23
5995,LGALS3,CDK2AP2,LINC00954,0.012986458837985992,25
5996,IFITM2,COL15A1,AURKB,-0.02686382085084915,20
5997,DNAJA1,IL32,UBASH3A,0.04395192861557007,34
5998,GABARAP,CDK2AP2,REP15,0.008856375701725483,31
5999,COX6A1,JTB,UBASH3A,0.010517710819840431,24
6000,LGALS3,SFRP4,KLRF1,0.017789732664823532,25
6001,TXNIP,PLP2,H4C11,-0.11225168406963348,4
6002,HNRNPK,CYCS,SIK1,-0.009764395654201508,18
6003,HNRNPK,SFRP4,SIK1,0.0045398990623652935,22
6004,TMBIM6,IL32,CDK5R1,0.04330825060606003,29
6005,TXNIP,COL15A1,KLRF1,-0.1385045349597931,6
6006,LGALS3,FABP1,SAMD10,-0.054186202585697174,16
6007,DNAJA1,HSPD1,SAMD10,0.03162502124905586,25
6008,BTF3,FABP1,H4C11,-0.004941790364682674,21
6009,CHCHD2,CYCS,IGKV2D-28,0.015826547518372536,28
6010,HNRNPK,CYCS,SAMD10,-0.0074431998655200005,17
6011,GSTP1,CDK2AP2,AGAP2,0.02903781831264496,26
6012,TXNIP,TUFM,REP15,-0.11261335015296936,7
6013,GSTP1,HSPD1,IGKV2D-28,0.0297235120087862,29
6014,COX6A1,JTB,CDK5R1,0.009878885000944138,24
6015,TMBIM6,APRT,AGAP2,0.021179163828492165,27
6016,CHCHD2,CDK2AP2,ZNF671,0.009203169494867325,25
6017,GPX4,SFRP4,ZNF671,0.028115157037973404,30
6018,LGALS3,FABP1,AURKB,-0.05686292424798012,16
6019,CHCHD2,SFRP4,MRC1,0.00885948445647955,23
6020,TMBIM6,TUFM,KLRF1,0.005932028405368328,24
6021,COX6A1,COL15A1,CDK5R1,-0.008814721368253231,21
6022,BTG2,IL11RA,ZNF671,-0.06052223592996597,10
6023,IFITM2,IL11RA,LINC00954,0.0005268009845167398,22
6024,BTF3,PLP2,MRC1,-0.004738179966807365,21
6025,DNAJA1,IL32,H4C11,0.051607489585876465,34
6026,TXNIP,APRT,AGAP2,-0.08952002227306366,8
6027,LGALS3,FABP1,ZNF671,-0.06784167885780334,16
6028,BTF3,CYCS,SIK1,0.016901500523090363,27
6029,IFITM2,HSPD1,AGAP2,0.02911636233329773,27
6030,PPP1R15A,PLP2,KLRF1,-0.019384421408176422,17
6031,TMBIM6,TUFM,KRT7,0.007435202598571777,24
6032,GSTP1,IL32,H4C11,0.043338190764188766,33
6033,HNRNPK,ID2,CDK5R1,0.0017533949576318264,22
6034,LGALS3,HSPD1,IL18RAP,0.009453421458601952,23
6035,PPP1R15A,PIGR,IGKV2D-28,-0.0279073528945446,20
6036,HNRNPK,APRT,KLRF1,0.0018920786678791046,23
6037,PPP1R15A,CDK2AP2,SIK1,-0.008016466163098812,20
6038,GPX4,JTB,H4C11,0.025851186364889145,29
6039,GABARAP,APRT,IGKV2D-28,0.022095952183008194,28
6040,TMBIM6,CYCS,AURKB,-0.0017078571254387498,21
6041,GSTP1,JTB,IGKV2D-28,0.01624651998281479,27
6042,GABARAP,FABP1,AGAP2,0.0017826929688453674,25
6043,COX6A1,COL15A1,SAMD10,-0.009116841480135918,21
6044,BTG2,TUFM,AURKB,-0.02690519019961357,16
6045,BTF3,HSPD1,IL18RAP,0.013424376025795937,26
6046,GABARAP,ID2,MRC1,0.01480947621166706,27
6047,EID1,SFRP4,ZNF671,0.014938700944185257,25
6048,PPP1R15A,HSPD1,CDK5R1,0.009117448702454567,23
6049,LGALS3,HSPD1,ZNF671,0.010955979116261005,23
6050,LGALS3,TUFM,ZNF671,-0.004552420228719711,20
6051,GSTP1,HSPD1,LINC00954,0.028308052569627762,29
6052,HNRNPK,JTB,KLRF1,-0.00623188354074955,20
6053,CHCHD2,SLC25A5,KRT7,0.004312661476433277,26
6054,BTF3,IL11RA,AGAP2,0.005111259408295155,23
6055,GPX4,SLC25A5,ZNF671,0.029347890987992287,27
6056,BTG2,APRT,SIK1,-0.024779072031378746,19
6057,TXNIP,PIGR,UBASH3A,-0.12172757834196091,7
6058,GPX4,CYCS,ZNF671,0.02967153862118721,25
6059,COX6A1,HSPD1,CDK5R1,0.020281029865145683,28
6060,DNAJA1,ID2,LINC00954,0.03042108751833439,27
6061,IFITM2,COL15A1,KLRF1,-0.027131279930472374,20
6062,BTG2,HSPD1,LINC00954,-0.024793142452836037,17
6063,BTF3,HSPD1,CDK5R1,0.008681314066052437,26
6064,GSTP1,PIGR,AGAP2,0.007154857739806175,23
6065,COX6A1,PLP2,ZNF671,-0.009136928245425224,20
6066,CHCHD2,JTB,H4C11,0.01598813571035862,26
6067,GSTP1,IL11RA,AURKB,-0.000888958340510726,22
6068,IFITM2,SFRP4,ZNF671,0.02773386240005493,27
6069,DNAJA1,PLP2,MRC1,0.006769808474928141,27
6070,EID1,SLC25A5,ZNF671,-0.007141971029341221,21
6071,IFITM2,HSPD1,AGAP2,0.02911636233329773,27
6072,GPX4,CDK2AP2,SIK1,0.030612045899033546,29
6073,COX6A1,COL15A1,SAMD10,-0.009116841480135918,21
6074,TXNIP,IL11RA,LINC00954,-0.1326838731765747,6
6075,GABARAP,TUFM,CDK5R1,0.017207928001880646,30
6076,GPX4,SLC25A5,LINC00954,0.029606100171804428,27
6077,HNRNPK,ID2,SAMD10,0.0001749829389154911,22
6078,GPX4,ID2,IGKV2D-28,0.02189851738512516,27
6079,GPX4,PLP2,KRT7,0.01389967743307352,25
6080,BTF3,CYCS,SIK1,0.016901500523090363,27
6081,PPP1R15A,IL32,UBASH3A,0.033756740391254425,29
6082,CHCHD2,IL32,LINC00954,0.03584415093064308,34
6083,HNRNPK,SFRP4,UBASH3A,0.004584290087223053,23
6084,GABARAP,TUFM,REP15,0.016375992447137833,30
6085,TXNIP,PIGR,ZNF671,-0.12162981182336807,7
6086,BTG2,HSPD1,AURKB,-0.03705558553338051,16
6087,GSTP1,CYCS,LINC00954,0.020242098718881607,28
6088,DNAJA1,CDK2AP2,CDK5R1,0.027390915900468826,29
6089,PPP1R15A,CYCS,IGKV2D-28,-0.0037551820278167725,20
6090,DNAJA1,IL11RA,SIK1,0.009408221580088139,26
6091,GPX4,CYCS,LINC00954,0.027812421321868896,25
6092,EID1,IL32,MRC1,0.018643857911229134,30
6093,CHCHD2,PLP2,LINC00954,-0.0045869494788348675,20
6094,TXNIP,ID2,CDK5R1,-0.11703959852457047,11
6095,BTF3,PIGR,MRC1,-0.0018555348506197333,21
6096,EID1,PLP2,IGKV2D-28,-0.012637456879019737,21
6097,GPX4,JTB,AGAP2,0.026715783402323723,30
6098,LGALS3,APRT,LINC00954,-0.0007227067835628986,22
6099,GSTP1,APRT,LINC00954,0.02642550691962242,28
6100,COX6A1,PIGR,KLRF1,-0.011503145098686218,21
6101,LGALS3,FABP1,IL18RAP,-0.05688309669494629,16
6102,TMBIM6,PLP2,SAMD10,0.0023437156341969967,23
6103,GSTP1,ID2,SIK1,0.02912970446050167,28
6104,CHCHD2,TUFM,AURKB,0.012359676882624626,26
6105,HNRNPK,COL15A1,ZNF671,-0.014617567881941795,20
6106,HNRNPK,PIGR,AURKB,-0.01250133290886879,21
6107,DNAJA1,CYCS,UBASH3A,0.0310589000582695,27
6108,HNRNPK,CDK2AP2,ZNF671,-0.006633469834923744,21
6109,COX6A1,CYCS,AGAP2,0.013057206757366657,27
6110,GSTP1,FABP1,AURKB,-0.0008157553384080529,21
6111,CHCHD2,APRT,SIK1,0.015607515349984169,27
6112,EID1,COL15A1,SIK1,-0.047220487147569656,14
6113,GSTP1,SFRP4,KLRF1,0.02048834040760994,28
6114,GPX4,SFRP4,ZNF671,0.028115157037973404,30
6115,COX6A1,HSPD1,LINC00954,0.019463934004306793,28
6116,IFITM2,SLC25A5,IGKV2D-28,0.024180561304092407,27
6117,HNRNPK,CDK2AP2,SIK1,-0.003702139714732766,22
6118,LGALS3,SLC25A5,H4C11,0.011742115020751953,24
6119,TXNIP,TUFM,LINC00954,-0.10678498446941376,7
6120,PPP1R15A,CDK2AP2,IL18RAP,-0.0055466629564762115,21
6121,COX6A1,SFRP4,LINC00954,0.003727019065991044,23
6122,GABARAP,HSPD1,ZNF671,0.020325085148215294,28
6123,PPP1R15A,APRT,H4C11,0.0023190518841147423,24
6124,DNAJA1,HSPD1,SAMD10,0.03162502124905586,25
6125,GPX4,CYCS,CDK5R1,0.027331199496984482,25
6126,GABARAP,JTB,AGAP2,0.022525141015648842,31
6127,EID1,SFRP4,AURKB,0.013558370992541313,26
6128,PPP1R15A,IL11RA,MRC1,-0.023994650691747665,16
6129,COX6A1,CYCS,KLRF1,0.012703356333076954,27
6130,TMBIM6,SLC25A5,AGAP2,0.01160670630633831,26
6131,IFITM2,ID2,MRC1,0.008129040710628033,23
6132,GPX4,SFRP4,ZNF671,0.028115157037973404,30
6133,GPX4,TUFM,CDK5R1,0.014632588252425194,27
6134,GPX4,SLC25A5,IGKV2D-28,0.03017456829547882,27
6135,BTG2,HSPD1,SAMD10,-0.0320732519030571,16
6136,PPP1R15A,IL11RA,MRC1,-0.023994650691747665,16
6137,HNRNPK,FABP1,SAMD10,-0.024340558797121048,17
6138,EID1,PLP2,UBASH3A,-0.009337258525192738,21
6139,COX6A1,JTB,H4C11,0.00977060291916132,24
6140,CHCHD2,CDK2AP2,H4C11,0.011553809978067875,25
6141,BTF3,PIGR,UBASH3A,-0.0006193369044922292,22
6142,EID1,CDK2AP2,IL18RAP,-0.000349674082826823,22
6143,BTG2,PLP2,LINC00954,-0.037110984325408936,13
6144,BTG2,SLC25A5,CDK5R1,-0.019930990412831306,18
6145,COX6A1,PIGR,LINC00954,-0.008363055996596813,21
6146,GSTP1,CDK2AP2,MRC1,0.030635874718427658,26
6147,BTG2,TUFM,UBASH3A,-0.026455115526914597,17
6148,DNAJA1,COL15A1,UBASH3A,-0.006865933537483215,19
6149,TXNIP,JTB,KLRF1,-0.09700162708759308,12
6150,PPP1R15A,HSPD1,H4C11,0.010671981610357761,25
6151,COX6A1,CDK2AP2,AGAP2,0.007590378634631634,25
6152,GPX4,HSPD1,IL18RAP,0.04023778811097145,27
6153,DNAJA1,COL15A1,UBASH3A,-0.006865933537483215,19
6154,LGALS3,FABP1,KLRF1,-0.05688106641173363,16
6155,COX6A1,TUFM,SIK1,0.01624508760869503,24
6156,GSTP1,APRT,IGKV2D-28,0.02614642307162285,29
6157,COX6A1,TUFM,REP15,0.015468331053853035,23
6158,TXNIP,IL32,CDK5R1,-0.09666688740253448,13
6159,PPP1R15A,COL15A1,IGKV2D-28,-0.016785290092229843,18
6160,LGALS3,PIGR,KRT7,-0.021840911358594894,19
6161,DNAJA1,CDK2AP2,ZNF671,0.027392316609621048,28
6162,PPP1R15A,PLP2,ZNF671,-0.02174636535346508,17
6163,TXNIP,PIGR,AURKB,-0.12143512815237045,7
6164,EID1,PIGR,CDK5R1,-0.009409628808498383,20
6165,IFITM2,HSPD1,UBASH3A,0.029053427278995514,28
6166,BTG2,TUFM,KLRF1,-0.02644333615899086,16
6167,TMBIM6,CDK2AP2,IL18RAP,0.0052125295624136925,24
6168,TMBIM6,COL15A1,KRT7,-0.016435157507658005,16
6169,IFITM2,CDK2AP2,SIK1,0.010217824950814247,23
6170,EID1,FABP1,KRT7,-0.02011854574084282,19
6171,COX6A1,COL15A1,MRC1,-0.01653933711349964,21
6172,GABARAP,IL32,H4C11,0.05348636955022812,31
6173,GABARAP,TUFM,ZNF671,0.012101845815777779,30
6174,GABARAP,JTB,AGAP2,0.022525141015648842,31
6175,CHCHD2,HSPD1,CDK5R1,0.006945583503693342,24
6176,EID1,ID2,KRT7,-0.003677941393107176,21
6177,LGALS3,APRT,SAMD10,-0.0033868178725242615,21
6178,TXNIP,PLP2,SIK1,-0.11385660618543625,4
6179,GPX4,HSPD1,AGAP2,0.037874478846788406,28
6180,BTG2,CYCS,LINC00954,-0.023407626897096634,17
6181,IFITM2,IL11RA,SAMD10,-6.192515138536692e-05,22
6182,DNAJA1,PIGR,H4C11,0.02522961050271988,24
6183,DNAJA1,FABP1,KLRF1,0.010378260165452957,23
6184,IFITM2,IL11RA,KLRF1,-0.0010514738969504833,21
6185,GSTP1,PLP2,UBASH3A,-0.0011695773573592305,21
6186,COX6A1,COL15A1,REP15,-0.01169334165751934,21
6187,GABARAP,FABP1,REP15,0.0029817468021064997,24
6188,IFITM2,FABP1,ZNF671,-0.001803406747058034,22
6189,GABARAP,PLP2,KLRF1,-0.0009867418557405472,22
6190,IFITM2,COL15A1,CDK5R1,-0.02501034177839756,20
6191,EID1,IL11RA,IGKV2D-28,-0.028203660622239113,16
6192,COX6A1,COL15A1,AURKB,-0.008750230073928833,21
6193,IFITM2,JTB,AURKB,0.008146527223289013,25
6194,BTG2,HSPD1,MRC1,-0.03964030742645264,16
6195,GSTP1,CDK2AP2,ZNF671,0.02919073775410652,26
6196,DNAJA1,FABP1,AURKB,0.011942610144615173,23
6197,DNAJA1,IL32,LINC00954,0.05782409757375717,34
6198,BTG2,SLC25A5,UBASH3A,-0.02077503688633442,18
6199,BTF3,PLP2,IGKV2D-28,-0.005792549345642328,21
6200,PPP1R15A,TUFM,KLRF1,-0.001541932113468647,22
6201,TMBIM6,PIGR,IGKV2D-28,0.00012295355554670095,22
6202,GPX4,IL32,MRC1,0.055684834718704224,31
6203,GSTP1,TUFM,IL18RAP,0.010846877470612526,24
6204,HNRNPK,SFRP4,ZNF671,0.004754240158945322,23
6205,CHCHD2,JTB,LINC00954,0.016397342085838318,25
6206,PPP1R15A,CDK2AP2,ZNF671,-0.010458061471581459,21
6207,EID1,SFRP4,AGAP2,0.014780624769628048,25
6208,IFITM2,CDK2AP2,CDK5R1,0.010145541280508041,23
6209,DNAJA1,IL11RA,IL18RAP,0.016888409852981567,27
6210,LGALS3,IL11RA,ZNF671,-0.030786866322159767,14
6211,GPX4,IL11RA,ZNF671,-0.010447226464748383,20
6212,COX6A1,IL11RA,H4C11,-0.014823919162154198,20
6213,CHCHD2,JTB,SIK1,0.02305324748158455,25
6214,GSTP1,PIGR,IL18RAP,0.011116163805127144,24
6215,GABARAP,COL15A1,IL18RAP,-0.006071543786674738,21
6216,CHCHD2,COL15A1,SIK1,-0.014841737225651741,17
6217,CHCHD2,HSPD1,KLRF1,0.006914195604622364,24
6218,GSTP1,JTB,SIK1,0.016068819910287857,25
6219,CHCHD2,PIGR,KLRF1,-2.109009074047208e-05,21
6220,IFITM2,IL11RA,SAMD10,-6.192515138536692e-05,22
6221,CHCHD2,FABP1,LINC00954,-0.0015127905644476414,22
6222,GPX4,FABP1,IGKV2D-28,-0.001160030602477491,22
6223,GABARAP,ID2,IL18RAP,0.02100636437535286,28
6224,HNRNPK,CYCS,LINC00954,-0.00612901384010911,20
6225,EID1,PIGR,ZNF671,-0.00995398685336113,20
6226,GSTP1,IL11RA,IL18RAP,0.0021460074931383133,23
6227,GABARAP,PIGR,AGAP2,0.002157644834369421,22
6228,GABARAP,TUFM,AURKB,0.015015020966529846,31
6229,COX6A1,SLC25A5,MRC1,0.0019293066579848528,23
6230,TXNIP,CDK2AP2,AGAP2,-0.10188351571559906,7
6231,LGALS3,JTB,CDK5R1,0.004773387685418129,24
6232,COX6A1,JTB,UBASH3A,0.010517710819840431,24
6233,COX6A1,PLP2,IGKV2D-28,-0.009482841938734055,19
6234,HNRNPK,PIGR,CDK5R1,-0.013376131653785706,21
6235,TXNIP,APRT,UBASH3A,-0.09128100425004959,8
6236,TMBIM6,TUFM,SIK1,0.00768230389803648,24
6237,PPP1R15A,COL15A1,AURKB,-0.01700240932404995,18
6238,TMBIM6,COL15A1,SIK1,-0.015469813719391823,16
6239,GSTP1,SFRP4,LINC00954,0.02053006738424301,29
6240,GPX4,PIGR,ZNF671,0.00017632037634029984,22
6241,IFITM2,SLC25A5,AURKB,0.02308712527155876,27
6242,PPP1R15A,FABP1,CDK5R1,-0.024538759142160416,14
6243,IFITM2,TUFM,IL18RAP,0.008455097675323486,25
6244,DNAJA1,SFRP4,ZNF671,0.03698159009218216,27
6245,COX6A1,IL32,IGKV2D-28,0.020588353276252747,28
6246,PPP1R15A,PIGR,SIK1,-0.024743419140577316,20
6247,TMBIM6,APRT,REP15,0.025223761796951294,28
6248,CHCHD2,CDK2AP2,ZNF671,0.009203169494867325,25
6249,COX6A1,SFRP4,CDK5R1,0.00376801285892725,23
6250,GSTP1,PLP2,IL18RAP,-0.00047368681407533586,22
6251,TMBIM6,COL15A1,ZNF671,-0.015371693298220634,16
6252,PPP1R15A,IL32,LINC00954,0.03401600569486618,29
6253,IFITM2,PLP2,REP15,0.018077708780765533,25
6254,BTG2,CDK2AP2,ZNF671,-0.020235206931829453,18
6255,TXNIP,PLP2,LINC00954,-0.1109374463558197,4
6256,TXNIP,SFRP4,KRT7,-0.10639536380767822,12
6257,HNRNPK,PIGR,H4C11,-0.014069030992686749,21
6258,BTG2,CDK2AP2,IGKV2D-28,-0.015153427608311176,19
6259,TMBIM6,IL11RA,KLRF1,-0.012983289547264576,17
6260,LGALS3,TUFM,AGAP2,-0.005484233144670725,20
6261,GSTP1,SLC25A5,LINC00954,0.03482041507959366,26
6262,EID1,PIGR,KRT7,-0.01032252050936222,21
6263,GPX4,SFRP4,ZNF671,0.028115157037973404,30
6264,TMBIM6,SLC25A5,UBASH3A,0.011479251086711884,26
6265,COX6A1,APRT,CDK5R1,0.01209176518023014,23
6266,EID1,COL15A1,CDK5R1,-0.04346310719847679,13
6267,EID1,CDK2AP2,IL18RAP,-0.000349674082826823,22
6268,PPP1R15A,FABP1,CDK5R1,-0.024538759142160416,14
6269,COX6A1,CYCS,UBASH3A,0.012967539951205254,27
6270,COX6A1,APRT,MRC1,0.004301140550523996,22
6271,GSTP1,TUFM,AURKB,0.004919989034533501,24
6272,CHCHD2,SFRP4,H4C11,0.009631188586354256,24
6273,BTG2,IL32,H4C11,-0.011262455955147743,20
6274,LGALS3,FABP1,H4C11,-0.042464472353458405,16
6275,GPX4,ID2,IL18RAP,0.028572147712111473,28
6276,GPX4,PLP2,AURKB,0.014144910499453545,25
6277,HNRNPK,TUFM,REP15,-0.0029068237636238337,20
6278,HNRNPK,CDK2AP2,H4C11,-0.0075674946419894695,20
6279,GABARAP,IL32,SIK1,0.05157744884490967,30
6280,CHCHD2,SFRP4,IGKV2D-28,0.008826600387692451,23
6281,EID1,IL11RA,MRC1,-0.030529318377375603,16
6282,LGALS3,TUFM,AURKB,-0.005088387057185173,20
6283,TMBIM6,TUFM,CDK5R1,0.006063615903258324,24
6284,CHCHD2,SFRP4,REP15,0.00800485908985138,23
6285,IFITM2,PIGR,SAMD10,0.012896746397018433,23
6286,DNAJA1,IL32,ZNF671,0.045462414622306824,33
6287,CHCHD2,HSPD1,SAMD10,0.005021702963858843,23
6288,BTG2,CDK2AP2,IL18RAP,-0.015153427608311176,19
6289,TXNIP,FABP1,MRC1,-0.12148205935955048,6
6290,GSTP1,CDK2AP2,ZNF671,0.02919073775410652,26
6291,IFITM2,PIGR,MRC1,0.012462614104151726,23
6292,GABARAP,ID2,SIK1,0.017133992165327072,26
6293,TMBIM6,APRT,IGKV2D-28,0.022043820470571518,27
6294,IFITM2,HSPD1,SAMD10,0.028974808752536774,27
6295,IFITM2,SLC25A5,LINC00954,0.021174650639295578,27
6296,GPX4,SFRP4,MRC1,0.028128210455179214,31
6297,EID1,JTB,UBASH3A,0.0023461608216166496,22
6298,CHCHD2,CYCS,IGKV2D-28,0.015826547518372536,28
6299,COX6A1,IL11RA,AURKB,-0.016188878566026688,19
6300,LGALS3,IL11RA,UBASH3A,-0.02683018147945404,15
6301,EID1,PIGR,KLRF1,-0.009532266296446323,21
6302,BTF3,SFRP4,LINC00954,0.012639060616493225,24
6303,BTG2,IL11RA,IGKV2D-28,-0.04952573776245117,10
6304,DNAJA1,APRT,LINC00954,0.034742750227451324,28
6305,BTF3,TUFM,LINC00954,0.017193665727972984,26
6306,TXNIP,COL15A1,IGKV2D-28,-0.1346784085035324,6
6307,CHCHD2,COL15A1,SAMD10,-0.016582820564508438,17
6308,GSTP1,PIGR,KRT7,0.006840188056230545,23
6309,EID1,PIGR,CDK5R1,-0.009409628808498383,20
6310,CHCHD2,PLP2,CDK5R1,-0.0011194006074219942,21
6311,PPP1R15A,HSPD1,MRC1,0.010433065705001354,23
6312,GSTP1,COL15A1,ZNF671,-0.010099637322127819,20
6313,GABARAP,APRT,ZNF671,0.02120170183479786,28
6314,TMBIM6,CYCS,AURKB,-0.0017078571254387498,21
6315,EID1,PLP2,IGKV2D-28,-0.012637456879019737,21
6316,LGALS3,PLP2,SIK1,-0.0228726789355278,21
6317,DNAJA1,COL15A1,ZNF671,-0.0070388345047831535,19
6318,TMBIM6,FABP1,KRT7,-0.006016796920448542,20
6319,COX6A1,JTB,AGAP2,0.009761788882315159,24
6320,TMBIM6,SFRP4,KLRF1,0.015257901512086391,25
6321,GSTP1,CYCS,ZNF671,0.02016078121960163,28
6322,IFITM2,IL11RA,AGAP2,-0.000777576700784266,22
6323,BTF3,APRT,AURKB,0.01831471174955368,28
6324,IFITM2,SLC25A5,CDK5R1,0.023649945855140686,27
6325,GABARAP,IL32,KLRF1,0.05040194094181061,30
6326,GPX4,SLC25A5,MRC1,0.029522933065891266,27
6327,COX6A1,IL11RA,LINC00954,-0.01438853144645691,19
6328,GABARAP,ID2,IGKV2D-28,0.01644948497414589,27
6329,GPX4,ID2,LINC00954,0.021736685186624527,27
6330,HNRNPK,PIGR,AGAP2,-0.011570977047085762,21
6331,COX6A1,TUFM,IL18RAP,0.012878647074103355,24
6332,GABARAP,IL32,H4C11,0.05348636955022812,31
6333,PPP1R15A,IL11RA,CDK5R1,-0.022278934717178345,16
6334,GPX4,SFRP4,H4C11,0.02903626300394535,31
6335,LGALS3,TUFM,SIK1,-0.005171464290469885,20
6336,BTG2,ID2,MRC1,-0.03310102969408035,15
6337,BTF3,HSPD1,REP15,0.008487604558467865,26
6338,DNAJA1,PIGR,KLRF1,0.024876784533262253,23
6339,EID1,PIGR,SAMD10,-0.007484983652830124,21
6340,HNRNPK,SLC25A5,UBASH3A,-0.008937383070588112,19
6341,GPX4,PLP2,AGAP2,0.014104494825005531,25
6342,BTF3,ID2,LINC00954,0.005697951652109623,23
6343,GPX4,IL11RA,UBASH3A,-0.007880575954914093,20
6344,PPP1R15A,SLC25A5,SIK1,-0.012009218335151672,20
6345,GSTP1,PIGR,LINC00954,0.006978918798267841,24
6346,LGALS3,SLC25A5,ZNF671,0.006852298509329557,23
6347,GSTP1,CYCS,AGAP2,0.02030416764318943,28
6348,GABARAP,IL32,LINC00954,0.05354340746998787,31
6349,GSTP1,TUFM,SIK1,0.006380684673786163,25
6350,TXNIP,CYCS,KLRF1,-0.10072820633649826,9
6351,TXNIP,APRT,SIK1,-0.08697796612977982,8
6352,TXNIP,FABP1,AGAP2,-0.11889688670635223,6
6353,TMBIM6,IL32,SIK1,0.04221635311841965,29
6354,LGALS3,TUFM,ZNF671,-0.004552420228719711,20
6355,GABARAP,HSPD1,H4C11,0.021273594349622726,30
6356,HNRNPK,TUFM,LINC00954,-0.005602245684713125,19
6357,EID1,CDK2AP2,UBASH3A,0.003130238736048341,23
6358,TMBIM6,IL11RA,SIK1,-0.009116738103330135,17
6359,GSTP1,JTB,REP15,0.015278070233762264,28
6360,PPP1R15A,FABP1,CDK5R1,-0.024538759142160416,14
6361,DNAJA1,APRT,IGKV2D-28,0.03384597599506378,28
6362,PPP1R15A,IL32,IGKV2D-28,0.034812264144420624,29
6363,GPX4,COL15A1,LINC00954,-0.0020846023689955473,22
6364,IFITM2,SFRP4,AGAP2,0.027883470058441162,27
6365,GABARAP,HSPD1,AURKB,0.021991435438394547,29
6366,GSTP1,PLP2,SIK1,-0.0007579191587865353,21
6367,BTG2,PLP2,IGKV2D-28,-0.04041605442762375,12
6368,EID1,JTB,KLRF1,0.0006787619786337018,22
6369,PPP1R15A,JTB,SAMD10,-0.0069467974826693535,20
6370,BTG2,HSPD1,KLRF1,-0.03748459741473198,16
6371,DNAJA1,PIGR,UBASH3A,0.025258131325244904,24
6372,GABARAP,PIGR,IGKV2D-28,0.0021965911146253347,22
6373,PPP1R15A,SLC25A5,AURKB,-0.011897017247974873,20
6374,IFITM2,ID2,LINC00954,0.016723062843084335,24
6375,BTF3,IL32,LINC00954,0.05588377267122269,33
6376,DNAJA1,PLP2,KRT7,0.0066214981488883495,27
6377,COX6A1,PIGR,SIK1,-0.00020518770907074213,22
6378,GSTP1,IL11RA,KRT7,-0.0012587596429511905,21
6379,HNRNPK,CDK2AP2,SAMD10,-0.005768991075456142,20
6380,DNAJA1,COL15A1,LINC00954,-0.004221647046506405,20
6381,IFITM2,ID2,LINC00954,0.016723062843084335,24
6382,LGALS3,JTB,REP15,0.0072142621502280235,23
6383,CHCHD2,SFRP4,KRT7,0.008059906773269176,23
6384,DNAJA1,HSPD1,AGAP2,0.031943872570991516,25
6385,BTG2,ID2,ZNF671,-0.03538229316473007,15
6386,GSTP1,PLP2,ZNF671,-0.001442731823772192,21
6387,GSTP1,ID2,H4C11,0.029293932020664215,28
6388,CHCHD2,IL32,REP15,0.031617309898138046,33
6389,BTF3,SLC25A5,AURKB,0.015184272080659866,26
6390,GPX4,JTB,AGAP2,0.026715783402323723,30
6391,BTG2,CYCS,REP15,-0.02099648118019104,17
6392,IFITM2,PLP2,KRT7,0.01784757897257805,25
6393,PPP1R15A,SFRP4,IL18RAP,0.013987129554152489,25
6394,DNAJA1,ID2,IGKV2D-28,0.031216375529766083,26
6395,COX6A1,PLP2,REP15,-0.009152691811323166,19
6396,GABARAP,TUFM,AURKB,0.015015020966529846,31
6397,IFITM2,CYCS,IL18RAP,0.019957493990659714,28
6398,BTG2,COL15A1,H4C11,-0.0672512948513031,14
6399,DNAJA1,APRT,UBASH3A,0.03381578251719475,28
6400,IFITM2,APRT,AURKB,0.023788530379533768,28
6401,TXNIP,JTB,CDK5R1,-0.09687910228967667,12
6402,GPX4,APRT,KLRF1,0.025635341182351112,31
6403,GPX4,ID2,AURKB,0.022236445918679237,27
6404,DNAJA1,CYCS,MRC1,0.028433337807655334,27
6405,PPP1R15A,CDK2AP2,LINC00954,-0.010435368865728378,20
6406,CHCHD2,IL32,ZNF671,0.031943488866090775,33
6407,LGALS3,PIGR,SIK1,-0.022947289049625397,19
6408,PPP1R15A,APRT,AGAP2,0.0037998813204467297,24
6409,PPP1R15A,APRT,AGAP2,0.0037998813204467297,24
6410,TMBIM6,JTB,KRT7,0.008993763476610184,26
6411,GABARAP,IL11RA,KRT7,-0.01311265118420124,19
6412,GPX4,SFRP4,KRT7,0.028544049710035324,31
6413,BTF3,CDK2AP2,REP15,-0.004614854231476784,21
6414,TXNIP,COL15A1,IL18RAP,-0.13843555748462677,6
6415,TXNIP,IL32,IGKV2D-28,-0.09366438537836075,12
6416,BTF3,PIGR,H4C11,-0.0011474023340269923,22
6417,GABARAP,IL11RA,H4C11,-0.008213015273213387,20
6418,EID1,PLP2,LINC00954,-0.00885640736669302,21
6419,IFITM2,TUFM,SIK1,0.007368756458163261,24
6420,GPX4,PLP2,AGAP2,0.014104494825005531,25
6421,PPP1R15A,COL15A1,MRC1,-0.014064259827136993,17
6422,BTG2,JTB,AGAP2,-0.023573417216539383,18
6423,LGALS3,COL15A1,CDK5R1,-0.028591586276888847,16
6424,TMBIM6,COL15A1,SIK1,-0.015469813719391823,16
6425,TXNIP,PLP2,REP15,-0.11097772419452667,4
6426,GSTP1,IL11RA,H4C11,0.002488014753907919,22
6427,GSTP1,TUFM,MRC1,0.006634625140577555,24
6428,COX6A1,IL32,SIK1,0.020858880132436752,28
6429,BTF3,COL15A1,KLRF1,-0.018266189843416214,17
6430,COX6A1,HSPD1,UBASH3A,0.01997065171599388,28
6431,LGALS3,ID2,ZNF671,-0.03075343742966652,21
6432,EID1,TUFM,SAMD10,-0.00021353863121476024,22
6433,GABARAP,CDK2AP2,AGAP2,0.009308228269219398,29
6434,HNRNPK,CDK2AP2,MRC1,-0.00586980814114213,21
6435,PPP1R15A,FABP1,REP15,-0.023468106985092163,15
6436,CHCHD2,IL11RA,KRT7,-0.00651495810598135,21
6437,CHCHD2,ID2,MRC1,0.0007394066196866333,22
6438,DNAJA1,PLP2,CDK5R1,0.007706197910010815,27
6439,GSTP1,TUFM,LINC00954,0.005500985775142908,25
6440,PPP1R15A,IL32,KLRF1,0.03462813049554825,29
6441,CHCHD2,JTB,SAMD10,0.01735912635922432,25
6442,DNAJA1,JTB,AURKB,0.021832309663295746,25
6443,GPX4,SLC25A5,UBASH3A,0.029621370136737823,27
6444,BTG2,CDK2AP2,IGKV2D-28,-0.015153427608311176,19
6445,BTG2,IL32,LINC00954,-0.012062164023518562,20
6446,GABARAP,FABP1,UBASH3A,0.0017704491037875414,25
6447,GSTP1,IL32,LINC00954,0.041454970836639404,33
6448,PPP1R15A,PIGR,MRC1,-0.026002898812294006,20
6449,GABARAP,SFRP4,REP15,0.021858980879187584,27
6450,EID1,CDK2AP2,IGKV2D-28,-0.0006262387032620609,22
6451,COX6A1,CDK2AP2,AURKB,0.0064785052090883255,25
6452,HNRNPK,COL15A1,AGAP2,-0.013215770944952965,20
6453,GABARAP,SLC25A5,SAMD10,0.0232552420347929,26
6454,IFITM2,SLC25A5,SAMD10,0.022658225148916245,27
6455,LGALS3,HSPD1,LINC00954,0.009564929641783237,23
6456,PPP1R15A,JTB,LINC00954,-0.004991869907826185,20
6457,EID1,PLP2,MRC1,-0.009976291097700596,21
6458,GSTP1,SFRP4,UBASH3A,0.019133683294057846,28
6459,HNRNPK,CDK2AP2,KLRF1,-0.006067081820219755,21
6460,GPX4,IL11RA,ZNF671,-0.010447226464748383,20
6461,PPP1R15A,JTB,ZNF671,-0.008449778892099857,20
6462,PPP1R15A,SLC25A5,IL18RAP,-0.00901433452963829,21
6463,PPP1R15A,HSPD1,AURKB,0.008705629035830498,23
6464,EID1,SFRP4,KLRF1,0.014382954686880112,26
6465,LGALS3,APRT,IL18RAP,-0.0034642822574824095,21
6466,COX6A1,FABP1,SIK1,-0.013076648116111755,21
6467,TXNIP,SLC25A5,H4C11,-0.0927649736404419,9
6468,BTG2,ID2,SAMD10,-0.036099087446928024,16
6469,COX6A1,JTB,KLRF1,0.010795403271913528,24
6470,IFITM2,SLC25A5,AURKB,0.02308712527155876,27
6471,TXNIP,FABP1,KLRF1,-0.12189039587974548,6
6472,LGALS3,HSPD1,IL18RAP,0.009453421458601952,23
6473,COX6A1,FABP1,AURKB,-0.015975527465343475,20
6474,COX6A1,IL32,AURKB,0.020502636209130287,28
6475,EID1,APRT,SAMD10,-0.005232350435107946,18
6476,TMBIM6,PLP2,SIK1,0.0022327422630041838,23
6477,GSTP1,ID2,ZNF671,0.027371376752853394,28
6478,GSTP1,IL11RA,KRT7,-0.0012587596429511905,21
6479,TMBIM6,PIGR,KRT7,-0.0044663287699222565,21
6480,EID1,SLC25A5,SAMD10,-0.007484026253223419,21
6481,BTG2,ID2,UBASH3A,-0.03208744898438454,15
6482,COX6A1,CYCS,H4C11,0.015903349965810776,29
6483,TXNIP,JTB,SIK1,-0.0967937558889389,12
6484,IFITM2,CDK2AP2,REP15,0.012512246146798134,23
6485,BTF3,JTB,IGKV2D-28,0.0043641687370836735,26
6486,TMBIM6,COL15A1,MRC1,-0.01647150330245495,16
6487,GPX4,PLP2,IL18RAP,0.014152253046631813,25
6488,GPX4,JTB,KRT7,0.026375044137239456,29
6489,COX6A1,IL32,IL18RAP,0.020441818982362747,28
6490,BTG2,IL32,IGKV2D-28,-0.012539468705654144,20
6491,LGALS3,COL15A1,UBASH3A,-0.029251202940940857,16
6492,LGALS3,SFRP4,AURKB,0.017702780663967133,25
6493,GPX4,SLC25A5,ZNF671,0.029347890987992287,27
6494,GSTP1,IL32,IL18RAP,0.038897860795259476,33
6495,DNAJA1,COL15A1,MRC1,-0.007567802909761667,19
6496,EID1,FABP1,MRC1,-0.022281555458903313,19
6497,IFITM2,HSPD1,MRC1,0.025645963847637177,28
6498,TXNIP,JTB,UBASH3A,-0.09166937321424484,12
6499,LGALS3,SFRP4,IGKV2D-28,0.017702780663967133,25
6500,GABARAP,TUFM,MRC1,0.012531203217804432,30
6501,HNRNPK,JTB,AURKB,-0.005577264353632927,20
6502,BTF3,APRT,AGAP2,0.016874726861715317,28
6503,IFITM2,CYCS,IL18RAP,0.019957493990659714,28
6504,BTF3,PIGR,CDK5R1,-0.0006259636720642447,21
6505,COX6A1,FABP1,SAMD10,-0.015885502099990845,20
6506,CHCHD2,IL11RA,IL18RAP,-0.006290789227932692,21
6507,LGALS3,SLC25A5,CDK5R1,0.008819330483675003,24
6508,IFITM2,PIGR,KLRF1,0.010981500148773193,23
6509,TXNIP,PIGR,AURKB,-0.12143512815237045,7
6510,DNAJA1,JTB,KLRF1,0.021680129691958427,25
6511,PPP1R15A,SLC25A5,H4C11,-0.005790563300251961,20
6512,TMBIM6,SFRP4,CDK5R1,0.014660338871181011,25
6513,TMBIM6,TUFM,ZNF671,0.0055935378186404705,24
6514,TXNIP,PIGR,IGKV2D-28,-0.12010471522808075,7
6515,EID1,IL32,IGKV2D-28,0.01947132870554924,30
6516,GABARAP,JTB,KRT7,0.023470258340239525,31
6517,DNAJA1,COL15A1,H4C11,-0.004432538524270058,21
6518,DNAJA1,JTB,LINC00954,0.021346747875213623,24
6519,GSTP1,TUFM,ZNF671,0.006301745772361755,25
6520,EID1,COL15A1,UBASH3A,-0.04373907297849655,14
6521,GSTP1,IL11RA,REP15,-0.002660155761986971,21
6522,GPX4,JTB,IGKV2D-28,0.026760529726743698,29
6523,BTG2,ID2,AURKB,-0.03229854255914688,15
6524,IFITM2,CDK2AP2,MRC1,0.0067766886204481125,24
6525,GABARAP,PLP2,KRT7,-0.0009867418557405472,22
6526,CHCHD2,PIGR,AURKB,0.00014663963520433754,22
6527,PPP1R15A,SLC25A5,SIK1,-0.012009218335151672,20
6528,DNAJA1,ID2,REP15,0.03270738571882248,26
6529,EID1,FABP1,SAMD10,-0.017838910222053528,19
6530,TMBIM6,COL15A1,AGAP2,-0.01543864794075489,16
6531,GPX4,CYCS,AURKB,0.028081033378839493,25
6532,TXNIP,PIGR,REP15,-0.12137190997600555,7
6533,TMBIM6,FABP1,SIK1,-0.005724684800952673,19
6534,EID1,SLC25A5,AGAP2,-0.008960342034697533,21
6535,TXNIP,FABP1,CDK5R1,-0.11982573568820953,7
6536,PPP1R15A,IL11RA,KRT7,-0.023519940674304962,16
6537,TMBIM6,IL32,AURKB,0.04185975342988968,29
6538,GABARAP,CDK2AP2,AURKB,0.009393911808729172,30
6539,HNRNPK,PIGR,H4C11,-0.014069030992686749,21
6540,GABARAP,CYCS,MRC1,0.018387023359537125,30
6541,TXNIP,IL32,ZNF671,-0.09647824615240097,12
6542,TMBIM6,APRT,MRC1,0.022632095962762833,26
6543,LGALS3,CDK2AP2,SIK1,0.0161701999604702,25
6544,BTG2,FABP1,MRC1,-0.06322912871837616,11
6545,HNRNPK,FABP1,UBASH3A,-0.03114653378725052,17
6546,CHCHD2,IL32,MRC1,0.0361671969294548,33
6547,EID1,SFRP4,LINC00954,0.014843577519059181,27
6548,LGALS3,COL15A1,H4C11,-0.02849150076508522,17
6549,TXNIP,HSPD1,IGKV2D-28,-0.09643856436014175,11
6550,TMBIM6,APRT,IL18RAP,0.020971644669771194,29
6551,COX6A1,TUFM,UBASH3A,0.013750962913036346,24
6552,HNRNPK,TUFM,CDK5R1,-0.005637341178953648,19
6553,LGALS3,CDK2AP2,SAMD10,0.012922318652272224,25
6554,TXNIP,IL32,IGKV2D-28,-0.09366438537836075,12
6555,HNRNPK,PIGR,CDK5R1,-0.013376131653785706,21
6556,HNRNPK,ID2,ZNF671,7.897219620645046e-05,22
6557,CHCHD2,PLP2,KLRF1,-0.0035740963649004698,20
6558,IFITM2,TUFM,ZNF671,0.013270286843180656,25
6559,COX6A1,FABP1,LINC00954,-0.014587679877877235,20
6560,GABARAP,SFRP4,KLRF1,0.019002236425876617,29
6561,HNRNPK,APRT,IGKV2D-28,0.0026513459160923958,23
6562,TXNIP,IL32,REP15,-0.09701062738895416,12
6563,HNRNPK,IL11RA,AGAP2,-0.03444192558526993,15
6564,TMBIM6,COL15A1,CDK5R1,-0.016326142475008965,17
6565,BTF3,CDK2AP2,H4C11,-0.0004065987595822662,22
6566,BTG2,PLP2,AURKB,-0.04057843238115311,12
6567,DNAJA1,SLC25A5,SAMD10,0.014761030673980713,25
6568,BTG2,IL11RA,IL18RAP,-0.04909532517194748,10
6569,GPX4,PIGR,ZNF671,0.00017632037634029984,22
6570,DNAJA1,APRT,REP15,0.033691488206386566,29
6571,GPX4,CYCS,CDK5R1,0.027331199496984482,25
6572,COX6A1,HSPD1,AGAP2,0.019887249916791916,28
6573,TMBIM6,APRT,KLRF1,0.020756416022777557,27
6574,PPP1R15A,IL32,ZNF671,0.034915417432785034,29
6575,HNRNPK,SLC25A5,SIK1,-0.009798210114240646,19
6576,PPP1R15A,CYCS,KRT7,-0.004232791252434254,20
6577,LGALS3,SFRP4,IL18RAP,0.017176553606987,25
6578,TMBIM6,HSPD1,SAMD10,0.01063811406493187,25
6579,TXNIP,ID2,KLRF1,-0.11683329939842224,11
6580,CHCHD2,IL11RA,CDK5R1,-0.006408408284187317,21
6581,GABARAP,IL32,LINC00954,0.05354340746998787,31
6582,TXNIP,JTB,UBASH3A,-0.09166937321424484,12
6583,DNAJA1,JTB,UBASH3A,0.02197066694498062,25
6584,BTF3,FABP1,UBASH3A,-0.005155751947313547,21
6585,TMBIM6,SLC25A5,IL18RAP,0.010698397643864155,25
6586,TMBIM6,JTB,LINC00954,0.009425872936844826,26
6587,LGALS3,ID2,CDK5R1,-0.018976446241140366,21
6588,HNRNPK,CYCS,IL18RAP,-0.00328942877240479,19
6589,CHCHD2,HSPD1,KLRF1,0.006914195604622364,24
6590,GABARAP,APRT,ZNF671,0.02120170183479786,28
6591,CHCHD2,ID2,KLRF1,0.0023009737487882376,23
6592,CHCHD2,PLP2,UBASH3A,-0.0039610909298062325,20
6593,CHCHD2,PIGR,AGAP2,-0.00022115914907772094,21
6594,GABARAP,TUFM,AURKB,0.015015020966529846,31
6595,GSTP1,HSPD1,KRT7,0.028829922899603844,29
6596,EID1,PIGR,KRT7,-0.01032252050936222,21
6597,GSTP1,TUFM,MRC1,0.006634625140577555,24
6598,IFITM2,PLP2,AURKB,0.01782047189772129,25
6599,PPP1R15A,CYCS,H4C11,-0.003144762944430113,20
6600,TMBIM6,IL32,H4C11,0.04210161417722702,29
6601,IFITM2,SFRP4,AGAP2,0.027883470058441162,27
6602,BTG2,TUFM,IGKV2D-28,-0.02636365406215191,16
6603,DNAJA1,JTB,H4C11,0.021880939602851868,26
6604,CHCHD2,APRT,SIK1,0.015607515349984169,27
6605,GSTP1,ID2,CDK5R1,0.0275145061314106,28
6606,IFITM2,PLP2,KLRF1,0.01785934343934059,25
6607,TMBIM6,IL32,SAMD10,0.0423668771982193,29
6608,IFITM2,CYCS,KLRF1,0.01994364708662033,28
6609,BTG2,CDK2AP2,IL18RAP,-0.015153427608311176,19
6610,GSTP1,FABP1,H4C11,-0.0023590042255818844,21
6611,HNRNPK,PIGR,H4C11,-0.014069030992686749,21
6612,BTG2,FABP1,SIK1,-0.06595281511545181,12
6613,EID1,TUFM,MRC1,-0.001593350083567202,21
6614,HNRNPK,ID2,IL18RAP,0.0001575392670929432,22
6615,COX6A1,COL15A1,MRC1,-0.01653933711349964,21
6616,TMBIM6,HSPD1,IL18RAP,0.01126481220126152,25
6617,LGALS3,HSPD1,ZNF671,0.010955979116261005,23
6618,GSTP1,CYCS,SIK1,0.020629169419407845,28
6619,DNAJA1,COL15A1,LINC00954,-0.004221647046506405,20
6620,BTF3,HSPD1,SAMD10,0.008278252556920052,27
6621,BTG2,IL32,H4C11,-0.011262455955147743,20
6622,BTF3,CDK2AP2,SIK1,-0.0018285359255969524,21
6623,BTG2,FABP1,UBASH3A,-0.06147994473576546,11
6624,DNAJA1,IL32,H4C11,0.051607489585876465,34
6625,EID1,CYCS,REP15,-0.00540104229003191,21
6626,DNAJA1,SFRP4,AURKB,0.03687843680381775,27
6627,GPX4,FABP1,KLRF1,-0.0011798321502283216,22
6628,CHCHD2,HSPD1,H4C11,0.01009565219283104,25
6629,BTG2,ID2,AGAP2,-0.03387460857629776,15
6630,GSTP1,SFRP4,AURKB,0.02079889550805092,28
6631,GABARAP,JTB,IL18RAP,0.030160091817378998,31
6632,CHCHD2,FABP1,ZNF671,-0.0004052340518683195,21
6633,GPX4,TUFM,REP15,0.013222575187683105,27
6634,TXNIP,TUFM,MRC1,-0.11416679620742798,7
6635,GPX4,SLC25A5,SAMD10,0.02946888655424118,27
6636,IFITM2,CYCS,KLRF1,0.01994364708662033,28
6637,BTF3,HSPD1,SAMD10,0.008278252556920052,27
6638,DNAJA1,SFRP4,CDK5R1,0.038020942360162735,26
6639,COX6A1,COL15A1,AGAP2,-0.00727060018107295,21
6640,DNAJA1,JTB,H4C11,0.021880939602851868,26
6641,GSTP1,PIGR,SIK1,0.010455786250531673,24
6642,LGALS3,FABP1,AGAP2,-0.05687852203845978,16
6643,EID1,IL32,IL18RAP,0.019694093614816666,31
6644,PPP1R15A,CYCS,AURKB,-0.0037551820278167725,20
6645,IFITM2,APRT,IGKV2D-28,0.028673993423581123,28
6646,BTF3,IL32,REP15,0.06126287579536438,31
6647,GABARAP,IL11RA,REP15,-0.010394619777798653,19
6648,IFITM2,IL11RA,IGKV2D-28,-0.002469270955771208,22
6649,DNAJA1,PIGR,UBASH3A,0.025258131325244904,24
6650,CHCHD2,ID2,IGKV2D-28,0.003368253819644451,23
6651,IFITM2,PLP2,IGKV2D-28,0.017898602411150932,25
6652,LGALS3,IL32,REP15,0.01882886327803135,27
6653,CHCHD2,CDK2AP2,H4C11,0.011553809978067875,25
6654,PPP1R15A,JTB,H4C11,-0.003454728750512004,22
6655,GPX4,FABP1,UBASH3A,-0.0011337419273331761,22
6656,BTG2,ID2,AURKB,-0.03229854255914688,15
6657,CHCHD2,IL32,LINC00954,0.03584415093064308,34
6658,CHCHD2,CYCS,KRT7,0.01521608792245388,28
6659,BTF3,JTB,IL18RAP,0.005195016041398048,26
6660,EID1,CYCS,KLRF1,-0.004850995726883411,21
6661,GSTP1,FABP1,IGKV2D-28,-0.0008157553384080529,21
6662,CHCHD2,IL32,AGAP2,0.03606563061475754,33
6663,BTG2,CDK2AP2,REP15,-0.009912791661918163,19
6664,EID1,SLC25A5,REP15,-0.012422246858477592,21
6665,CHCHD2,CDK2AP2,AURKB,0.007096839137375355,24
6666,COX6A1,CYCS,AGAP2,0.013057206757366657,27
6667,EID1,PIGR,KLRF1,-0.009532266296446323,21
6668,LGALS3,TUFM,KLRF1,-0.005256116855889559,20
6669,GABARAP,HSPD1,H4C11,0.021273594349622726,30
6670,BTF3,SFRP4,AURKB,0.009629437699913979,24
6671,BTG2,CYCS,LINC00954,-0.023407626897096634,17
6672,PPP1R15A,PIGR,KRT7,-0.025524601340293884,19
6673,TMBIM6,TUFM,MRC1,0.00785043090581894,24
6674,HNRNPK,APRT,UBASH3A,0.00257331901229918,23
6675,GABARAP,ID2,UBASH3A,0.01695699617266655,28
6676,COX6A1,TUFM,UBASH3A,0.013750962913036346,24
6677,EID1,ID2,MRC1,-0.004060443490743637,21
6678,LGALS3,SFRP4,IGKV2D-28,0.017702780663967133,25
6679,CHCHD2,COL15A1,MRC1,-0.017697902396321297,17
6680,PPP1R15A,CDK2AP2,REP15,-0.00901455245912075,20
6681,PPP1R15A,APRT,H4C11,0.0023190518841147423,24
6682,EID1,COL15A1,UBASH3A,-0.04373907297849655,14
6683,BTF3,COL15A1,SIK1,-0.017769426107406616,16
6684,TXNIP,COL15A1,IL18RAP,-0.13843555748462677,6
6685,DNAJA1,COL15A1,KLRF1,-0.005820939317345619,19
6686,TXNIP,TUFM,IGKV2D-28,-0.11139829456806183,7
6687,PPP1R15A,JTB,KRT7,-0.007366535719484091,19
6688,TXNIP,FABP1,SAMD10,-0.12102232873439789,6
6689,HNRNPK,TUFM,MRC1,-0.004235043190419674,20
6690,BTG2,FABP1,MRC1,-0.06322912871837616,11
6691,TMBIM6,CYCS,MRC1,-0.0031096742022782564,21
6692,EID1,SFRP4,AURKB,0.013558370992541313,26
6693,BTF3,PLP2,MRC1,-0.004738179966807365,21
6694,CHCHD2,FABP1,AGAP2,0.00027314992621541023,23
6695,PPP1R15A,SFRP4,SAMD10,0.01014191098511219,25
6696,TXNIP,HSPD1,AURKB,-0.09685079008340836,11
6697,BTF3,PIGR,MRC1,-0.0018555348506197333,21
6698,LGALS3,CDK2AP2,LINC00954,0.012986458837985992,25
6699,BTG2,ID2,AURKB,-0.03229854255914688,15
6700,EID1,IL11RA,H4C11,-0.02967698685824871,16
6701,BTF3,JTB,SAMD10,0.001697913627140224,25
6702,EID1,HSPD1,SAMD10,-0.008706498891115189,21
6703,TXNIP,PLP2,KLRF1,-0.11108672618865967,4
6704,IFITM2,SFRP4,SIK1,0.03199470043182373,27
6705,GPX4,IL11RA,SAMD10,-0.007464230060577393,20
6706,BTG2,APRT,SIK1,-0.024779072031378746,19
6707,HNRNPK,CDK2AP2,MRC1,-0.00586980814114213,21
6708,COX6A1,COL15A1,IL18RAP,-0.009305493906140327,21
6709,BTG2,HSPD1,AGAP2,-0.03693867474794388,16
6710,TXNIP,COL15A1,CDK5R1,-0.1390487104654312,6
6711,GPX4,PLP2,ZNF671,0.013913760893046856,25
6712,COX6A1,FABP1,KLRF1,-0.016103774309158325,20
6713,GABARAP,HSPD1,REP15,0.01663973554968834,30
6714,IFITM2,ID2,IL18RAP,0.008918910287320614,23
6715,GPX4,APRT,SAMD10,0.02565043978393078,30
6716,DNAJA1,PLP2,AGAP2,0.00862923264503479,27
6717,EID1,ID2,LINC00954,-0.0033409330062568188,21
6718,GSTP1,IL32,SIK1,0.03886505216360092,33
6719,TMBIM6,IL32,AURKB,0.04185975342988968,29
6720,IFITM2,TUFM,IGKV2D-28,0.00959792360663414,25
6721,GPX4,CYCS,KLRF1,0.02781357429921627,25
6722,IFITM2,TUFM,AURKB,0.009881982579827309,25
6723,LGALS3,JTB,ZNF671,0.003325115889310837,22
6724,BTG2,PLP2,AGAP2,-0.041276343166828156,12
6725,LGALS3,TUFM,LINC00954,-0.005067723803222179,20
6726,HNRNPK,ID2,IGKV2D-28,-0.0029419981874525547,21
6727,IFITM2,SFRP4,SIK1,0.03199470043182373,27
6728,LGALS3,CYCS,SAMD10,-0.003970256075263023,20
6729,TXNIP,IL32,REP15,-0.09701062738895416,12
6730,DNAJA1,PLP2,H4C11,0.011938713490962982,26
6731,BTF3,SFRP4,CDK5R1,0.014568769372999668,24
6732,EID1,SFRP4,H4C11,0.015162205323576927,26
6733,CHCHD2,FABP1,H4C11,-0.0009746204596012831,21
6734,BTG2,PLP2,MRC1,-0.041608959436416626,12
6735,TMBIM6,HSPD1,KLRF1,0.011119269765913486,25
6736,LGALS3,PLP2,AURKB,-0.019473079591989517,21
6737,BTG2,HSPD1,KLRF1,-0.03748459741473198,16
6738,GPX4,IL32,SIK1,0.05622655898332596,32
6739,DNAJA1,JTB,CDK5R1,0.021802658215165138,24
6740,BTF3,APRT,AGAP2,0.016874726861715317,28
6741,DNAJA1,PIGR,REP15,0.025525469332933426,24
6742,CHCHD2,FABP1,CDK5R1,-0.0005957998801022768,22
6743,TXNIP,SFRP4,LINC00954,-0.10558675229549408,12
6744,BTG2,IL11RA,ZNF671,-0.06052223592996597,10
6745,HNRNPK,CDK2AP2,UBASH3A,-0.005654844455420971,21
6746,GPX4,IL32,IL18RAP,0.05572405830025673,32
6747,GABARAP,FABP1,REP15,0.0029817468021064997,24
6748,BTG2,CYCS,AURKB,-0.023496408015489578,16
6749,BTF3,IL32,SIK1,0.05938373878598213,32
6750,GABARAP,FABP1,REP15,0.0029817468021064997,24
6751,TXNIP,HSPD1,IGKV2D-28,-0.09643856436014175,11
6752,DNAJA1,CDK2AP2,MRC1,0.027278605848550797,28
6753,IFITM2,TUFM,REP15,0.011841153725981712,25
6754,COX6A1,COL15A1,MRC1,-0.01653933711349964,21
6755,TMBIM6,HSPD1,IL18RAP,0.01126481220126152,25
6756,IFITM2,JTB,AGAP2,0.008183151483535767,25
6757,LGALS3,IL32,H4C11,0.031562648713588715,28
6758,GSTP1,CDK2AP2,SIK1,0.029526274651288986,27
6759,BTG2,CDK2AP2,AGAP2,-0.014978169463574886,19
6760,TXNIP,SFRP4,ZNF671,-0.10669510066509247,12
6761,PPP1R15A,APRT,AURKB,0.0028474421706050634,24
6762,DNAJA1,TUFM,LINC00954,0.0331009142100811,27
6763,TMBIM6,ID2,KLRF1,0.010814357548952103,26
6764,BTF3,FABP1,SIK1,0.0021918867714703083,22
6765,IFITM2,IL32,SIK1,0.03145577013492584,30
6766,DNAJA1,HSPD1,KLRF1,0.03198733925819397,25
6767,LGALS3,FABP1,AGAP2,-0.05687852203845978,16
6768,DNAJA1,TUFM,IGKV2D-28,0.032913289964199066,28
6769,GSTP1,SLC25A5,UBASH3A,0.03259364143013954,26
6770,HNRNPK,SFRP4,IL18RAP,0.0055961646139621735,23
6771,PPP1R15A,IL32,IGKV2D-28,0.034812264144420624,29
6772,BTF3,IL32,KRT7,0.05513802170753479,32
6773,TMBIM6,IL32,IGKV2D-28,0.041769690811634064,29
6774,BTF3,TUFM,SIK1,0.018029920756816864,25
6775,CHCHD2,SLC25A5,UBASH3A,0.004678616300225258,27
6776,PPP1R15A,COL15A1,IGKV2D-28,-0.016785290092229843,18
6777,DNAJA1,PIGR,H4C11,0.02522961050271988,24
6778,BTG2,PIGR,LINC00954,-0.052564360201358795,13
6779,COX6A1,SLC25A5,UBASH3A,0.0006836320972070098,22
6780,GABARAP,IL32,UBASH3A,0.05091648921370506,30
6781,COX6A1,SLC25A5,REP15,-0.0012714965268969536,22
6782,BTF3,IL32,AURKB,0.05582229793071747,32
6783,IFITM2,FABP1,REP15,0.0006642676889896393,22
6784,TMBIM6,APRT,KRT7,0.021380756050348282,27
6785,IFITM2,PLP2,IGKV2D-28,0.017898602411150932,25
6786,PPP1R15A,HSPD1,KLRF1,0.00886661559343338,23
6787,LGALS3,SFRP4,MRC1,0.01004953682422638,25
6788,HNRNPK,PIGR,REP15,-0.013849475421011448,21
6789,PPP1R15A,COL15A1,ZNF671,-0.019521741196513176,18
6790,COX6A1,IL32,KLRF1,0.020669419318437576,28
6791,EID1,SFRP4,IGKV2D-28,0.014647560194134712,27
6792,BTG2,PIGR,MRC1,-0.0529172345995903,13
6793,TMBIM6,CDK2AP2,ZNF671,0.005922408774495125,24
6794,COX6A1,IL11RA,MRC1,-0.016344333067536354,19
6795,GSTP1,IL32,AGAP2,0.03899489343166351,33
6796,DNAJA1,IL32,SIK1,0.04525019973516464,32
6797,COX6A1,PLP2,KLRF1,-0.00754666980355978,19
6798,BTG2,TUFM,IGKV2D-28,-0.02636365406215191,16
6799,DNAJA1,TUFM,UBASH3A,0.03292865306138992,27
6800,COX6A1,APRT,AURKB,0.011650294065475464,23
6801,COX6A1,PIGR,ZNF671,-0.011832629330456257,21
6802,DNAJA1,APRT,KRT7,0.033513493835926056,29
6803,BTF3,IL11RA,KRT7,0.004813705570995808,23
6804,GPX4,IL11RA,ZNF671,-0.010447226464748383,20
6805,GSTP1,ID2,KLRF1,0.028461743146181107,28
6806,EID1,IL32,KLRF1,0.018122240900993347,30
6807,LGALS3,ID2,UBASH3A,-0.019233867526054382,21
6808,TXNIP,SFRP4,REP15,-0.105420783162117,12
6809,TXNIP,IL32,KLRF1,-0.09646058827638626,12
6810,HNRNPK,SLC25A5,MRC1,-0.01693723164498806,19
6811,DNAJA1,COL15A1,IGKV2D-28,-0.005927794612944126,18
6812,TXNIP,IL32,AGAP2,-0.0964876264333725,12
6813,HNRNPK,ID2,CDK5R1,0.0017533949576318264,22
6814,GSTP1,TUFM,AURKB,0.004919989034533501,24
6815,GABARAP,CYCS,SIK1,0.018996085971593857,30
6816,BTF3,CDK2AP2,IGKV2D-28,-0.003526985878124833,21
6817,EID1,COL15A1,LINC00954,-0.04375414922833443,14
6818,COX6A1,PLP2,CDK5R1,-0.006309092976152897,21
6819,COX6A1,PLP2,REP15,-0.009152691811323166,19
6820,COX6A1,PLP2,H4C11,-0.003207338275387883,20
6821,GPX4,APRT,CDK5R1,0.023699171841144562,30
6822,IFITM2,FABP1,SIK1,-0.00455547496676445,22
6823,CHCHD2,CYCS,MRC1,0.015097090974450111,28
6824,GSTP1,JTB,AURKB,0.016680536791682243,27
6825,BTG2,HSPD1,UBASH3A,-0.037082161754369736,16
6826,GPX4,CDK2AP2,IGKV2D-28,0.03042137622833252,29
6827,HNRNPK,APRT,ZNF671,0.0023279159795492887,23
6828,TMBIM6,HSPD1,KLRF1,0.011119269765913486,25
6829,BTG2,SFRP4,SAMD10,-0.024811211973428726,20
6830,GSTP1,HSPD1,REP15,0.02875617705285549,28
6831,COX6A1,CDK2AP2,KRT7,0.006203876342624426,25
6832,DNAJA1,TUFM,IGKV2D-28,0.032913289964199066,28
6833,TMBIM6,IL11RA,ZNF671,-0.0123515073210001,17
6834,EID1,PLP2,MRC1,-0.009976291097700596,21
6835,HNRNPK,JTB,AURKB,-0.005577264353632927,20
6836,LGALS3,APRT,CDK5R1,-0.0045624468475580215,21
6837,GSTP1,CDK2AP2,SIK1,0.029526274651288986,27
6838,TXNIP,IL11RA,UBASH3A,-0.13484153151512146,6
6839,GSTP1,SFRP4,SIK1,0.02107669599354267,28
6840,COX6A1,ID2,SAMD10,-0.0011557545512914658,22
6841,GABARAP,APRT,ZNF671,0.02120170183479786,28
6842,TMBIM6,CYCS,KLRF1,-0.0027532975655049086,21
6843,TMBIM6,FABP1,LINC00954,-0.00665628258138895,20
6844,GABARAP,IL11RA,LINC00954,-0.004646045621484518,21
6845,CHCHD2,HSPD1,IGKV2D-28,0.007306589744985104,24
6846,BTF3,CYCS,KRT7,0.016500920057296753,27
6847,PPP1R15A,PLP2,MRC1,-0.01972595974802971,17
6848,HNRNPK,FABP1,SIK1,-0.030327925458550453,17
6849,IFITM2,ID2,AURKB,0.009443850256502628,23
6850,HNRNPK,COL15A1,MRC1,-0.014810780063271523,20
6851,IFITM2,IL32,UBASH3A,0.034943703562021255,29
6852,GABARAP,IL11RA,KLRF1,-0.012732014991343021,19
6853,TXNIP,TUFM,MRC1,-0.11416679620742798,7
6854,EID1,APRT,H4C11,-0.005337784066796303,19
6855,TXNIP,ID2,AURKB,-0.11684657633304596,11
6856,GABARAP,IL11RA,UBASH3A,-0.008417503908276558,19
6857,GSTP1,SFRP4,IL18RAP,0.024530421942472458,29
6858,TMBIM6,CDK2AP2,SIK1,0.0027834447100758553,24
6859,COX6A1,CYCS,LINC00954,0.013338574208319187,28
6860,HNRNPK,PIGR,ZNF671,-0.013568812981247902,21
6861,BTF3,ID2,SIK1,0.0009342343546450138,22
6862,HNRNPK,JTB,UBASH3A,-0.005803442094475031,20
6863,COX6A1,APRT,AGAP2,0.013720272108912468,24
6864,TXNIP,SLC25A5,SAMD10,-0.08944805711507797,9
6865,TMBIM6,FABP1,KRT7,-0.006016796920448542,20
6866,BTG2,COL15A1,AGAP2,-0.06657637655735016,14
6867,IFITM2,ID2,IL18RAP,0.008918910287320614,23
6868,TMBIM6,APRT,CDK5R1,0.022530244663357735,27
6869,GPX4,SLC25A5,AURKB,0.029884658753871918,27
6870,CHCHD2,HSPD1,CDK5R1,0.006945583503693342,24
6871,EID1,IL32,ZNF671,0.018741073086857796,30
6872,COX6A1,COL15A1,SAMD10,-0.009116841480135918,21
6873,GABARAP,IL32,CDK5R1,0.05389220640063286,30
6874,CHCHD2,TUFM,H4C11,0.01835339516401291,26
6875,DNAJA1,COL15A1,SIK1,-0.0058288066647946835,19
6876,COX6A1,IL11RA,LINC00954,-0.01438853144645691,19
6877,CHCHD2,TUFM,KRT7,0.011652806773781776,26
6878,LGALS3,CYCS,MRC1,-0.0041488721035420895,21
6879,EID1,SFRP4,IL18RAP,0.014699671417474747,26
6880,GPX4,APRT,ZNF671,0.023418661206960678,31
6881,IFITM2,SLC25A5,KLRF1,0.022543147206306458,27
6882,HNRNPK,PIGR,H4C11,-0.014069030992686749,21
6883,HNRNPK,SFRP4,REP15,0.0040857624262571335,22
6884,COX6A1,JTB,AGAP2,0.009761788882315159,24
6885,TMBIM6,FABP1,IL18RAP,-0.005821072030812502,20
6886,TXNIP,CYCS,ZNF671,-0.10466405749320984,9
6887,HNRNPK,CYCS,AURKB,-0.005979291629046202,18
6888,HNRNPK,ID2,SAMD10,0.0001749829389154911,22
6889,IFITM2,SLC25A5,KRT7,0.021726999431848526,27
6890,IFITM2,HSPD1,SIK1,0.02646520733833313,27
6891,HNRNPK,HSPD1,REP15,0.003249584697186947,24
6892,EID1,TUFM,UBASH3A,1.4675373677164316e-05,22
6893,COX6A1,SLC25A5,UBASH3A,0.0006836320972070098,22
6894,DNAJA1,APRT,LINC00954,0.034742750227451324,28
6895,DNAJA1,IL32,H4C11,0.051607489585876465,34
6896,GPX4,CYCS,IGKV2D-28,0.030463963747024536,25
6897,CHCHD2,PLP2,REP15,-0.00435615936294198,20
6898,TMBIM6,PLP2,AURKB,0.002973896684125066,23
6899,TXNIP,JTB,ZNF671,-0.09706680476665497,12
6900,BTF3,IL11RA,IGKV2D-28,0.008407138288021088,24
6901,TMBIM6,TUFM,ZNF671,0.0055935378186404705,24
6902,IFITM2,FABP1,ZNF671,-0.001803406747058034,22
6903,IFITM2,COL15A1,CDK5R1,-0.02501034177839756,20
6904,TXNIP,SLC25A5,IL18RAP,-0.09035253524780273,9
6905,GSTP1,HSPD1,AGAP2,0.030514921993017197,29
6906,GABARAP,IL32,SIK1,0.05157744884490967,30
6907,PPP1R15A,COL15A1,AGAP2,-0.016935713589191437,18
6908,DNAJA1,APRT,UBASH3A,0.03381578251719475,28
6909,CHCHD2,PLP2,MRC1,-0.0038146700244396925,21
6910,TXNIP,SFRP4,MRC1,-0.10566642135381699,12
6911,CHCHD2,PIGR,AGAP2,-0.00022115914907772094,21
6912,GSTP1,SFRP4,IGKV2D-28,0.02052617445588112,28
6913,DNAJA1,FABP1,AGAP2,0.011808527633547783,23
6914,IFITM2,IL11RA,UBASH3A,0.0009510044474154711,22
6915,IFITM2,CYCS,KLRF1,0.01994364708662033,28
6916,CHCHD2,ID2,H4C11,0.001885026809759438,23
6917,DNAJA1,CDK2AP2,IGKV2D-28,0.027369264513254166,28
6918,IFITM2,APRT,UBASH3A,0.023786768317222595,28
6919,PPP1R15A,PIGR,IL18RAP,-0.014316976070404053,21
6920,IFITM2,CYCS,SAMD10,0.019475381821393967,28
6921,PPP1R15A,JTB,LINC00954,-0.004991869907826185,20
6922,GPX4,SLC25A5,REP15,0.02887401171028614,27
6923,LGALS3,SLC25A5,ZNF671,0.006852298509329557,23
6924,GABARAP,FABP1,LINC00954,0.0017008997965604067,24
6925,GPX4,CDK2AP2,H4C11,0.03046552464365959,29
6926,IFITM2,SLC25A5,AGAP2,0.02349456027150154,27
6927,PPP1R15A,ID2,SIK1,-0.010022708214819431,22
6928,LGALS3,HSPD1,SIK1,0.0056792087852954865,22
6929,DNAJA1,TUFM,SIK1,0.026396844536066055,27
6930,BTG2,HSPD1,ZNF671,-0.03928844630718231,17
6931,GABARAP,CDK2AP2,KLRF1,0.009310971945524216,30
6932,TXNIP,COL15A1,IL18RAP,-0.13843555748462677,6
6933,HNRNPK,SLC25A5,IGKV2D-28,-0.009114207699894905,19
6934,LGALS3,ID2,SIK1,-0.020152494311332703,21
6935,PPP1R15A,APRT,IGKV2D-28,0.0031373510137200356,24
6936,BTG2,IL32,REP15,-0.011556113138794899,20
6937,COX6A1,PLP2,KRT7,-0.007595639675855637,19
6938,GSTP1,ID2,LINC00954,0.031659871339797974,28
6939,DNAJA1,APRT,AURKB,0.033720117062330246,28
6940,EID1,SFRP4,SAMD10,0.01441849023103714,25
6941,HNRNPK,IL11RA,SIK1,-0.03605295717716217,16
6942,GABARAP,ID2,IL18RAP,0.02100636437535286,28
6943,TMBIM6,SLC25A5,AGAP2,0.01160670630633831,26
6944,DNAJA1,TUFM,AURKB,0.032371751964092255,27
6945,LGALS3,APRT,IL18RAP,-0.0034642822574824095,21
6946,BTF3,IL11RA,H4C11,0.00614861398935318,23
6947,GABARAP,IL32,SAMD10,0.051391489803791046,31
6948,COX6A1,TUFM,SIK1,0.01624508760869503,24
6949,IFITM2,PIGR,KRT7,0.012829184532165527,23
6950,TXNIP,SFRP4,MRC1,-0.10566642135381699,12
6951,HNRNPK,ID2,H4C11,0.008578338660299778,23
6952,GSTP1,JTB,LINC00954,0.015031110495328903,27
6953,CHCHD2,IL32,UBASH3A,0.03673858195543289,33
6954,IFITM2,IL32,IGKV2D-28,0.032688822597265244,29
6955,EID1,PLP2,IL18RAP,-0.009503564797341824,21
6956,EID1,FABP1,AGAP2,-0.01980031654238701,19
6957,BTG2,APRT,REP15,-0.021677134558558464,19
6958,DNAJA1,IL11RA,AGAP2,0.014597561210393906,26
6959,IFITM2,PLP2,REP15,0.018077708780765533,25
6960,TMBIM6,HSPD1,AGAP2,0.009009163826704025,25
6961,IFITM2,FABP1,KRT7,-0.0005643547046929598,22
6962,IFITM2,TUFM,IGKV2D-28,0.00959792360663414,25
6963,IFITM2,ID2,SIK1,0.008905111812055111,23
6964,GABARAP,SLC25A5,AGAP2,0.02346907928586006,25
6965,GSTP1,JTB,MRC1,0.014439651742577553,27
6966,IFITM2,SLC25A5,AGAP2,0.02349456027150154,27
6967,BTG2,APRT,KRT7,-0.0250132754445076,19
6968,IFITM2,ID2,SIK1,0.008905111812055111,23
6969,TXNIP,PLP2,IL18RAP,-0.11202441155910492,4
6970,TXNIP,APRT,ZNF671,-0.09242680668830872,9
6971,GSTP1,SLC25A5,IL18RAP,0.038007963448762894,27
6972,GSTP1,PIGR,SIK1,0.010455786250531673,24
6973,HNRNPK,CYCS,LINC00954,-0.00612901384010911,20
6974,COX6A1,CYCS,ZNF671,0.01227994542568922,27
6975,LGALS3,SFRP4,SIK1,0.017774583771824837,24
6976,HNRNPK,IL32,CDK5R1,0.033290620893239975,27
6977,DNAJA1,SLC25A5,SIK1,0.02277127467095852,26
6978,HNRNPK,JTB,REP15,-0.005158280022442341,20
6979,HNRNPK,CYCS,UBASH3A,-0.00563450064510107,19
6980,BTG2,PIGR,KRT7,-0.05354961380362511,13
6981,DNAJA1,CDK2AP2,IL18RAP,0.03397674113512039,29
6982,PPP1R15A,JTB,IL18RAP,-0.004608875140547752,21
6983,GPX4,COL15A1,MRC1,-0.0019938559271395206,22
6984,HNRNPK,ID2,CDK5R1,0.0017533949576318264,22
6985,EID1,CDK2AP2,IGKV2D-28,-0.0006262387032620609,22
6986,BTG2,HSPD1,AGAP2,-0.03693867474794388,16
6987,GABARAP,SFRP4,UBASH3A,0.02128382958471775,29
6988,TMBIM6,ID2,H4C11,0.012616623193025589,26
6989,GPX4,COL15A1,CDK5R1,-0.002012688899412751,22
6990,BTG2,APRT,UBASH3A,-0.025060908868908882,19
6991,DNAJA1,TUFM,LINC00954,0.0331009142100811,27
6992,BTF3,ID2,AGAP2,-0.0007874377770349383,22
6993,TMBIM6,IL32,AGAP2,0.03956037014722824,29
6994,TMBIM6,IL11RA,KRT7,-0.01460399478673935,18
6995,HNRNPK,FABP1,KLRF1,-0.03052193857729435,17
6996,GSTP1,JTB,SIK1,0.016068819910287857,25
6997,COX6A1,IL11RA,AGAP2,-0.01739775575697422,19
6998,TMBIM6,COL15A1,AGAP2,-0.01543864794075489,16
6999,TMBIM6,IL11RA,ZNF671,-0.0123515073210001,17
7000,IFITM2,PIGR,UBASH3A,0.012881364673376083,23
7001,HNRNPK,PIGR,UBASH3A,-0.012654973194003105,21
7002,IFITM2,IL32,IGKV2D-28,0.032688822597265244,29
7003,GPX4,TUFM,H4C11,0.012954756617546082,27
7004,BTF3,IL32,MRC1,0.05671576410531998,32
7005,GPX4,HSPD1,AURKB,0.037647150456905365,28
7006,LGALS3,FABP1,ZNF671,-0.06784167885780334,16
7007,HNRNPK,PLP2,REP15,-0.019536737352609634,19
7008,BTF3,IL11RA,REP15,0.008319739252328873,23
7009,COX6A1,ID2,KLRF1,-0.0010308005148544908,22
7010,PPP1R15A,TUFM,SIK1,0.0009424383752048016,22
7011,DNAJA1,TUFM,REP15,0.03325287997722626,27
7012,LGALS3,IL11RA,UBASH3A,-0.02683018147945404,15
7013,IFITM2,PIGR,MRC1,0.012462614104151726,23
7014,GPX4,ID2,SIK1,0.02012268826365471,26
7015,PPP1R15A,CDK2AP2,LINC00954,-0.010435368865728378,20
7016,GABARAP,CYCS,AGAP2,0.02206973358988762,31
7017,BTG2,CDK2AP2,ZNF671,-0.020235206931829453,18
7018,BTG2,CYCS,REP15,-0.02099648118019104,17
7019,EID1,HSPD1,REP15,-0.01173271331936121,20
7020,TXNIP,COL15A1,MRC1,-0.13852933049201965,6
7021,TXNIP,HSPD1,AGAP2,-0.09518200159072876,11
7022,GABARAP,PLP2,REP15,0.003661269089207053,23
7023,GABARAP,TUFM,KRT7,0.01501696277409792,31
7024,IFITM2,IL11RA,ZNF671,-0.00015830020129214972,22
7025,BTF3,IL11RA,IGKV2D-28,0.008407138288021088,24
7026,TMBIM6,FABP1,SIK1,-0.005724684800952673,19
7027,BTF3,ID2,AURKB,0.0004608461167663336,22
7028,BTG2,TUFM,KLRF1,-0.02644333615899086,16
7029,PPP1R15A,COL15A1,UBASH3A,-0.01824113167822361,18
7030,GSTP1,CYCS,LINC00954,0.020242098718881607,28
7031,PPP1R15A,JTB,H4C11,-0.003454728750512004,22
7032,TXNIP,ID2,IGKV2D-28,-0.11214900016784668,11
7033,DNAJA1,IL32,REP15,0.044016994535923004,34
7034,TMBIM6,PLP2,H4C11,0.004078119061887264,23
7035,TXNIP,CYCS,LINC00954,-0.09656643867492676,9
7036,CHCHD2,ID2,ZNF671,0.002766168676316738,24
7037,DNAJA1,COL15A1,SIK1,-0.0058288066647946835,19
7038,TMBIM6,CYCS,IL18RAP,0.007576297037303448,22
7039,BTG2,PLP2,CDK5R1,-0.039015933871269226,12
7040,BTG2,PLP2,MRC1,-0.041608959436416626,12
7041,TXNIP,SLC25A5,KRT7,-0.08975155651569366,9
7042,HNRNPK,TUFM,REP15,-0.0029068237636238337,20
7043,COX6A1,APRT,H4C11,0.013463160954415798,24
7044,COX6A1,FABP1,MRC1,-0.01598631963133812,19
7045,BTG2,IL32,SIK1,-0.012561053037643433,20
7046,GSTP1,PLP2,UBASH3A,-0.0011695773573592305,21
7047,TXNIP,SLC25A5,SAMD10,-0.08944805711507797,9
7048,PPP1R15A,SLC25A5,KLRF1,-0.011682378128170967,20
7049,HNRNPK,COL15A1,SIK1,-0.014300242997705936,20
7050,IFITM2,APRT,MRC1,0.022110529243946075,27
7051,PPP1R15A,IL11RA,REP15,-0.02091946080327034,16
7052,GABARAP,IL32,IGKV2D-28,0.05080213397741318,30
7053,CHCHD2,ID2,REP15,0.002046718494966626,23
7054,EID1,FABP1,SIK1,-0.020450051873922348,19
7055,GSTP1,PLP2,IGKV2D-28,-0.0011818479979410768,21
7056,BTG2,TUFM,AGAP2,-0.024976052343845367,16
7057,CHCHD2,PLP2,H4C11,-0.0015888127963989973,19
7058,TXNIP,CYCS,AURKB,-0.10064031183719635,9
7059,HNRNPK,COL15A1,IGKV2D-28,-0.013704651035368443,20
7060,COX6A1,SLC25A5,IGKV2D-28,0.0005978600820526481,22
7061,PPP1R15A,SLC25A5,SAMD10,-0.014375153928995132,20
7062,GABARAP,TUFM,ZNF671,0.012101845815777779,30
7063,LGALS3,CYCS,MRC1,-0.0041488721035420895,21
7064,IFITM2,ID2,ZNF671,0.012746660970151424,23
7065,COX6A1,TUFM,IL18RAP,0.012878647074103355,24
7066,TXNIP,IL11RA,MRC1,-0.1353694498538971,6
7067,COX6A1,SLC25A5,AGAP2,-0.0013486328534781933,21
7068,CHCHD2,JTB,CDK5R1,0.014871727675199509,25
7069,LGALS3,CDK2AP2,AURKB,0.013224363327026367,25
7070,HNRNPK,PIGR,IGKV2D-28,-0.012211424298584461,21
7071,GABARAP,HSPD1,SIK1,0.023726120591163635,30
7072,GABARAP,ID2,IL18RAP,0.02100636437535286,28
7073,GPX4,PLP2,UBASH3A,0.012909144163131714,25
7074,BTF3,JTB,KRT7,0.0025656376965343952,24
7075,EID1,SLC25A5,AGAP2,-0.008960342034697533,21
7076,EID1,ID2,ZNF671,-0.0009361093398183584,22
7077,GPX4,FABP1,H4C11,-0.0029050325974822044,22
7078,IFITM2,HSPD1,ZNF671,0.02848835289478302,28
7079,GSTP1,IL11RA,H4C11,0.002488014753907919,22
7080,IFITM2,TUFM,IGKV2D-28,0.00959792360663414,25
7081,TXNIP,HSPD1,IGKV2D-28,-0.09643856436014175,11
7082,IFITM2,IL32,AURKB,0.032158929854631424,29
7083,EID1,IL32,LINC00954,0.019692525267601013,30
7084,TMBIM6,JTB,IGKV2D-28,0.009504081681370735,26
7085,PPP1R15A,TUFM,KLRF1,-0.001541932113468647,22
7086,BTG2,IL11RA,CDK5R1,-0.04884494096040726,10
7087,BTG2,SFRP4,MRC1,-0.022289566695690155,19
7088,IFITM2,CDK2AP2,IGKV2D-28,0.01012331061065197,23
7089,BTG2,CYCS,IL18RAP,-0.022875547409057617,16
7090,TMBIM6,FABP1,REP15,-0.009591016918420792,20
7091,TXNIP,APRT,SAMD10,-0.09303675591945648,8
7092,DNAJA1,IL32,IL18RAP,0.04539789259433746,34
7093,GPX4,CYCS,REP15,0.027543533593416214,25
7094,EID1,JTB,MRC1,0.00012152839917689562,22
7095,TMBIM6,SFRP4,ZNF671,0.006753113120794296,24
7096,GPX4,JTB,SAMD10,0.02825576812028885,29
7097,COX6A1,IL32,AURKB,0.020502636209130287,28
7098,IFITM2,HSPD1,ZNF671,0.02848835289478302,28
7099,BTG2,PIGR,KLRF1,-0.052762605249881744,13
7100,BTF3,COL15A1,ZNF671,-0.02712862752377987,17
7101,LGALS3,HSPD1,IGKV2D-28,0.010130360722541809,23
7102,COX6A1,PIGR,MRC1,-0.008587202988564968,21
7103,TXNIP,JTB,REP15,-0.0934600830078125,13
7104,HNRNPK,SFRP4,AURKB,0.003583825659006834,22
7105,PPP1R15A,JTB,ZNF671,-0.008449778892099857,20
7106,TMBIM6,PLP2,IGKV2D-28,0.002829788951203227,23
7107,HNRNPK,TUFM,IGKV2D-28,-0.005643986165523529,19
7108,GSTP1,SFRP4,SAMD10,0.015520947054028511,28
7109,TMBIM6,FABP1,UBASH3A,-0.005795921199023724,20
7110,GSTP1,SLC25A5,KLRF1,0.032138075679540634,26
7111,CHCHD2,ID2,CDK5R1,0.0004331112722866237,22
7112,GABARAP,CYCS,MRC1,0.018387023359537125,30
7113,BTF3,APRT,CDK5R1,0.017928346991539,28
7114,GABARAP,IL32,H4C11,0.05348636955022812,31
7115,DNAJA1,SLC25A5,KLRF1,0.020656440407037735,26
7116,COX6A1,PIGR,AURKB,-0.011525352485477924,21
7117,LGALS3,IL32,H4C11,0.031562648713588715,28
7118,TXNIP,IL11RA,AURKB,-0.13415315747261047,6
7119,IFITM2,IL11RA,LINC00954,0.0005268009845167398,22
7120,GABARAP,CDK2AP2,ZNF671,0.006630474701523781,29
7121,COX6A1,IL11RA,KRT7,-0.016305286437273026,19
7122,BTF3,PIGR,ZNF671,-0.0031765573658049107,20
7123,GPX4,CYCS,AURKB,0.028081033378839493,25
7124,CHCHD2,COL15A1,AGAP2,-0.014265038073062897,18
7125,PPP1R15A,CYCS,KLRF1,-0.0036607738584280014,20
7126,CHCHD2,PLP2,ZNF671,-0.00526060163974762,20
7127,EID1,PLP2,IGKV2D-28,-0.012637456879019737,21
7128,PPP1R15A,SFRP4,KRT7,0.013550616800785065,25
7129,DNAJA1,COL15A1,CDK5R1,-0.005831304471939802,19
7130,HNRNPK,ID2,UBASH3A,-5.9304991737008095e-05,22
7131,BTF3,SLC25A5,LINC00954,0.014823236502707005,27
7132,EID1,APRT,UBASH3A,-0.00435705715790391,18
7133,IFITM2,ID2,KLRF1,0.008904598653316498,23
7134,GABARAP,ID2,SAMD10,0.019185923039913177,26
7135,COX6A1,CDK2AP2,KLRF1,0.007038428448140621,24
7136,BTF3,SLC25A5,AURKB,0.015184272080659866,26
7137,LGALS3,IL32,AGAP2,0.021289989352226257,28
7138,TXNIP,IL11RA,AGAP2,-0.13407881557941437,6
7139,EID1,CDK2AP2,IL18RAP,-0.000349674082826823,22
7140,BTF3,SFRP4,UBASH3A,0.009400654584169388,24
7141,CHCHD2,SFRP4,MRC1,0.00885948445647955,23
7142,IFITM2,TUFM,KLRF1,0.008317632600665092,25
7143,GSTP1,HSPD1,IL18RAP,0.030875857919454575,30
7144,LGALS3,FABP1,SIK1,-0.05754146724939346,16
7145,GABARAP,COL15A1,KRT7,-0.004780781455338001,21
7146,DNAJA1,FABP1,AURKB,0.011942610144615173,23
7147,BTF3,PLP2,IGKV2D-28,-0.005792549345642328,21
7148,IFITM2,CYCS,LINC00954,0.01992722973227501,28
7149,HNRNPK,IL11RA,AGAP2,-0.03444192558526993,15
7150,LGALS3,CYCS,SAMD10,-0.003970256075263023,20
7151,TXNIP,CYCS,ZNF671,-0.10466405749320984,9
7152,COX6A1,PLP2,MRC1,-0.00785555224865675,19
7153,HNRNPK,IL11RA,SAMD10,-0.0348392054438591,14
7154,GPX4,PIGR,SAMD10,0.0096646873280406,24
7155,TMBIM6,HSPD1,SIK1,0.01112782210111618,25
7156,PPP1R15A,COL15A1,UBASH3A,-0.01824113167822361,18
7157,HNRNPK,JTB,LINC00954,-0.004219478461891413,20
7158,LGALS3,COL15A1,KRT7,-0.029545241966843605,16
7159,TMBIM6,COL15A1,SIK1,-0.015469813719391823,16
7160,GABARAP,ID2,H4C11,0.016986407339572906,27
7161,PPP1R15A,CDK2AP2,LINC00954,-0.010435368865728378,20
7162,BTF3,CYCS,KLRF1,0.01654275506734848,27
7163,LGALS3,IL11RA,ZNF671,-0.030786866322159767,14
7164,HNRNPK,CYCS,UBASH3A,-0.00563450064510107,19
7165,PPP1R15A,CDK2AP2,KLRF1,-0.010231975466012955,20
7166,GPX4,SFRP4,REP15,0.02873402088880539,30
7167,BTF3,FABP1,CDK5R1,-0.006312447600066662,21
7168,IFITM2,FABP1,CDK5R1,0.0036429879255592823,22
7169,CHCHD2,IL11RA,SAMD10,-0.004685999825596809,21
7170,CHCHD2,ID2,REP15,0.002046718494966626,23
7171,COX6A1,SLC25A5,IGKV2D-28,0.0005978600820526481,22
7172,HNRNPK,FABP1,UBASH3A,-0.03114653378725052,17
7173,LGALS3,PIGR,AGAP2,-0.02136046811938286,19
7174,IFITM2,CDK2AP2,REP15,0.012512246146798134,23
7175,TXNIP,JTB,IGKV2D-28,-0.09409176558256149,12
7176,PPP1R15A,COL15A1,REP15,-0.014862561598420143,18
7177,GABARAP,PLP2,IGKV2D-28,0.0010940887732431293,23
7178,GPX4,JTB,LINC00954,0.026505984365940094,29
7179,PPP1R15A,SFRP4,AGAP2,0.015156667679548264,25
7180,LGALS3,HSPD1,SAMD10,0.0055124396458268166,23
7181,BTG2,TUFM,MRC1,-0.027093112468719482,16
7182,CHCHD2,ID2,KLRF1,0.0023009737487882376,23
7183,HNRNPK,PIGR,REP15,-0.013849475421011448,21
7184,HNRNPK,COL15A1,H4C11,-0.01282518357038498,19
7185,IFITM2,SLC25A5,H4C11,0.024776773527264595,28
7186,TMBIM6,ID2,IL18RAP,0.010916728526353836,26
7187,TXNIP,HSPD1,H4C11,-0.09775875508785248,11
7188,BTG2,PIGR,MRC1,-0.0529172345995903,13
7189,BTF3,PLP2,SIK1,-0.005765070207417011,21
7190,IFITM2,SFRP4,IL18RAP,0.02780432626605034,27
7191,IFITM2,PIGR,IL18RAP,0.011518997140228748,23
7192,DNAJA1,TUFM,LINC00954,0.0331009142100811,27
7193,GABARAP,SLC25A5,IGKV2D-28,0.023296669125556946,26
7194,TMBIM6,SLC25A5,AGAP2,0.01160670630633831,26
7195,HNRNPK,JTB,LINC00954,-0.004219478461891413,20
7196,GABARAP,ID2,IGKV2D-28,0.01644948497414589,27
7197,GSTP1,SFRP4,REP15,0.01937447115778923,27
7198,BTF3,TUFM,MRC1,0.018605174496769905,25
7199,IFITM2,IL11RA,ZNF671,-0.00015830020129214972,22
7200,CHCHD2,CDK2AP2,SAMD10,0.009135553613305092,24
7201,EID1,FABP1,H4C11,-0.019418608397245407,19
7202,BTG2,PLP2,UBASH3A,-0.04061264544725418,13
7203,COX6A1,JTB,CDK5R1,0.009878885000944138,24
7204,COX6A1,PIGR,AURKB,-0.011525352485477924,21
7205,CHCHD2,SLC25A5,H4C11,0.005918574053794146,28
7206,GSTP1,HSPD1,LINC00954,0.028308052569627762,29
7207,LGALS3,APRT,AGAP2,-0.0035177033860236406,21
7208,DNAJA1,CDK2AP2,SAMD10,0.025824017822742462,28
7209,GABARAP,CYCS,KRT7,0.019634343683719635,30
7210,BTG2,HSPD1,MRC1,-0.03964030742645264,16
7211,EID1,ID2,ZNF671,-0.0009361093398183584,22
7212,HNRNPK,TUFM,REP15,-0.0029068237636238337,20
7213,IFITM2,SLC25A5,UBASH3A,0.022457491606473923,27
7214,GABARAP,CDK2AP2,MRC1,0.00921334233134985,31
7215,PPP1R15A,JTB,SAMD10,-0.0069467974826693535,20
7216,LGALS3,SLC25A5,AGAP2,0.006082599051296711,23
7217,TMBIM6,IL32,SAMD10,0.0423668771982193,29
7218,LGALS3,JTB,AURKB,0.004636213183403015,24
7219,CHCHD2,FABP1,REP15,-0.0007737696869298816,22
7220,TMBIM6,IL32,KLRF1,0.041980862617492676,29
7221,PPP1R15A,CDK2AP2,H4C11,-0.010527489706873894,20
7222,TXNIP,CDK2AP2,SIK1,-0.0956074595451355,7
7223,GPX4,APRT,CDK5R1,0.023699171841144562,30
7224,GPX4,SFRP4,KLRF1,0.02871645614504814,31
7225,HNRNPK,CDK2AP2,KLRF1,-0.006067081820219755,21
7226,GABARAP,CDK2AP2,IL18RAP,0.010370484553277493,31
7227,DNAJA1,SFRP4,SAMD10,0.03493030369281769,27
7228,GABARAP,COL15A1,KLRF1,-0.006199494935572147,21
7229,PPP1R15A,SLC25A5,KRT7,-0.012634236365556717,20
7230,HNRNPK,IL32,AGAP2,0.02580016851425171,28
7231,GSTP1,CDK2AP2,SAMD10,0.02676321007311344,26
7232,IFITM2,IL11RA,IL18RAP,-0.0004187575832474977,21
7233,GABARAP,IL32,H4C11,0.05348636955022812,31
7234,GABARAP,PIGR,MRC1,0.004374117124825716,23
7235,TXNIP,CDK2AP2,IGKV2D-28,-0.10167111456394196,7
7236,EID1,IL11RA,IGKV2D-28,-0.028203660622239113,16
7237,BTG2,IL32,IGKV2D-28,-0.012539468705654144,20
7238,GPX4,CYCS,IGKV2D-28,0.030463963747024536,25
7239,DNAJA1,CDK2AP2,UBASH3A,0.027212567627429962,28
7240,BTG2,CDK2AP2,H4C11,-0.01469719409942627,19
7241,BTG2,ID2,KLRF1,-0.032724108546972275,15
7242,TMBIM6,IL32,H4C11,0.04210161417722702,29
7243,GABARAP,SLC25A5,UBASH3A,0.023603949695825577,26
7244,COX6A1,CDK2AP2,UBASH3A,0.007399407215416431,25
7245,LGALS3,APRT,AGAP2,-0.0035177033860236406,21
7246,BTF3,IL11RA,IL18RAP,0.008316215127706528,24
7247,DNAJA1,CDK2AP2,LINC00954,0.02734992280602455,28
7248,TMBIM6,PIGR,IGKV2D-28,0.00012295355554670095,22
7249,BTF3,CYCS,SAMD10,0.01557730883359909,27
7250,LGALS3,SLC25A5,IGKV2D-28,0.006508737802505493,23
7251,LGALS3,PLP2,SAMD10,-0.021979335695505142,21
7252,EID1,CYCS,AURKB,-0.0048642875626683235,21
7253,CHCHD2,JTB,UBASH3A,0.016766691580414772,25
7254,TXNIP,IL11RA,REP15,-0.13451242446899414,6
7255,GSTP1,IL32,KLRF1,0.03919189050793648,33
7256,CHCHD2,APRT,SIK1,0.015607515349984169,27
7257,IFITM2,COL15A1,CDK5R1,-0.02501034177839756,20
7258,GPX4,SFRP4,SAMD10,0.029376372694969177,30
7259,GABARAP,IL11RA,KRT7,-0.01311265118420124,19
7260,BTG2,PLP2,UBASH3A,-0.04061264544725418,13
7261,GSTP1,JTB,ZNF671,0.017586978152394295,26
7262,CHCHD2,IL11RA,ZNF671,-0.00632029864937067,20
7263,BTG2,APRT,SIK1,-0.024779072031378746,19
7264,EID1,JTB,CDK5R1,0.0029963492415845394,23
7265,TMBIM6,CYCS,SIK1,0.003907407633960247,22
7266,BTF3,FABP1,SIK1,0.0021918867714703083,22
7267,TXNIP,COL15A1,KLRF1,-0.1385045349597931,6
7268,GABARAP,CDK2AP2,SAMD10,0.009496623650193214,30
7269,TMBIM6,PLP2,MRC1,0.0020268186926841736,23
7270,IFITM2,PIGR,KLRF1,0.010981500148773193,23
7271,LGALS3,ID2,KRT7,-0.020548924803733826,21
7272,TMBIM6,PLP2,IGKV2D-28,0.002829788951203227,23
7273,GABARAP,PIGR,KLRF1,0.0020536179654300213,22
7274,DNAJA1,SLC25A5,H4C11,0.02535281330347061,26
7275,GPX4,IL11RA,SIK1,-0.005463383160531521,20
7276,EID1,PLP2,KLRF1,-0.009973918087780476,21
7277,HNRNPK,APRT,AURKB,0.0027414090000092983,23
7278,GPX4,TUFM,MRC1,0.013673891313374043,26
7279,COX6A1,CYCS,CDK5R1,0.012706639245152473,27
7280,BTF3,ID2,CDK5R1,0.002846161602064967,22
7281,BTG2,HSPD1,AURKB,-0.03705558553338051,16
7282,GPX4,JTB,KRT7,0.026375044137239456,29
7283,GPX4,COL15A1,AURKB,-0.002146882237866521,22
7284,BTG2,APRT,UBASH3A,-0.025060908868908882,19
7285,LGALS3,APRT,SAMD10,-0.0033868178725242615,21
7286,GABARAP,IL11RA,SIK1,-0.013845426961779594,19
7287,EID1,PIGR,H4C11,-0.008216486312448978,21
7288,TXNIP,PIGR,KLRF1,-0.1221553385257721,7
7289,COX6A1,CDK2AP2,SIK1,0.008617956191301346,26
7290,BTG2,FABP1,IL18RAP,-0.06481601297855377,11
7291,GSTP1,PLP2,AGAP2,-0.0010549025610089302,21
7292,CHCHD2,APRT,AURKB,0.016329923644661903,27
7293,BTG2,SFRP4,LINC00954,-0.018434390425682068,21
7294,TMBIM6,IL32,IGKV2D-28,0.041769690811634064,29
7295,TMBIM6,APRT,H4C11,0.02312486432492733,28
7296,GSTP1,PLP2,IGKV2D-28,-0.0011818479979410768,21
7297,TXNIP,PLP2,AURKB,-0.1120879054069519,4
7298,BTF3,SLC25A5,SIK1,0.015164196491241455,26
7299,GSTP1,COL15A1,SAMD10,-0.010016401298344135,21
7300,TXNIP,PLP2,AGAP2,-0.11109089851379395,4
7301,IFITM2,IL11RA,SAMD10,-6.192515138536692e-05,22
7302,BTG2,TUFM,KRT7,-0.029173998162150383,16
7303,LGALS3,CYCS,SAMD10,-0.003970256075263023,20
7304,HNRNPK,HSPD1,IL18RAP,0.003616214729845524,24
7305,TMBIM6,IL11RA,LINC00954,-0.010826806537806988,18
7306,BTF3,JTB,LINC00954,0.0018618464237079024,26
7307,EID1,HSPD1,IGKV2D-28,-0.006625785492360592,21
7308,COX6A1,IL32,KRT7,0.020600484684109688,28
7309,HNRNPK,COL15A1,KRT7,-0.013403519056737423,20
7310,TMBIM6,COL15A1,CDK5R1,-0.016326142475008965,17
7311,PPP1R15A,COL15A1,REP15,-0.014862561598420143,18
7312,BTG2,CYCS,AURKB,-0.023496408015489578,16
7313,LGALS3,JTB,KLRF1,0.004969753324985504,24
7314,GABARAP,APRT,KRT7,0.022095952183008194,28
7315,BTG2,FABP1,SAMD10,-0.06429688632488251,11
7316,TMBIM6,COL15A1,KLRF1,-0.016623975709080696,16
7317,HNRNPK,TUFM,MRC1,-0.004235043190419674,20
7318,PPP1R15A,TUFM,CDK5R1,-0.0018751927418634295,22
7319,LGALS3,PLP2,LINC00954,-0.015027115121483803,20
7320,COX6A1,PIGR,KRT7,-0.011441968381404877,21
7321,COX6A1,SFRP4,ZNF671,-0.00368668045848608,22
7322,TMBIM6,CDK2AP2,KLRF1,0.0031384872272610664,24
7323,PPP1R15A,ID2,IGKV2D-28,-0.012556616216897964,22
7324,PPP1R15A,APRT,MRC1,0.00091839290689677,24
7325,TMBIM6,PIGR,H4C11,-0.0003861391742248088,22
7326,TMBIM6,IL32,KLRF1,0.041980862617492676,29
7327,LGALS3,IL32,KRT7,0.023209381848573685,27
7328,BTG2,HSPD1,AURKB,-0.03705558553338051,16
7329,HNRNPK,SFRP4,LINC00954,0.014216307550668716,23
7330,GPX4,SFRP4,H4C11,0.02903626300394535,31
7331,DNAJA1,APRT,SIK1,0.033661991357803345,28
7332,EID1,CDK2AP2,UBASH3A,0.003130238736048341,23
7333,TXNIP,PIGR,ZNF671,-0.12162981182336807,7
7334,HNRNPK,CDK2AP2,IGKV2D-28,-0.00586980814114213,21
7335,GSTP1,JTB,MRC1,0.014439651742577553,27
7336,BTG2,PIGR,REP15,-0.05432736128568649,13
7337,PPP1R15A,HSPD1,KRT7,0.009005829691886902,23
7338,TXNIP,JTB,REP15,-0.0934600830078125,13
7339,EID1,CDK2AP2,IL18RAP,-0.000349674082826823,22
7340,HNRNPK,IL11RA,ZNF671,-0.033971451222896576,15
7341,CHCHD2,CDK2AP2,AGAP2,0.009600607678294182,24
7342,BTF3,COL15A1,IL18RAP,-0.01783498376607895,17
7343,PPP1R15A,ID2,REP15,-0.009389521554112434,22
7344,GSTP1,SFRP4,SIK1,0.02107669599354267,28
7345,IFITM2,CDK2AP2,ZNF671,0.012533132918179035,23
7346,CHCHD2,IL32,KLRF1,0.035660721361637115,33
7347,PPP1R15A,PLP2,H4C11,-0.01973993144929409,19
7348,PPP1R15A,APRT,KLRF1,0.0025799847207963467,23
7349,TXNIP,PIGR,AGAP2,-0.1201007068157196,7
7350,GABARAP,IL32,LINC00954,0.05354340746998787,31
7351,HNRNPK,CYCS,SAMD10,-0.0074431998655200005,17
7352,GABARAP,CYCS,ZNF671,0.01866219751536846,30
7353,TMBIM6,CYCS,IL18RAP,0.007576297037303448,22
7354,HNRNPK,SLC25A5,H4C11,-0.009600789286196232,20
7355,TMBIM6,PLP2,IGKV2D-28,0.002829788951203227,23
7356,GSTP1,CYCS,ZNF671,0.02016078121960163,28
7357,LGALS3,HSPD1,SAMD10,0.0055124396458268166,23
7358,PPP1R15A,TUFM,LINC00954,-0.00198602257296443,22
7359,COX6A1,APRT,SAMD10,0.011695347726345062,23
7360,TXNIP,SFRP4,SAMD10,-0.10665372014045715,12
7361,BTF3,SFRP4,CDK5R1,0.014568769372999668,24
7362,COX6A1,CDK2AP2,MRC1,0.007251848001033068,25
7363,BTF3,IL11RA,CDK5R1,0.005906856618821621,23
7364,IFITM2,ID2,LINC00954,0.016723062843084335,24
7365,GPX4,JTB,IGKV2D-28,0.026760529726743698,29
7366,GPX4,IL32,AURKB,0.05597584694623947,32
7367,GABARAP,CYCS,ZNF671,0.01866219751536846,30
7368,CHCHD2,APRT,ZNF671,0.017406878992915154,28
7369,PPP1R15A,IL11RA,KRT7,-0.023519940674304962,16
7370,IFITM2,PLP2,SIK1,0.017777446657419205,25
7371,LGALS3,HSPD1,MRC1,0.009450064040720463,23
7372,IFITM2,SLC25A5,MRC1,0.022479305043816566,27
7373,TXNIP,SLC25A5,SIK1,-0.09055298566818237,9
7374,BTG2,SLC25A5,IL18RAP,-0.020648129284381866,18
7375,TMBIM6,CDK2AP2,KLRF1,0.0031384872272610664,24
7376,IFITM2,SFRP4,IL18RAP,0.02780432626605034,27
7377,TXNIP,CDK2AP2,AURKB,-0.10201409459114075,7
7378,PPP1R15A,IL32,AURKB,0.034812264144420624,29
7379,BTF3,SFRP4,IL18RAP,0.015698108822107315,25
7380,TXNIP,HSPD1,IGKV2D-28,-0.09643856436014175,11
7381,TMBIM6,PLP2,H4C11,0.004078119061887264,23
7382,BTG2,IL32,AGAP2,-0.012296762317419052,20
7383,BTG2,IL32,KRT7,-0.01262154895812273,20
7384,LGALS3,SLC25A5,IL18RAP,0.005570105277001858,23
7385,GABARAP,COL15A1,IL18RAP,-0.006071543786674738,21
7386,BTF3,PIGR,KLRF1,-0.001085595809854567,21
7387,EID1,IL11RA,IGKV2D-28,-0.028203660622239113,16
7388,LGALS3,PIGR,REP15,-0.021690648049116135,19
7389,COX6A1,SFRP4,H4C11,0.001068138750270009,22
7390,IFITM2,IL32,SAMD10,0.032181888818740845,29
7391,LGALS3,PLP2,KRT7,-0.022748704999685287,19
7392,BTG2,PIGR,H4C11,-0.05202007293701172,14
7393,CHCHD2,APRT,SIK1,0.015607515349984169,27
7394,PPP1R15A,SFRP4,AGAP2,0.015156667679548264,25
7395,IFITM2,APRT,IL18RAP,0.0238821879029274,28
7396,HNRNPK,FABP1,KLRF1,-0.03052193857729435,17
7397,CHCHD2,COL15A1,KRT7,-0.01632688380777836,17
7398,GSTP1,COL15A1,CDK5R1,-0.006937204394489527,21
7399,DNAJA1,TUFM,IL18RAP,0.033888574689626694,27
7400,HNRNPK,JTB,LINC00954,-0.004219478461891413,20
7401,HNRNPK,IL32,SAMD10,0.02428887039422989,27
7402,BTF3,ID2,H4C11,0.002275333274155855,22
7403,LGALS3,APRT,ZNF671,-0.007590710185468197,20
7404,IFITM2,APRT,MRC1,0.022110529243946075,27
7405,TMBIM6,SFRP4,LINC00954,0.015733735635876656,26
7406,TXNIP,FABP1,H4C11,-0.11963361501693726,6
7407,BTG2,IL11RA,MRC1,-0.04935520142316818,9
7408,TXNIP,APRT,SIK1,-0.08697796612977982,8
7409,DNAJA1,FABP1,AGAP2,0.011808527633547783,23
7410,COX6A1,CYCS,SIK1,0.013234833255410194,27
7411,GSTP1,ID2,REP15,0.03142693266272545,28
7412,HNRNPK,APRT,KLRF1,0.0018920786678791046,23
7413,HNRNPK,PIGR,REP15,-0.013849475421011448,21
7414,EID1,IL32,SAMD10,0.016009921208024025,30
7415,PPP1R15A,COL15A1,SAMD10,-0.021829044446349144,18
7416,BTG2,PLP2,AGAP2,-0.041276343166828156,12
7417,IFITM2,TUFM,IGKV2D-28,0.00959792360663414,25
7418,PPP1R15A,CYCS,ZNF671,-0.005117612890899181,20
7419,BTG2,HSPD1,CDK5R1,-0.03766949474811554,16
7420,EID1,FABP1,H4C11,-0.019418608397245407,19
7421,GSTP1,JTB,CDK5R1,0.017467396333813667,27
7422,IFITM2,JTB,ZNF671,0.00544392317533493,24
7423,BTG2,PLP2,KRT7,-0.04203595221042633,12
7424,HNRNPK,TUFM,H4C11,-0.00719894003123045,19
7425,TMBIM6,CYCS,CDK5R1,-0.0028795029502362013,21
7426,HNRNPK,FABP1,LINC00954,-0.023749522864818573,18
7427,LGALS3,SLC25A5,AURKB,0.0064687300473451614,23
7428,BTG2,TUFM,AGAP2,-0.024976052343845367,16
7429,PPP1R15A,COL15A1,MRC1,-0.014064259827136993,17
7430,GSTP1,JTB,AURKB,0.016680536791682243,27
7431,GABARAP,PIGR,SIK1,0.007066241465508938,23
7432,GSTP1,IL11RA,CDK5R1,0.000760731752961874,22
7433,EID1,IL11RA,ZNF671,-0.028368476778268814,16
7434,GSTP1,PIGR,H4C11,0.006009038537740707,23
7435,EID1,APRT,ZNF671,-0.00596183817833662,18
7436,COX6A1,FABP1,SIK1,-0.013076648116111755,21
7437,GABARAP,CYCS,SIK1,0.018996085971593857,30
7438,EID1,JTB,SAMD10,0.0009502496104687452,23
7439,GSTP1,ID2,SAMD10,0.025858506560325623,28
7440,EID1,FABP1,LINC00954,-0.019711025059223175,19
7441,LGALS3,JTB,SAMD10,0.003956856206059456,24
7442,COX6A1,TUFM,AURKB,0.012174821458756924,24
7443,COX6A1,SFRP4,KRT7,0.003076299326494336,23
7444,BTG2,PLP2,AURKB,-0.04057843238115311,12
7445,TMBIM6,IL11RA,IL18RAP,-0.012897592037916183,17
7446,PPP1R15A,JTB,SAMD10,-0.0069467974826693535,20
7447,HNRNPK,IL32,MRC1,0.028703320771455765,27
7448,COX6A1,ID2,SAMD10,-0.0011557545512914658,22
7449,DNAJA1,PLP2,IGKV2D-28,0.00796271488070488,27
7450,GABARAP,IL32,SIK1,0.05157744884490967,30
7451,LGALS3,PIGR,CDK5R1,-0.022255465388298035,19
7452,CHCHD2,IL32,H4C11,0.0348600372672081,34
7453,PPP1R15A,SFRP4,LINC00954,0.01953323930501938,25
7454,GABARAP,CYCS,MRC1,0.018387023359537125,30
7455,HNRNPK,APRT,AGAP2,0.00044202711433172226,22
7456,TXNIP,SLC25A5,AURKB,-0.0905565619468689,9
7457,TXNIP,CDK2AP2,SIK1,-0.0956074595451355,7
7458,LGALS3,FABP1,IGKV2D-28,-0.05686292424798012,16
7459,LGALS3,FABP1,H4C11,-0.042464472353458405,16
7460,GPX4,IL11RA,KRT7,-0.010018331930041313,20
7461,BTG2,PLP2,KRT7,-0.04203595221042633,12
7462,BTF3,COL15A1,CDK5R1,-0.022851567715406418,17
7463,COX6A1,COL15A1,SIK1,-0.008640865795314312,21
7464,HNRNPK,HSPD1,ZNF671,0.005993710830807686,24
7465,EID1,JTB,IGKV2D-28,0.0007005681982263923,22
7466,CHCHD2,IL11RA,SAMD10,-0.004685999825596809,21
7467,BTG2,JTB,KLRF1,-0.02341313660144806,18
7468,IFITM2,PIGR,LINC00954,0.014805815182626247,24
7469,HNRNPK,COL15A1,UBASH3A,-0.013228015042841434,20
7470,COX6A1,SFRP4,ZNF671,-0.00368668045848608,22
7471,GABARAP,IL32,IGKV2D-28,0.05080213397741318,30
7472,BTG2,PIGR,IGKV2D-28,-0.05253506451845169,13
7473,GSTP1,JTB,MRC1,0.014439651742577553,27
7474,CHCHD2,IL11RA,KLRF1,-0.006373646669089794,21
7475,TMBIM6,CDK2AP2,AURKB,0.00503375381231308,24
7476,GPX4,JTB,AURKB,0.026760529726743698,29
7477,HNRNPK,IL11RA,UBASH3A,-0.03566761314868927,15
7478,TXNIP,TUFM,KRT7,-0.11228059232234955,7
7479,IFITM2,TUFM,IL18RAP,0.008455097675323486,25
7480,DNAJA1,COL15A1,AGAP2,-0.0058661228977143764,18
7481,DNAJA1,ID2,LINC00954,0.03042108751833439,27
7482,TXNIP,CDK2AP2,AGAP2,-0.10188351571559906,7
7483,TXNIP,TUFM,AGAP2,-0.11058153212070465,7
7484,TXNIP,APRT,AGAP2,-0.08952002227306366,8
7485,LGALS3,PIGR,AURKB,-0.021545303985476494,19
7486,LGALS3,APRT,LINC00954,-0.0007227067835628986,22
7487,DNAJA1,ID2,LINC00954,0.03042108751833439,27
7488,HNRNPK,HSPD1,CDK5R1,0.003515600925311446,23
7489,CHCHD2,IL11RA,MRC1,-0.007854973897337914,20
7490,GSTP1,SFRP4,SIK1,0.02107669599354267,28
7491,GPX4,PLP2,IL18RAP,0.014152253046631813,25
7492,EID1,ID2,CDK5R1,-0.003251795656979084,21
7493,TXNIP,ID2,IL18RAP,-0.1168961226940155,11
7494,PPP1R15A,IL32,AGAP2,0.03847305849194527,29
7495,GABARAP,COL15A1,KRT7,-0.004780781455338001,21
7496,CHCHD2,IL11RA,KRT7,-0.00651495810598135,21
7497,GPX4,ID2,IGKV2D-28,0.02189851738512516,27
7498,IFITM2,IL11RA,LINC00954,0.0005268009845167398,22
7499,LGALS3,APRT,UBASH3A,-0.0017784920055419207,21
7500,EID1,IL32,IL18RAP,0.019694093614816666,31
7501,GSTP1,COL15A1,H4C11,-0.005194582976400852,21
7502,IFITM2,SLC25A5,IL18RAP,0.022563472390174866,27
7503,IFITM2,FABP1,REP15,0.0006642676889896393,22
7504,GABARAP,IL32,SAMD10,0.051391489803791046,31
7505,TXNIP,CYCS,AURKB,-0.10064031183719635,9
7506,BTF3,SFRP4,MRC1,0.00933842733502388,24
7507,COX6A1,COL15A1,UBASH3A,-0.008810732513666153,21
7508,DNAJA1,TUFM,AGAP2,0.02940433844923973,27
7509,BTF3,HSPD1,ZNF671,0.008301452733576298,26
7510,TMBIM6,ID2,UBASH3A,0.010868335142731667,26
7511,BTF3,HSPD1,CDK5R1,0.008681314066052437,26
7512,GABARAP,IL32,H4C11,0.05348636955022812,31
7513,LGALS3,CDK2AP2,UBASH3A,0.012931720353662968,25
7514,DNAJA1,IL11RA,LINC00954,0.01631765440106392,27
7515,HNRNPK,APRT,KLRF1,0.0018920786678791046,23
7516,HNRNPK,HSPD1,LINC00954,0.006303481757640839,25
7517,BTF3,ID2,SIK1,0.0009342343546450138,22
7518,CHCHD2,JTB,H4C11,0.01598813571035862,26
7519,BTG2,COL15A1,KLRF1,-0.06545496731996536,13
7520,GABARAP,SFRP4,SIK1,0.016049694269895554,29
7521,EID1,PLP2,REP15,-0.00777144031599164,21
7522,BTF3,HSPD1,REP15,0.008487604558467865,26
7523,GABARAP,CYCS,SAMD10,0.020486511290073395,31
7524,PPP1R15A,PIGR,REP15,-0.025317709892988205,20
7525,HNRNPK,FABP1,MRC1,-0.030865265056490898,17
7526,TXNIP,TUFM,CDK5R1,-0.11015518009662628,7
7527,BTG2,APRT,CDK5R1,-0.022773561999201775,19
7528,HNRNPK,HSPD1,AGAP2,0.005643938202410936,24
7529,PPP1R15A,ID2,H4C11,0.002328464761376381,22
7530,BTG2,PLP2,LINC00954,-0.037110984325408936,13
7531,PPP1R15A,SLC25A5,MRC1,-0.011897017247974873,20
7532,GABARAP,IL11RA,SAMD10,-0.012734560295939445,20
7533,GABARAP,CDK2AP2,CDK5R1,0.00959835760295391,30
7534,BTG2,SFRP4,SIK1,-0.019576426595449448,20
7535,GPX4,COL15A1,SAMD10,-0.0019110952271148562,22
7536,GABARAP,CYCS,H4C11,0.01883447729051113,32
7537,DNAJA1,FABP1,LINC00954,0.011973315849900246,23
7538,DNAJA1,CYCS,AURKB,0.03111940249800682,27
7539,TXNIP,CYCS,KRT7,-0.10112974047660828,9
7540,EID1,APRT,REP15,-0.004138488322496414,19
7541,EID1,IL32,ZNF671,0.018741073086857796,30
7542,TXNIP,SFRP4,UBASH3A,-0.10031697154045105,12
7543,GSTP1,TUFM,AGAP2,0.006177208852022886,25
7544,DNAJA1,CYCS,KLRF1,0.03103126585483551,27
7545,GPX4,IL32,REP15,0.055697206407785416,32
7546,TXNIP,SFRP4,REP15,-0.105420783162117,12
7547,IFITM2,COL15A1,CDK5R1,-0.02501034177839756,20
7548,COX6A1,COL15A1,SAMD10,-0.009116841480135918,21
7549,GSTP1,JTB,SAMD10,0.015935352072119713,28
7550,GSTP1,JTB,KLRF1,0.016141284257173538,27
7551,COX6A1,PLP2,KRT7,-0.007595639675855637,19
7552,EID1,TUFM,UBASH3A,1.4675373677164316e-05,22
7553,HNRNPK,JTB,CDK5R1,-0.005742610432207584,20
7554,TMBIM6,SLC25A5,IL18RAP,0.010698397643864155,25
7555,IFITM2,SFRP4,REP15,0.024899914860725403,28
7556,GPX4,ID2,UBASH3A,0.021640418097376823,27
7557,TMBIM6,HSPD1,CDK5R1,0.012427082285284996,24
7558,BTF3,IL11RA,SAMD10,-0.002128003630787134,21
7559,GABARAP,SLC25A5,SAMD10,0.0232552420347929,26
7560,PPP1R15A,COL15A1,SIK1,-0.014979801140725613,18
7561,IFITM2,JTB,KRT7,0.007856573909521103,25
7562,CHCHD2,COL15A1,KLRF1,-0.014966774731874466,17
7563,COX6A1,PIGR,KLRF1,-0.011503145098686218,21
7564,PPP1R15A,ID2,MRC1,-0.0131953414529562,22
7565,TMBIM6,SLC25A5,UBASH3A,0.011479251086711884,26
7566,LGALS3,TUFM,AURKB,-0.005088387057185173,20
7567,TMBIM6,JTB,IL18RAP,0.010924595408141613,26
7568,PPP1R15A,APRT,IL18RAP,0.007055073976516724,25
7569,IFITM2,FABP1,SAMD10,-0.0019365849439054728,22
7570,TXNIP,APRT,IL18RAP,-0.08999436348676682,8
7571,GPX4,TUFM,AURKB,0.014583917334675789,27
7572,CHCHD2,PIGR,H4C11,0.004607435315847397,22
7573,DNAJA1,HSPD1,ZNF671,0.030089784413576126,25
7574,TXNIP,APRT,KRT7,-0.09017320722341537,8
7575,DNAJA1,IL32,AGAP2,0.045305296778678894,33
7576,BTG2,IL32,IGKV2D-28,-0.012539468705654144,20
7577,HNRNPK,JTB,LINC00954,-0.004219478461891413,20
7578,TMBIM6,CDK2AP2,AURKB,0.00503375381231308,24
7579,COX6A1,PLP2,LINC00954,-0.005812346935272217,19
7580,HNRNPK,CDK2AP2,REP15,-0.0041269841603934765,22
7581,COX6A1,CDK2AP2,KLRF1,0.007038428448140621,24
7582,PPP1R15A,HSPD1,IL18RAP,0.010541846975684166,24
7583,HNRNPK,IL32,REP15,0.02993790991604328,27
7584,PPP1R15A,CDK2AP2,H4C11,-0.010527489706873894,20
7585,GSTP1,APRT,ZNF671,0.02407999336719513,28
7586,BTG2,HSPD1,UBASH3A,-0.037082161754369736,16
7587,HNRNPK,SFRP4,IL18RAP,0.0055961646139621735,23
7588,GSTP1,FABP1,LINC00954,-0.000873869750648737,21
7589,GSTP1,SLC25A5,IL18RAP,0.038007963448762894,27
7590,GABARAP,APRT,ZNF671,0.02120170183479786,28
7591,BTF3,ID2,IGKV2D-28,0.001159055158495903,22
7592,TMBIM6,APRT,H4C11,0.02312486432492733,28
7593,IFITM2,PLP2,REP15,0.018077708780765533,25
7594,CHCHD2,CYCS,MRC1,0.015097090974450111,28
7595,GABARAP,ID2,AGAP2,0.016948850825428963,27
7596,TMBIM6,CDK2AP2,AURKB,0.00503375381231308,24
7597,HNRNPK,PIGR,REP15,-0.013849475421011448,21
7598,EID1,HSPD1,AGAP2,-0.006720292381942272,21
7599,BTF3,SFRP4,SAMD10,0.009681218303740025,24
7600,PPP1R15A,SFRP4,IGKV2D-28,0.013827333226799965,25
7601,GABARAP,TUFM,H4C11,0.018515434116125107,31
7602,TXNIP,TUFM,CDK5R1,-0.11015518009662628,7
7603,EID1,APRT,KLRF1,-0.0049335407093167305,17
7604,TXNIP,HSPD1,MRC1,-0.09939857572317123,11
7605,TXNIP,CDK2AP2,SIK1,-0.0956074595451355,7
7606,TXNIP,SFRP4,H4C11,-0.10084427893161774,12
7607,DNAJA1,SFRP4,AGAP2,0.0368434377014637,28
7608,EID1,CYCS,SAMD10,-0.004909229464828968,21
7609,DNAJA1,IL11RA,CDK5R1,0.011595171876251698,26
7610,GABARAP,ID2,CDK5R1,0.017516467720270157,27
7611,IFITM2,IL11RA,MRC1,-0.0012386863818392158,21
7612,TMBIM6,PLP2,KRT7,0.0009913020767271519,22
7613,IFITM2,IL32,MRC1,0.030822699889540672,29
7614,TMBIM6,FABP1,UBASH3A,-0.005795921199023724,20
7615,PPP1R15A,FABP1,AGAP2,-0.025475818663835526,16
7616,GPX4,IL32,CDK5R1,0.05331121385097504,32
7617,HNRNPK,IL32,SAMD10,0.02428887039422989,27
7618,PPP1R15A,ID2,SAMD10,-0.014377855695784092,22
7619,IFITM2,JTB,SAMD10,0.00828030239790678,24
7620,LGALS3,APRT,SAMD10,-0.0033868178725242615,21
7621,GABARAP,ID2,AGAP2,0.016948850825428963,27
7622,GPX4,ID2,MRC1,0.021734772250056267,27
7623,TMBIM6,SLC25A5,AURKB,0.011393919587135315,25
7624,LGALS3,ID2,IGKV2D-28,-0.019335025921463966,21
7625,PPP1R15A,SLC25A5,KLRF1,-0.011682378128170967,20
7626,BTF3,SLC25A5,IGKV2D-28,0.016983453184366226,26
7627,COX6A1,SFRP4,UBASH3A,0.003589665750041604,23
7628,COX6A1,PLP2,AURKB,-0.007416759617626667,19
7629,GPX4,CYCS,REP15,0.027543533593416214,25
7630,GPX4,APRT,KLRF1,0.025635341182351112,31
7631,LGALS3,TUFM,KLRF1,-0.005256116855889559,20
7632,CHCHD2,CDK2AP2,SAMD10,0.009135553613305092,24
7633,TXNIP,HSPD1,CDK5R1,-0.10062798857688904,11
7634,GPX4,CYCS,KRT7,0.02745640091598034,25
7635,DNAJA1,APRT,SIK1,0.033661991357803345,28
7636,TXNIP,TUFM,AURKB,-0.11094218492507935,7
7637,GABARAP,COL15A1,REP15,-0.0018910854123532772,21
7638,HNRNPK,IL11RA,IL18RAP,-0.03385826200246811,14
7639,PPP1R15A,ID2,H4C11,0.002328464761376381,22
7640,COX6A1,PIGR,MRC1,-0.008587202988564968,21
7641,EID1,FABP1,H4C11,-0.019418608397245407,19
7642,BTG2,ID2,H4C11,-0.02842690795660019,15
7643,TXNIP,IL32,IGKV2D-28,-0.09366438537836075,12
7644,GSTP1,PIGR,KRT7,0.006840188056230545,23
7645,COX6A1,SFRP4,IL18RAP,0.008024065755307674,23
7646,HNRNPK,APRT,REP15,-0.0020035631023347378,22
7647,LGALS3,APRT,IGKV2D-28,-0.0033575063571333885,21
7648,DNAJA1,FABP1,IGKV2D-28,0.011658551171422005,23
7649,DNAJA1,JTB,KRT7,0.021445833146572113,24
7650,IFITM2,HSPD1,SAMD10,0.028974808752536774,27
7651,COX6A1,HSPD1,ZNF671,0.020665276795625687,27
7652,CHCHD2,CYCS,SAMD10,0.016435936093330383,27
7653,COX6A1,SFRP4,SIK1,0.003623278345912695,23
7654,COX6A1,APRT,KRT7,0.013456861488521099,23
7655,HNRNPK,IL11RA,IGKV2D-28,-0.035815536975860596,15
7656,HNRNPK,PLP2,H4C11,-0.012196965515613556,19
7657,CHCHD2,PIGR,CDK5R1,0.00020829690038226545,22
7658,GABARAP,ID2,AURKB,0.01688133366405964,27
7659,GABARAP,SLC25A5,KRT7,0.02322944812476635,26
7660,EID1,APRT,KLRF1,-0.0049335407093167305,17
7661,GPX4,IL32,KLRF1,0.05548699200153351,32
7662,GABARAP,CYCS,KLRF1,0.01830786094069481,30
7663,CHCHD2,COL15A1,IL18RAP,-0.014886600896716118,17
7664,EID1,PIGR,KRT7,-0.01032252050936222,21
7665,CHCHD2,APRT,UBASH3A,0.016468342393636703,27
7666,IFITM2,ID2,H4C11,0.01751600205898285,24
7667,TMBIM6,IL11RA,LINC00954,-0.010826806537806988,18
7668,PPP1R15A,ID2,CDK5R1,-0.012164498679339886,22
7669,TXNIP,HSPD1,UBASH3A,-0.09638930857181549,11
7670,BTF3,COL15A1,ZNF671,-0.02712862752377987,17
7671,PPP1R15A,SLC25A5,IL18RAP,-0.00901433452963829,21
7672,TXNIP,TUFM,SAMD10,-0.11417481303215027,7
7673,TXNIP,PLP2,MRC1,-0.11108525097370148,4
7674,BTG2,JTB,KRT7,-0.023886654525995255,17
7675,GSTP1,PIGR,LINC00954,0.006978918798267841,24
7676,GPX4,CDK2AP2,KRT7,0.02766372635960579,29
7677,COX6A1,PLP2,AGAP2,-0.009109079837799072,19
7678,GPX4,ID2,AURKB,0.022236445918679237,27
7679,IFITM2,IL11RA,AURKB,-0.00014519284013658762,22
7680,COX6A1,HSPD1,AURKB,0.019371751695871353,28
7681,GPX4,JTB,REP15,0.027824770659208298,29
7682,HNRNPK,SLC25A5,MRC1,-0.01693723164498806,19
7683,BTG2,SFRP4,KLRF1,-0.02056874707341194,20
7684,GPX4,JTB,SAMD10,0.02825576812028885,29
7685,TXNIP,SLC25A5,SIK1,-0.09055298566818237,9
7686,BTF3,IL32,CDK5R1,0.056259885430336,32
7687,LGALS3,CYCS,CDK5R1,-0.004316542763262987,21
7688,BTG2,SLC25A5,SIK1,-0.021698331460356712,18
7689,HNRNPK,COL15A1,LINC00954,-0.01329756435006857,20
7690,PPP1R15A,SLC25A5,H4C11,-0.005790563300251961,20
7691,TMBIM6,CYCS,SAMD10,0.0024987217038869858,22
7692,GSTP1,SLC25A5,KRT7,0.02912433072924614,26
7693,HNRNPK,TUFM,AGAP2,-0.005602979101240635,19
7694,EID1,PLP2,IGKV2D-28,-0.012637456879019737,21
7695,IFITM2,IL32,LINC00954,0.03133838623762131,29
7696,GABARAP,PIGR,MRC1,0.004374117124825716,23
7697,GABARAP,SFRP4,IGKV2D-28,0.020357469096779823,28
7698,DNAJA1,COL15A1,SIK1,-0.0058288066647946835,19
7699,GABARAP,HSPD1,AGAP2,0.020399242639541626,29
7700,BTG2,HSPD1,SAMD10,-0.0320732519030571,16
7701,EID1,FABP1,LINC00954,-0.019711025059223175,19
7702,EID1,CDK2AP2,MRC1,-0.0003347347374074161,22
7703,HNRNPK,SFRP4,SIK1,0.0045398990623652935,22
7704,BTF3,PLP2,ZNF671,-0.005832343362271786,21
7705,DNAJA1,IL11RA,AURKB,0.010446665808558464,25
7706,PPP1R15A,PIGR,ZNF671,-0.0245132464915514,20
7707,CHCHD2,JTB,IL18RAP,0.022815868258476257,25
7708,BTG2,COL15A1,KLRF1,-0.06545496731996536,13
7709,GABARAP,IL11RA,AGAP2,-0.012741152197122574,19
7710,HNRNPK,IL11RA,KRT7,-0.0366738960146904,15
7711,COX6A1,IL11RA,H4C11,-0.014823919162154198,20
7712,DNAJA1,SFRP4,REP15,0.03720734268426895,27
7713,COX6A1,ID2,MRC1,-0.0001249229535460472,22
7714,GABARAP,FABP1,SIK1,0.0034811035729944706,25
7715,TXNIP,SLC25A5,ZNF671,-0.0909908264875412,9
7716,BTF3,HSPD1,MRC1,0.010398060083389282,25
7717,BTF3,HSPD1,SIK1,0.014142192900180817,25
7718,TMBIM6,PLP2,LINC00954,0.0007935321191325784,22
7719,IFITM2,ID2,SIK1,0.008905111812055111,23
7720,HNRNPK,FABP1,AURKB,-0.02968587912619114,17
7721,BTG2,TUFM,IL18RAP,-0.02636365406215191,16
7722,IFITM2,PLP2,KRT7,0.01784757897257805,25
7723,GSTP1,CYCS,KLRF1,0.019767744466662407,28
7724,EID1,APRT,IGKV2D-28,-0.00401983130723238,18
7725,PPP1R15A,PIGR,SAMD10,-0.02475237101316452,19
7726,COX6A1,IL11RA,UBASH3A,-0.016346771270036697,19
7727,HNRNPK,IL11RA,KRT7,-0.0366738960146904,15
7728,COX6A1,IL11RA,UBASH3A,-0.016346771270036697,19
7729,TMBIM6,JTB,SAMD10,0.007933168672025204,26
7730,LGALS3,TUFM,KLRF1,-0.005256116855889559,20
7731,BTG2,COL15A1,MRC1,-0.06800733506679535,11
7732,PPP1R15A,PIGR,REP15,-0.025317709892988205,20
7733,GPX4,IL11RA,H4C11,-0.007618021219968796,20
7734,COX6A1,ID2,H4C11,-0.0017976275412365794,22
7735,BTF3,COL15A1,AGAP2,-0.017978616058826447,17
7736,GPX4,CYCS,CDK5R1,0.027331199496984482,25
7737,GPX4,JTB,AGAP2,0.026715783402323723,30
7738,GABARAP,APRT,ZNF671,0.02120170183479786,28
7739,TXNIP,COL15A1,LINC00954,-0.1262800246477127,6
7740,EID1,ID2,IGKV2D-28,-0.003330985549837351,21
7741,GPX4,APRT,MRC1,0.02553124912083149,30
7742,EID1,COL15A1,REP15,-0.046421825885772705,13
7743,HNRNPK,PLP2,AURKB,-0.018946737051010132,19
7744,BTF3,FABP1,AGAP2,-0.00507707055658102,21
7745,PPP1R15A,COL15A1,KLRF1,-0.016883905977010727,18
7746,PPP1R15A,HSPD1,AGAP2,0.008231142535805702,23
7747,GSTP1,CYCS,IGKV2D-28,0.02072978764772415,28
7748,CHCHD2,IL11RA,H4C11,-0.004330577794462442,20
7749,EID1,IL11RA,AGAP2,-0.022568829357624054,16
7750,EID1,ID2,MRC1,-0.004060443490743637,21
7751,EID1,SFRP4,UBASH3A,0.014758531004190445,27
7752,DNAJA1,PLP2,KLRF1,0.007560023106634617,26
7753,BTG2,IL32,CDK5R1,-0.012473300099372864,20
7754,HNRNPK,SFRP4,MRC1,0.004586481023579836,22
7755,BTF3,IL11RA,SIK1,0.007809111848473549,23
7756,IFITM2,JTB,SAMD10,0.00828030239790678,24
7757,BTF3,APRT,REP15,0.016438405960798264,28
7758,TXNIP,IL32,IL18RAP,-0.07463663071393967,12
7759,BTG2,IL11RA,AURKB,-0.048589278012514114,10
7760,BTG2,PIGR,SIK1,-0.052670668810606,13
7761,TMBIM6,SLC25A5,SIK1,0.011638108640909195,25
7762,COX6A1,ID2,REP15,0.0006831609643995762,22
7763,EID1,PLP2,H4C11,-0.007019196171313524,22
7764,BTF3,IL32,H4C11,0.057677336037158966,33
7765,TXNIP,CDK2AP2,AGAP2,-0.10188351571559906,7
7766,DNAJA1,COL15A1,SAMD10,-0.00830585416406393,20
7767,GPX4,SFRP4,REP15,0.02873402088880539,30
7768,GABARAP,SFRP4,KLRF1,0.019002236425876617,29
7769,PPP1R15A,TUFM,AGAP2,-0.001265940023586154,22
7770,HNRNPK,PIGR,IL18RAP,-0.012858012691140175,21
7771,CHCHD2,JTB,KLRF1,0.01677844300866127,25
7772,IFITM2,CYCS,KRT7,0.019848838448524475,28
7773,TXNIP,SLC25A5,ZNF671,-0.0909908264875412,9
7774,GPX4,FABP1,KRT7,-0.0015069862129166722,22
7775,PPP1R15A,CDK2AP2,SIK1,-0.008016466163098812,20
7776,PPP1R15A,TUFM,AURKB,-0.0020375510212033987,22
7777,GABARAP,SLC25A5,SAMD10,0.0232552420347929,26
7778,CHCHD2,HSPD1,AGAP2,0.00850331038236618,24
7779,IFITM2,COL15A1,CDK5R1,-0.02501034177839756,20
7780,LGALS3,CYCS,MRC1,-0.0041488721035420895,21
7781,GABARAP,FABP1,CDK5R1,0.003348695579916239,25
7782,CHCHD2,TUFM,H4C11,0.01835339516401291,26
7783,HNRNPK,TUFM,IL18RAP,-0.006772731430828571,19
7784,BTF3,SFRP4,CDK5R1,0.014568769372999668,24
7785,HNRNPK,ID2,SAMD10,0.0001749829389154911,22
7786,BTF3,ID2,H4C11,0.002275333274155855,22
7787,TXNIP,TUFM,SAMD10,-0.11417481303215027,7
7788,DNAJA1,IL32,AURKB,0.045323628932237625,34
7789,DNAJA1,IL32,KRT7,0.04519686847925186,34
7790,HNRNPK,IL32,KLRF1,0.02952692285180092,27
7791,HNRNPK,HSPD1,CDK5R1,0.003515600925311446,23
7792,IFITM2,ID2,IGKV2D-28,0.009009834378957748,23
7793,COX6A1,HSPD1,ZNF671,0.020665276795625687,27
7794,LGALS3,HSPD1,REP15,0.008733819238841534,23
7795,IFITM2,SFRP4,KRT7,0.025912651792168617,27
7796,COX6A1,SFRP4,ZNF671,-0.00368668045848608,22
7797,TMBIM6,PLP2,UBASH3A,0.0020564477890729904,23
7798,GPX4,IL32,ZNF671,0.05570920556783676,32
7799,CHCHD2,CDK2AP2,KLRF1,0.007096839137375355,24
7800,GABARAP,SFRP4,MRC1,0.020740240812301636,28
7801,GPX4,PIGR,KRT7,0.009685825556516647,24
7802,BTG2,COL15A1,KRT7,-0.0652783066034317,12
7803,IFITM2,PLP2,IGKV2D-28,0.017898602411150932,25
7804,TMBIM6,SFRP4,H4C11,0.0201350599527359,27
7805,DNAJA1,ID2,IL18RAP,0.03593089431524277,27
7806,COX6A1,IL32,LINC00954,0.020694509148597717,29
7807,GABARAP,CYCS,UBASH3A,0.020031260326504707,32
7808,HNRNPK,FABP1,LINC00954,-0.023749522864818573,18
7809,TMBIM6,SFRP4,IL18RAP,0.01565612480044365,25
7810,PPP1R15A,FABP1,CDK5R1,-0.024538759142160416,14
7811,CHCHD2,JTB,SIK1,0.02305324748158455,25
7812,IFITM2,PIGR,H4C11,0.024016518145799637,24
7813,PPP1R15A,CDK2AP2,MRC1,-0.008467063307762146,20
7814,BTG2,SFRP4,H4C11,-0.020648416131734848,19
7815,LGALS3,SLC25A5,SIK1,0.004355491138994694,23
7816,BTG2,APRT,H4C11,-0.02441275492310524,19
7817,COX6A1,SLC25A5,SIK1,0.0009679946815595031,22
7818,TXNIP,PIGR,MRC1,-0.1217261403799057,7
7819,LGALS3,APRT,KLRF1,-0.003431769087910652,21
7820,COX6A1,HSPD1,KLRF1,0.01903274841606617,28
7821,HNRNPK,APRT,LINC00954,0.0021038255654275417,23
7822,BTG2,TUFM,LINC00954,-0.025952599942684174,16
7823,DNAJA1,IL32,SAMD10,0.04030918702483177,34
7824,EID1,JTB,UBASH3A,0.0023461608216166496,22
7825,CHCHD2,PIGR,MRC1,0.0007973116589710116,22
7826,CHCHD2,JTB,KLRF1,0.01677844300866127,25
7827,LGALS3,SFRP4,IGKV2D-28,0.017702780663967133,25
7828,LGALS3,TUFM,SIK1,-0.005171464290469885,20
7829,GABARAP,FABP1,MRC1,0.0008028969168663025,23
7830,HNRNPK,IL32,IL18RAP,0.0382327176630497,28
7831,IFITM2,PIGR,MRC1,0.012462614104151726,23
7832,DNAJA1,CYCS,MRC1,0.028433337807655334,27
7833,EID1,PLP2,LINC00954,-0.00885640736669302,21
7834,BTF3,PLP2,SIK1,-0.005765070207417011,21
7835,BTG2,SFRP4,KLRF1,-0.02056874707341194,20
7836,GABARAP,HSPD1,REP15,0.01663973554968834,30
7837,GPX4,HSPD1,KRT7,0.03702251985669136,27
7838,COX6A1,FABP1,CDK5R1,-0.011381440795958042,20
7839,IFITM2,IL11RA,H4C11,0.0010571428574621677,22
7840,TMBIM6,IL32,MRC1,0.03995005041360855,29
7841,EID1,SFRP4,LINC00954,0.014843577519059181,27
7842,COX6A1,SLC25A5,SIK1,0.0009679946815595031,22
7843,DNAJA1,PIGR,CDK5R1,0.024765267968177795,23
7844,BTF3,JTB,SIK1,0.0017855048645287752,25
7845,DNAJA1,ID2,KRT7,0.028147181496024132,26
7846,BTF3,SLC25A5,UBASH3A,0.014834191650152206,26
7847,BTF3,CYCS,LINC00954,0.016354303807020187,28
7848,EID1,HSPD1,AGAP2,-0.006720292381942272,21
7849,IFITM2,APRT,AURKB,0.023788530379533768,28
7850,BTF3,APRT,H4C11,0.01744215190410614,28
7851,HNRNPK,SLC25A5,MRC1,-0.01693723164498806,19
7852,GSTP1,IL32,KLRF1,0.03919189050793648,33
7853,GABARAP,CDK2AP2,MRC1,0.00921334233134985,31
7854,BTG2,IL11RA,LINC00954,-0.05047373101115227,11
7855,GABARAP,TUFM,KLRF1,0.01478789933025837,31
7856,EID1,CYCS,IGKV2D-28,-0.00488638412207365,21
7857,DNAJA1,TUFM,IL18RAP,0.033888574689626694,27
7858,PPP1R15A,IL11RA,REP15,-0.02091946080327034,16
7859,LGALS3,SLC25A5,UBASH3A,0.004980339203029871,23
7860,TXNIP,IL11RA,MRC1,-0.1353694498538971,6
7861,COX6A1,TUFM,UBASH3A,0.013750962913036346,24
7862,GPX4,PLP2,UBASH3A,0.012909144163131714,25
7863,GABARAP,SFRP4,AGAP2,0.018429307267069817,29
7864,IFITM2,APRT,IGKV2D-28,0.028673993423581123,28
7865,EID1,PLP2,H4C11,-0.007019196171313524,22
7866,IFITM2,JTB,IGKV2D-28,0.01309925876557827,25
7867,HNRNPK,PLP2,MRC1,-0.019856765866279602,18
7868,TXNIP,CYCS,CDK5R1,-0.10104827582836151,9
7869,DNAJA1,ID2,AGAP2,0.028144558891654015,26
7870,BTF3,PIGR,ZNF671,-0.0031765573658049107,20
7871,BTG2,HSPD1,LINC00954,-0.024793142452836037,17
7872,DNAJA1,IL11RA,ZNF671,0.009141543880105019,26
7873,HNRNPK,PLP2,CDK5R1,-0.018898067995905876,19
7874,COX6A1,ID2,AGAP2,-0.0010901727946475148,22
7875,COX6A1,PIGR,AGAP2,-0.011462408117949963,21
7876,TXNIP,SLC25A5,IGKV2D-28,-0.08871181309223175,9
7877,IFITM2,HSPD1,AGAP2,0.02911636233329773,27
7878,BTF3,IL11RA,H4C11,0.00614861398935318,23
7879,HNRNPK,COL15A1,AGAP2,-0.013215770944952965,20
7880,COX6A1,IL11RA,H4C11,-0.014823919162154198,20
7881,BTG2,CYCS,REP15,-0.02099648118019104,17
7882,GPX4,IL11RA,LINC00954,-0.008208573795855045,20
7883,TMBIM6,SLC25A5,IL18RAP,0.010698397643864155,25
7884,IFITM2,CDK2AP2,UBASH3A,0.014042455703020096,23
7885,PPP1R15A,TUFM,SIK1,0.0009424383752048016,22
7886,PPP1R15A,IL11RA,SAMD10,-0.021576160565018654,16
7887,DNAJA1,COL15A1,SIK1,-0.0058288066647946835,19
7888,GSTP1,CYCS,SIK1,0.020629169419407845,28
7889,BTF3,IL11RA,UBASH3A,0.008213281631469727,23
7890,DNAJA1,SLC25A5,CDK5R1,0.022396955639123917,26
7891,GABARAP,ID2,H4C11,0.016986407339572906,27
7892,GPX4,SFRP4,AGAP2,0.028208725154399872,31
7893,CHCHD2,SLC25A5,CDK5R1,0.0050818175077438354,28
7894,GABARAP,IL11RA,LINC00954,-0.004646045621484518,21
7895,LGALS3,TUFM,AURKB,-0.005088387057185173,20
7896,CHCHD2,HSPD1,LINC00954,0.008670195937156677,25
7897,COX6A1,FABP1,UBASH3A,-0.015771355479955673,20
7898,EID1,IL11RA,UBASH3A,-0.02745503932237625,16
7899,TXNIP,ID2,IGKV2D-28,-0.11214900016784668,11
7900,TXNIP,IL11RA,CDK5R1,-0.13343077898025513,6
7901,TMBIM6,IL11RA,SIK1,-0.009116738103330135,17
7902,IFITM2,ID2,LINC00954,0.016723062843084335,24
7903,TMBIM6,APRT,KLRF1,0.020756416022777557,27
7904,DNAJA1,PIGR,AGAP2,0.025011688470840454,24
7905,DNAJA1,PLP2,IGKV2D-28,0.00796271488070488,27
7906,HNRNPK,COL15A1,KLRF1,-0.013439927250146866,20
7907,IFITM2,CDK2AP2,SIK1,0.010217824950814247,23
7908,CHCHD2,CYCS,SIK1,0.015860754996538162,27
7909,CHCHD2,CYCS,KLRF1,0.016073137521743774,28
7910,LGALS3,COL15A1,REP15,-0.02892700582742691,16
7911,BTG2,PIGR,IL18RAP,-0.05189096927642822,13
7912,TXNIP,CYCS,REP15,-0.10046249628067017,9
7913,COX6A1,ID2,AGAP2,-0.0010901727946475148,22
7914,LGALS3,HSPD1,SIK1,0.0056792087852954865,22
7915,PPP1R15A,PLP2,KLRF1,-0.019384421408176422,17
7916,LGALS3,HSPD1,SAMD10,0.0055124396458268166,23
7917,GABARAP,APRT,CDK5R1,0.022095952183008194,28
7918,COX6A1,APRT,SAMD10,0.011695347726345062,23
7919,CHCHD2,JTB,CDK5R1,0.014871727675199509,25
7920,GABARAP,PIGR,SIK1,0.007066241465508938,23
7921,IFITM2,JTB,SAMD10,0.00828030239790678,24
7922,HNRNPK,IL11RA,KLRF1,-0.036234915256500244,15
7923,COX6A1,TUFM,AURKB,0.012174821458756924,24
7924,DNAJA1,FABP1,KLRF1,0.010378260165452957,23
7925,HNRNPK,PIGR,AURKB,-0.01250133290886879,21
7926,HNRNPK,JTB,KRT7,-0.005679684691131115,20
7927,TXNIP,ID2,LINC00954,-0.11626330018043518,11
7928,GSTP1,JTB,CDK5R1,0.017467396333813667,27
7929,TMBIM6,JTB,AURKB,0.009504081681370735,26
7930,TXNIP,ID2,REP15,-0.11738333106040955,11
7931,GABARAP,CDK2AP2,KLRF1,0.009310971945524216,30
7932,TMBIM6,IL32,UBASH3A,0.0417049303650856,29
7933,DNAJA1,IL32,CDK5R1,0.04649578779935837,34
7934,TMBIM6,SLC25A5,KRT7,0.011653892695903778,25
7935,COX6A1,JTB,CDK5R1,0.009878885000944138,24
7936,LGALS3,CDK2AP2,KLRF1,0.012394740246236324,25
7937,CHCHD2,CYCS,MRC1,0.015097090974450111,28
7938,EID1,PIGR,KRT7,-0.01032252050936222,21
7939,TXNIP,FABP1,LINC00954,-0.11949142068624496,6
7940,TMBIM6,HSPD1,H4C11,0.014089895412325859,25
7941,GSTP1,ID2,AURKB,0.028311286121606827,28
7942,CHCHD2,PLP2,UBASH3A,-0.0039610909298062325,20
7943,DNAJA1,IL32,SIK1,0.04525019973516464,32
7944,COX6A1,TUFM,H4C11,0.01218528114259243,25
7945,BTG2,IL32,REP15,-0.011556113138794899,20
7946,DNAJA1,HSPD1,REP15,0.03128401190042496,25
7947,IFITM2,COL15A1,REP15,-0.028138194233179092,20
7948,BTF3,IL11RA,MRC1,0.00825580209493637,23
7949,GABARAP,APRT,LINC00954,0.029352659359574318,27
7950,TXNIP,IL11RA,SAMD10,-0.1309071183204651,6
7951,IFITM2,APRT,LINC00954,0.023628029972314835,28
7952,IFITM2,PIGR,KLRF1,0.010981500148773193,23
7953,IFITM2,PIGR,REP15,0.01428072340786457,23
7954,BTF3,FABP1,IGKV2D-28,-0.0037079909816384315,21
7955,GABARAP,TUFM,H4C11,0.018515434116125107,31
7956,GPX4,IL11RA,ZNF671,-0.010447226464748383,20
7957,GSTP1,CDK2AP2,ZNF671,0.02919073775410652,26
7958,EID1,PLP2,LINC00954,-0.00885640736669302,21
7959,COX6A1,IL11RA,SAMD10,-0.0157876368612051,19
7960,PPP1R15A,CYCS,SIK1,-0.0037382624577730894,20
7961,GPX4,FABP1,MRC1,-0.0028508473187685013,22
7962,GPX4,SLC25A5,SAMD10,0.02946888655424118,27
7963,LGALS3,JTB,MRC1,0.004636213183403015,24
7964,TXNIP,HSPD1,H4C11,-0.09775875508785248,11
7965,TXNIP,COL15A1,AGAP2,-0.13861554861068726,6
7966,LGALS3,IL11RA,KRT7,-0.028328701853752136,14
7967,TXNIP,IL32,KRT7,-0.09893525391817093,12
7968,PPP1R15A,IL11RA,IGKV2D-28,-0.023274343460798264,16
7969,TXNIP,TUFM,MRC1,-0.11416679620742798,7
7970,EID1,PLP2,MRC1,-0.009976291097700596,21
7971,CHCHD2,FABP1,H4C11,-0.0009746204596012831,21
7972,GABARAP,JTB,ZNF671,0.020736780017614365,30
7973,EID1,JTB,ZNF671,0.0007444916991516948,22
7974,BTF3,IL11RA,AGAP2,0.005111259408295155,23
7975,DNAJA1,PIGR,IL18RAP,0.026460513472557068,24
7976,IFITM2,IL32,MRC1,0.030822699889540672,29
7977,LGALS3,FABP1,KRT7,-0.057608865201473236,16
7978,PPP1R15A,IL32,CDK5R1,0.03595476597547531,29
7979,EID1,PIGR,IL18RAP,-0.007536124903708696,21
7980,BTF3,JTB,SIK1,0.0017855048645287752,25
7981,GABARAP,ID2,AGAP2,0.016948850825428963,27
7982,GSTP1,HSPD1,CDK5R1,0.031078580766916275,30
7983,COX6A1,ID2,SIK1,-0.001045948825776577,22
7984,IFITM2,PIGR,REP15,0.01428072340786457,23
7985,COX6A1,TUFM,KRT7,0.012519370764493942,24
7986,HNRNPK,PLP2,IL18RAP,-0.018927842378616333,19
7987,LGALS3,SFRP4,AGAP2,0.017775338143110275,26
7988,GSTP1,CYCS,MRC1,0.017567843198776245,28
7989,BTG2,ID2,H4C11,-0.02842690795660019,15
7990,GSTP1,CYCS,UBASH3A,0.019969820976257324,28
7991,IFITM2,HSPD1,MRC1,0.025645963847637177,28
7992,LGALS3,CYCS,REP15,-0.0035087154246866703,21
7993,PPP1R15A,CYCS,REP15,-0.00358026335015893,20
7994,GSTP1,CYCS,KLRF1,0.019767744466662407,28
7995,CHCHD2,SFRP4,SIK1,0.007681675720959902,23
7996,BTF3,CYCS,UBASH3A,0.016493787989020348,27
7997,TMBIM6,TUFM,IL18RAP,0.0055403513833880424,26
7998,BTF3,PIGR,KLRF1,-0.001085595809854567,21
7999,CHCHD2,TUFM,MRC1,0.010463258251547813,26
8000,BTG2,PIGR,ZNF671,-0.05195288360118866,13
8001,GPX4,PIGR,IGKV2D-28,0.009615606628358364,24
8002,LGALS3,CDK2AP2,KLRF1,0.012394740246236324,25
8003,CHCHD2,IL32,CDK5R1,0.033117081969976425,33
8004,DNAJA1,PLP2,REP15,0.009828321635723114,27
8005,TXNIP,HSPD1,CDK5R1,-0.10062798857688904,11
8006,GPX4,HSPD1,UBASH3A,0.03726611286401749,27
8007,CHCHD2,PIGR,UBASH3A,2.994989881699439e-05,22
8008,DNAJA1,PIGR,REP15,0.025525469332933426,24
8009,EID1,COL15A1,KLRF1,-0.04469921812415123,14
8010,HNRNPK,PLP2,IGKV2D-28,-0.019449178129434586,19
8011,TXNIP,CDK2AP2,SAMD10,-0.10170042514801025,7
8012,GPX4,TUFM,REP15,0.013222575187683105,27
8013,PPP1R15A,CYCS,CDK5R1,-0.0036252541467547417,20
8014,DNAJA1,HSPD1,IL18RAP,0.03684251382946968,26
8015,TXNIP,CYCS,ZNF671,-0.10466405749320984,9
8016,EID1,CDK2AP2,ZNF671,-0.0008435926283709705,22
8017,CHCHD2,JTB,CDK5R1,0.014871727675199509,25
8018,LGALS3,JTB,MRC1,0.004636213183403015,24
8019,EID1,PLP2,ZNF671,-0.012165702879428864,21
8020,LGALS3,CYCS,IL18RAP,-0.0041365912184119225,20
8021,PPP1R15A,ID2,KLRF1,-0.013093073852360249,22
8022,COX6A1,SFRP4,SAMD10,-0.0007532748859375715,22
8023,PPP1R15A,CDK2AP2,LINC00954,-0.010435368865728378,20
8024,GPX4,COL15A1,SIK1,-0.005779094062745571,21
8025,LGALS3,ID2,ZNF671,-0.03075343742966652,21
8026,COX6A1,HSPD1,IGKV2D-28,0.019689660519361496,28
8027,PPP1R15A,IL11RA,LINC00954,-0.023359009996056557,17
8028,TMBIM6,APRT,KLRF1,0.020756416022777557,27
8029,IFITM2,IL11RA,CDK5R1,0.001108754426240921,23
8030,HNRNPK,SLC25A5,REP15,-0.010723489336669445,19
8031,DNAJA1,SLC25A5,LINC00954,0.02760024555027485,25
8032,TXNIP,HSPD1,ZNF671,-0.09826578199863434,11
8033,BTG2,CYCS,KLRF1,-0.02298898622393608,16
8034,CHCHD2,TUFM,SIK1,0.012417986989021301,27
8035,EID1,CYCS,UBASH3A,0.0009448064956814051,22
8036,TXNIP,FABP1,IGKV2D-28,-0.11592753231525421,6
8037,EID1,IL32,KRT7,0.016816288232803345,30
8038,PPP1R15A,IL32,AURKB,0.034812264144420624,29
8039,PPP1R15A,CDK2AP2,SAMD10,-0.010548178106546402,20
8040,IFITM2,IL32,AGAP2,0.03135519474744797,29
8041,TXNIP,FABP1,UBASH3A,-0.12154138088226318,6
8042,IFITM2,PLP2,IGKV2D-28,0.017898602411150932,25
8043,BTG2,CDK2AP2,AURKB,-0.015755392611026764,19
8044,DNAJA1,APRT,REP15,0.033691488206386566,29
8045,PPP1R15A,SLC25A5,H4C11,-0.005790563300251961,20
8046,TMBIM6,ID2,H4C11,0.012616623193025589,26
8047,TXNIP,PLP2,ZNF671,-0.111182302236557,4
8048,CHCHD2,FABP1,IGKV2D-28,-0.0014894711785018444,22
8049,IFITM2,JTB,ZNF671,0.00544392317533493,24
8050,EID1,SFRP4,SAMD10,0.01441849023103714,25
8051,GPX4,SLC25A5,IGKV2D-28,0.03017456829547882,27
8052,LGALS3,APRT,SIK1,0.0075599513947963715,23
8053,PPP1R15A,SLC25A5,IL18RAP,-0.00901433452963829,21
8054,HNRNPK,COL15A1,KRT7,-0.013403519056737423,20
8055,TMBIM6,PIGR,UBASH3A,0.0006994570721872151,22
8056,GSTP1,SFRP4,ZNF671,0.01982111856341362,27
8057,GABARAP,TUFM,KRT7,0.01501696277409792,31
8058,GABARAP,SFRP4,MRC1,0.020740240812301636,28
8059,CHCHD2,TUFM,ZNF671,0.01065647043287754,25
8060,GPX4,SFRP4,AGAP2,0.028208725154399872,31
8061,GSTP1,APRT,CDK5R1,0.02688564360141754,27
8062,TXNIP,ID2,AGAP2,-0.11686033010482788,10
8063,TXNIP,COL15A1,KRT7,-0.13892841339111328,6
8064,BTF3,PLP2,REP15,-0.005891567096114159,21
8065,GABARAP,JTB,AURKB,0.021712172776460648,31
8066,PPP1R15A,CDK2AP2,SAMD10,-0.010548178106546402,20
8067,PPP1R15A,FABP1,SIK1,-0.02369045466184616,15
8068,GABARAP,ID2,IGKV2D-28,0.01644948497414589,27
8069,COX6A1,TUFM,KRT7,0.012519370764493942,24
8070,TMBIM6,IL11RA,AURKB,-0.013440418988466263,17
8071,CHCHD2,CYCS,SAMD10,0.016435936093330383,27
8072,CHCHD2,APRT,SAMD10,0.016004439443349838,27
8073,EID1,PIGR,REP15,-0.006564811337739229,20
8074,IFITM2,PIGR,MRC1,0.012462614104151726,23
8075,COX6A1,PIGR,LINC00954,-0.008363055996596813,21
8076,GABARAP,SFRP4,SIK1,0.016049694269895554,29
8077,TXNIP,CDK2AP2,IL18RAP,-0.10176940262317657,7
8078,GSTP1,FABP1,AGAP2,-0.0008569661295041442,21
8079,GPX4,CDK2AP2,KRT7,0.02766372635960579,29
8080,CHCHD2,IL11RA,H4C11,-0.004330577794462442,20
8081,GPX4,HSPD1,AGAP2,0.037874478846788406,28
8082,LGALS3,ID2,SAMD10,-0.01920124888420105,21
8083,GPX4,ID2,KRT7,0.02145843766629696,27
8084,GPX4,IL11RA,ZNF671,-0.010447226464748383,20
8085,GABARAP,PLP2,KLRF1,-0.0009867418557405472,22
8086,GABARAP,CDK2AP2,MRC1,0.00921334233134985,31
8087,TMBIM6,APRT,KRT7,0.021380756050348282,27
8088,CHCHD2,SFRP4,LINC00954,0.00831998884677887,23
8089,PPP1R15A,COL15A1,REP15,-0.014862561598420143,18
8090,EID1,HSPD1,IL18RAP,-0.006586049683392048,21
8091,EID1,HSPD1,KRT7,-0.008846936747431755,21
8092,GPX4,SLC25A5,SAMD10,0.02946888655424118,27
8093,CHCHD2,FABP1,KRT7,-0.0015800652327015996,22
8094,LGALS3,SLC25A5,KLRF1,0.0052926912903785706,23
8095,BTF3,TUFM,H4C11,0.018024366348981857,24
8096,LGALS3,IL11RA,ZNF671,-0.030786866322159767,14
8097,CHCHD2,APRT,SIK1,0.015607515349984169,27
8098,EID1,IL11RA,H4C11,-0.02967698685824871,16
8099,TXNIP,SLC25A5,LINC00954,-0.08967725932598114,9
8100,LGALS3,IL32,REP15,0.01882886327803135,27
8101,GPX4,IL32,MRC1,0.055684834718704224,31
8102,LGALS3,APRT,AURKB,-0.0037420145235955715,21
8103,TMBIM6,HSPD1,AURKB,0.010820543393492699,25
8104,EID1,IL11RA,H4C11,-0.02967698685824871,16
8105,LGALS3,JTB,MRC1,0.004636213183403015,24
8106,EID1,IL11RA,REP15,-0.02510366588830948,16
8107,GABARAP,IL11RA,SIK1,-0.013845426961779594,19
8108,LGALS3,IL32,ZNF671,0.02199922874569893,27
8109,COX6A1,ID2,CDK5R1,-0.0011401575757190585,22
8110,DNAJA1,IL11RA,AURKB,0.010446665808558464,25
8111,CHCHD2,PLP2,AGAP2,-0.004336919169872999,20
8112,TXNIP,ID2,REP15,-0.11738333106040955,11
8113,PPP1R15A,APRT,H4C11,0.0023190518841147423,24
8114,TXNIP,PIGR,KLRF1,-0.1221553385257721,7
8115,DNAJA1,JTB,SAMD10,0.017670288681983948,26
8116,GABARAP,TUFM,ZNF671,0.012101845815777779,30
8117,HNRNPK,COL15A1,IL18RAP,-0.013233151286840439,20
8118,GABARAP,PIGR,KLRF1,0.0020536179654300213,22
8119,TMBIM6,CYCS,IGKV2D-28,0.0017160531133413315,22
8120,BTG2,PIGR,H4C11,-0.05202007293701172,14
8121,PPP1R15A,JTB,UBASH3A,-0.0054701040498912334,20
8122,TMBIM6,APRT,IGKV2D-28,0.022043820470571518,27
8123,BTF3,PLP2,MRC1,-0.004738179966807365,21
8124,EID1,IL32,ZNF671,0.018741073086857796,30
8125,GPX4,COL15A1,SIK1,-0.005779094062745571,21
8126,GPX4,FABP1,REP15,-0.001281257253140211,22
8127,HNRNPK,CDK2AP2,SAMD10,-0.005768991075456142,20
8128,GPX4,IL11RA,UBASH3A,-0.007880575954914093,20
8129,COX6A1,SFRP4,H4C11,0.001068138750270009,22
8130,DNAJA1,IL11RA,MRC1,0.010646939277648926,26
8131,CHCHD2,SFRP4,AURKB,0.008659210987389088,24
8132,PPP1R15A,APRT,LINC00954,0.0028411608655005693,23
8133,BTG2,IL32,IL18RAP,-0.012785406783223152,20
8134,IFITM2,APRT,IGKV2D-28,0.028673993423581123,28
8135,GABARAP,TUFM,REP15,0.016375992447137833,30
8136,GSTP1,APRT,SIK1,0.024285998195409775,28
8137,CHCHD2,CDK2AP2,KLRF1,0.007096839137375355,24
8138,PPP1R15A,ID2,H4C11,0.002328464761376381,22
8139,CHCHD2,ID2,MRC1,0.0007394066196866333,22
8140,EID1,FABP1,REP15,-0.02040954679250717,19
8141,TMBIM6,TUFM,KRT7,0.007435202598571777,24
8142,IFITM2,CYCS,KRT7,0.019848838448524475,28
8143,TMBIM6,JTB,AGAP2,0.009587246924638748,26
8144,CHCHD2,COL15A1,SAMD10,-0.016582820564508438,17
8145,CHCHD2,SFRP4,KLRF1,0.00879919994622469,23
8146,BTF3,SLC25A5,IGKV2D-28,0.016983453184366226,26
8147,CHCHD2,HSPD1,LINC00954,0.008670195937156677,25
8148,HNRNPK,SLC25A5,UBASH3A,-0.008937383070588112,19
8149,TXNIP,APRT,IGKV2D-28,-0.0842885822057724,8
8150,BTF3,PLP2,ZNF671,-0.005832343362271786,21
8151,IFITM2,HSPD1,MRC1,0.025645963847637177,28
8152,PPP1R15A,HSPD1,KLRF1,0.00886661559343338,23
8153,COX6A1,IL32,KRT7,0.020600484684109688,28
8154,GSTP1,TUFM,H4C11,0.006613250821828842,25
8155,DNAJA1,FABP1,KLRF1,0.010378260165452957,23
8156,HNRNPK,SLC25A5,AURKB,-0.010125266388058662,19
8157,GABARAP,PLP2,KRT7,-0.0009867418557405472,22
8158,BTF3,CYCS,CDK5R1,0.017853159457445145,28
8159,GPX4,JTB,MRC1,0.026651374995708466,29
8160,COX6A1,APRT,IL18RAP,0.011901970952749252,23
8161,LGALS3,PLP2,UBASH3A,-0.020736468955874443,19
8162,BTG2,CYCS,REP15,-0.02099648118019104,17
8163,LGALS3,JTB,MRC1,0.004636213183403015,24
8164,IFITM2,PIGR,LINC00954,0.014805815182626247,24
8165,BTF3,COL15A1,SAMD10,-0.01778038591146469,17
8166,HNRNPK,PLP2,AURKB,-0.018946737051010132,19
8167,EID1,SLC25A5,AGAP2,-0.008960342034697533,21
8168,TMBIM6,TUFM,AURKB,0.005747108720242977,24
8169,CHCHD2,CDK2AP2,ZNF671,0.009203169494867325,25
8170,CHCHD2,SLC25A5,UBASH3A,0.004678616300225258,27
8171,BTG2,IL11RA,AGAP2,-0.048196256160736084,10
8172,HNRNPK,TUFM,AURKB,-0.006585101597011089,19
8173,EID1,TUFM,ZNF671,0.0010554970940575004,22
8174,GPX4,IL11RA,SAMD10,-0.007464230060577393,20
8175,BTG2,JTB,H4C11,-0.019762232899665833,18
8176,GABARAP,ID2,KRT7,0.016863210126757622,27
8177,GPX4,FABP1,REP15,-0.001281257253140211,22
8178,HNRNPK,HSPD1,IGKV2D-28,0.0051517244428396225,24
8179,IFITM2,PLP2,IGKV2D-28,0.017898602411150932,25
8180,HNRNPK,SFRP4,SAMD10,0.0043053352274000645,22
8181,GABARAP,COL15A1,AURKB,-0.004613093566149473,21
8182,PPP1R15A,IL11RA,IL18RAP,-0.01917249895632267,17
8183,PPP1R15A,IL32,AGAP2,0.03847305849194527,29
8184,COX6A1,COL15A1,ZNF671,-0.011425056494772434,21
8185,BTF3,PIGR,IL18RAP,0.0013021677732467651,22
8186,GPX4,CDK2AP2,SIK1,0.030612045899033546,29
8187,GSTP1,IL11RA,SAMD10,-0.00527656264603138,21
8188,IFITM2,SFRP4,ZNF671,0.02773386240005493,27
8189,PPP1R15A,IL11RA,MRC1,-0.023994650691747665,16
8190,PPP1R15A,IL32,KLRF1,0.03462813049554825,29
8191,CHCHD2,SLC25A5,UBASH3A,0.004678616300225258,27
8192,IFITM2,CDK2AP2,SAMD10,0.009991439059376717,23
8193,GPX4,FABP1,SIK1,-0.0011725510703399777,22
8194,IFITM2,SLC25A5,REP15,0.019404180347919464,28
8195,DNAJA1,PIGR,CDK5R1,0.024765267968177795,23
8196,EID1,IL11RA,H4C11,-0.02967698685824871,16
8197,BTG2,APRT,LINC00954,-0.02507002092897892,19
8198,PPP1R15A,HSPD1,LINC00954,0.009169671684503555,24
8199,BTG2,TUFM,CDK5R1,-0.025159168988466263,16
8200,LGALS3,PIGR,KRT7,-0.021840911358594894,19
8201,GPX4,ID2,AGAP2,0.02010759897530079,27
8202,LGALS3,CDK2AP2,ZNF671,0.008410007692873478,24
8203,EID1,IL32,UBASH3A,0.021004118025302887,30
8204,HNRNPK,IL11RA,CDK5R1,-0.03649205341935158,15
8205,CHCHD2,APRT,AURKB,0.016329923644661903,27
8206,PPP1R15A,SLC25A5,REP15,-0.013031247071921825,20
8207,GPX4,PLP2,H4C11,0.011120602488517761,25
8208,TMBIM6,FABP1,IL18RAP,-0.005821072030812502,20
8209,LGALS3,CDK2AP2,LINC00954,0.012986458837985992,25
8210,GPX4,SFRP4,KLRF1,0.02871645614504814,31
8211,GPX4,FABP1,MRC1,-0.0028508473187685013,22
8212,CHCHD2,SFRP4,KLRF1,0.00879919994622469,23
8213,GPX4,APRT,ZNF671,0.023418661206960678,31
8214,BTG2,CDK2AP2,CDK5R1,-0.015317803248763084,19
8215,TMBIM6,COL15A1,AGAP2,-0.01543864794075489,16
8216,CHCHD2,SLC25A5,ZNF671,0.003952927887439728,28
8217,LGALS3,PLP2,IGKV2D-28,-0.02163965441286564,20
8218,HNRNPK,CYCS,AGAP2,-0.006444822996854782,20
8219,GPX4,COL15A1,REP15,0.0012008423218503594,22
8220,PPP1R15A,FABP1,IL18RAP,-0.016957571730017662,16
8221,GABARAP,HSPD1,SAMD10,0.020913016051054,28
8222,BTF3,SFRP4,H4C11,0.008294927887618542,24
8223,IFITM2,COL15A1,AGAP2,-0.02591138333082199,20
8224,GSTP1,PIGR,AGAP2,0.007154857739806175,23
8225,DNAJA1,TUFM,IGKV2D-28,0.032913289964199066,28
8226,TXNIP,PLP2,SAMD10,-0.11116963624954224,5
8227,HNRNPK,PIGR,KRT7,-0.013244438916444778,21
8228,LGALS3,COL15A1,SIK1,-0.022418441250920296,16
8229,IFITM2,IL11RA,AGAP2,-0.000777576700784266,22
8230,LGALS3,PLP2,REP15,-0.022661566734313965,20
8231,TMBIM6,COL15A1,CDK5R1,-0.016326142475008965,17
8232,HNRNPK,SFRP4,SAMD10,0.0043053352274000645,22
8233,DNAJA1,SLC25A5,REP15,0.02433256059885025,24
8234,CHCHD2,HSPD1,IL18RAP,0.008770609274506569,25
8235,GSTP1,CDK2AP2,AGAP2,0.02903781831264496,26
8236,IFITM2,SFRP4,UBASH3A,0.028267424553632736,27
8237,PPP1R15A,PLP2,IL18RAP,-0.013139539398252964,18
8238,BTG2,PIGR,UBASH3A,-0.052665479481220245,13
8239,PPP1R15A,CYCS,SIK1,-0.0037382624577730894,20
8240,DNAJA1,CDK2AP2,H4C11,0.0325244702398777,29
8241,HNRNPK,IL32,AGAP2,0.02580016851425171,28
8242,IFITM2,IL32,LINC00954,0.03133838623762131,29
8243,BTF3,CDK2AP2,ZNF671,-0.003137912368401885,20
8244,BTG2,SLC25A5,IL18RAP,-0.020648129284381866,18
8245,PPP1R15A,APRT,LINC00954,0.0028411608655005693,23
8246,COX6A1,SFRP4,SIK1,0.003623278345912695,23
8247,TMBIM6,CDK2AP2,IGKV2D-28,0.004875555168837309,24
8248,TXNIP,FABP1,CDK5R1,-0.11982573568820953,7
8249,LGALS3,IL11RA,KRT7,-0.028328701853752136,14
8250,HNRNPK,APRT,IL18RAP,0.002897704252973199,23
8251,GABARAP,CYCS,H4C11,0.01883447729051113,32
8252,EID1,CYCS,MRC1,-0.006360027007758617,21
8253,GABARAP,SLC25A5,AURKB,0.023580726236104965,26
8254,COX6A1,CDK2AP2,H4C11,0.008213452994823456,25
8255,GPX4,CDK2AP2,H4C11,0.03046552464365959,29
8256,TMBIM6,IL11RA,ZNF671,-0.0123515073210001,17
8257,DNAJA1,PIGR,LINC00954,0.025594107806682587,24
8258,TMBIM6,IL32,AGAP2,0.03956037014722824,29
8259,TMBIM6,CDK2AP2,KRT7,0.004986171144992113,24
8260,GSTP1,IL32,IL18RAP,0.038897860795259476,33
8261,DNAJA1,PIGR,LINC00954,0.025594107806682587,24
8262,GSTP1,SFRP4,CDK5R1,0.0190105140209198,28
8263,LGALS3,SLC25A5,AGAP2,0.006082599051296711,23
8264,LGALS3,JTB,IGKV2D-28,0.004636213183403015,24
8265,GSTP1,JTB,SIK1,0.016068819910287857,25
8266,DNAJA1,CDK2AP2,AURKB,0.027329258620738983,28
8267,IFITM2,SLC25A5,KLRF1,0.022543147206306458,27
8268,HNRNPK,PIGR,KRT7,-0.013244438916444778,21
8269,PPP1R15A,PLP2,AURKB,-0.017762135714292526,17
8270,CHCHD2,PLP2,KLRF1,-0.0035740963649004698,20
8271,HNRNPK,ID2,IGKV2D-28,-0.0029419981874525547,21
8272,BTF3,SFRP4,UBASH3A,0.009400654584169388,24
8273,EID1,FABP1,KLRF1,-0.02131003886461258,19
8274,LGALS3,COL15A1,UBASH3A,-0.029251202940940857,16
8275,BTF3,APRT,KLRF1,0.016313470900058746,28
8276,IFITM2,TUFM,LINC00954,0.009912688285112381,25
8277,EID1,CYCS,IGKV2D-28,-0.00488638412207365,21
8278,EID1,SFRP4,UBASH3A,0.014758531004190445,27
8279,COX6A1,PIGR,IGKV2D-28,-0.011308233253657818,21
8280,HNRNPK,PIGR,AGAP2,-0.011570977047085762,21
8281,COX6A1,CYCS,MRC1,0.013104931451380253,27
8282,LGALS3,JTB,IGKV2D-28,0.004636213183403015,24
8283,DNAJA1,ID2,SAMD10,0.025081470608711243,27
8284,BTG2,HSPD1,CDK5R1,-0.03766949474811554,16
8285,GPX4,IL32,LINC00954,0.05776579678058624,32
8286,HNRNPK,IL32,IL18RAP,0.0382327176630497,28
8287,IFITM2,ID2,H4C11,0.01751600205898285,24
8288,HNRNPK,TUFM,SIK1,-0.005616507492959499,20
8289,GABARAP,APRT,AGAP2,0.02346927300095558,29
8290,BTG2,PIGR,SAMD10,-0.05275467038154602,12
8291,TXNIP,CYCS,IGKV2D-28,-0.10051458328962326,9
8292,PPP1R15A,COL15A1,CDK5R1,-0.020595334470272064,18
8293,TXNIP,APRT,SIK1,-0.08697796612977982,8
8294,IFITM2,TUFM,IGKV2D-28,0.00959792360663414,25
8295,BTG2,PLP2,AURKB,-0.04057843238115311,12
8296,CHCHD2,ID2,CDK5R1,0.0004331112722866237,22
8297,BTG2,PLP2,LINC00954,-0.037110984325408936,13
8298,BTF3,PIGR,AURKB,0.0013082862133160233,22
8299,LGALS3,COL15A1,REP15,-0.02892700582742691,16
8300,CHCHD2,APRT,ZNF671,0.017406878992915154,28
8301,TMBIM6,CDK2AP2,AURKB,0.00503375381231308,24
8302,LGALS3,ID2,KRT7,-0.020548924803733826,21
8303,TMBIM6,PLP2,KRT7,0.0009913020767271519,22
8304,HNRNPK,IL32,UBASH3A,0.029942411929368973,27
8305,CHCHD2,TUFM,ZNF671,0.01065647043287754,25
8306,BTG2,TUFM,IGKV2D-28,-0.02636365406215191,16
8307,TXNIP,SLC25A5,IL18RAP,-0.09035253524780273,9
8308,LGALS3,IL32,IL18RAP,0.023640405386686325,27
8309,GSTP1,COL15A1,AGAP2,-0.008102535270154476,21
8310,TMBIM6,ID2,AGAP2,0.011960269883275032,26
8311,GABARAP,COL15A1,SIK1,-0.006675610318779945,21
8312,PPP1R15A,CDK2AP2,SIK1,-0.008016466163098812,20
8313,IFITM2,APRT,AGAP2,0.022982077673077583,29
8314,EID1,HSPD1,UBASH3A,-0.008473290130496025,21
8315,LGALS3,HSPD1,AURKB,0.009834258817136288,23
8316,GPX4,CYCS,LINC00954,0.027812421321868896,25
8317,DNAJA1,FABP1,KLRF1,0.010378260165452957,23
8318,GSTP1,JTB,SIK1,0.016068819910287857,25
8319,COX6A1,CYCS,IL18RAP,0.013085246086120605,27
8320,PPP1R15A,IL32,UBASH3A,0.033756740391254425,29
8321,LGALS3,PLP2,LINC00954,-0.015027115121483803,20
8322,GSTP1,PLP2,IGKV2D-28,-0.0011818479979410768,21
8323,TXNIP,IL32,KLRF1,-0.09646058827638626,12
8324,GSTP1,FABP1,IL18RAP,0.0023775161243975163,22
8325,GSTP1,HSPD1,AURKB,0.030157528817653656,29
8326,LGALS3,COL15A1,ZNF671,-0.035192910581827164,16
8327,CHCHD2,IL11RA,AURKB,-0.006351594813168049,21
8328,GABARAP,ID2,MRC1,0.01480947621166706,27
8329,COX6A1,SLC25A5,REP15,-0.0012714965268969536,22
8330,IFITM2,CDK2AP2,SIK1,0.010217824950814247,23
8331,TXNIP,APRT,KLRF1,-0.09178249537944794,8
8332,HNRNPK,JTB,AGAP2,-0.005324273370206356,20
8333,BTG2,PIGR,KRT7,-0.05354961380362511,13
8334,TXNIP,TUFM,IL18RAP,-0.10536790639162064,7
8335,HNRNPK,COL15A1,H4C11,-0.01282518357038498,19
8336,BTF3,SFRP4,MRC1,0.00933842733502388,24
8337,TMBIM6,PIGR,H4C11,-0.0003861391742248088,22
8338,IFITM2,PIGR,IL18RAP,0.011518997140228748,23
8339,TXNIP,IL32,AGAP2,-0.0964876264333725,12
8340,CHCHD2,FABP1,CDK5R1,-0.0005957998801022768,22
8341,GSTP1,FABP1,MRC1,0.0023921248503029346,22
8342,TXNIP,APRT,KLRF1,-0.09178249537944794,8
8343,GSTP1,FABP1,ZNF671,-0.0006286107236519456,21
8344,LGALS3,COL15A1,KLRF1,-0.028960926458239555,16
8345,HNRNPK,TUFM,ZNF671,-0.0055009108036756516,19
8346,TXNIP,FABP1,AURKB,-0.1206056997179985,6
8347,CHCHD2,CYCS,SIK1,0.015860754996538162,27
8348,GABARAP,SLC25A5,IL18RAP,0.02637050673365593,27
8349,DNAJA1,APRT,MRC1,0.032634347677230835,29
8350,CHCHD2,CDK2AP2,AURKB,0.007096839137375355,24
8351,DNAJA1,FABP1,H4C11,0.009502806700766087,23
8352,GPX4,SLC25A5,ZNF671,0.029347890987992287,27
8353,TXNIP,COL15A1,LINC00954,-0.1262800246477127,6
8354,HNRNPK,TUFM,REP15,-0.0029068237636238337,20
8355,LGALS3,PLP2,CDK5R1,-0.022336391732096672,20
8356,BTF3,PIGR,LINC00954,-0.0009316102368757129,21
8357,BTG2,COL15A1,IL18RAP,-0.06532932817935944,13
8358,GSTP1,CDK2AP2,MRC1,0.030635874718427658,26
8359,LGALS3,CDK2AP2,AGAP2,0.013061393052339554,25
8360,CHCHD2,APRT,IGKV2D-28,0.01629151776432991,27
8361,HNRNPK,CDK2AP2,CDK5R1,-0.002904703374952078,22
8362,GABARAP,CDK2AP2,KLRF1,0.009310971945524216,30
8363,GABARAP,ID2,CDK5R1,0.017516467720270157,27
8364,GPX4,IL32,REP15,0.055697206407785416,32
8365,EID1,PLP2,AGAP2,-0.011124420911073685,21
8366,COX6A1,APRT,ZNF671,0.011758342385292053,23
8367,GSTP1,COL15A1,H4C11,-0.005194582976400852,21
8368,LGALS3,IL11RA,CDK5R1,-0.027930453419685364,14
8369,GSTP1,TUFM,REP15,0.007098444737493992,26
8370,CHCHD2,SFRP4,UBASH3A,0.01051604375243187,23
8371,PPP1R15A,APRT,LINC00954,0.0028411608655005693,23
8372,BTG2,CYCS,AURKB,-0.023496408015489578,16
8373,GSTP1,TUFM,H4C11,0.006613250821828842,25
8374,TXNIP,PIGR,AGAP2,-0.1201007068157196,7
8375,BTF3,PLP2,SIK1,-0.005765070207417011,21
8376,IFITM2,APRT,SIK1,0.01976291835308075,29
8377,COX6A1,SLC25A5,REP15,-0.0012714965268969536,22
8378,GABARAP,PIGR,IGKV2D-28,0.0021965911146253347,22
8379,COX6A1,CDK2AP2,AGAP2,0.007590378634631634,25
8380,BTG2,JTB,REP15,-0.02307659015059471,18
8381,TXNIP,APRT,UBASH3A,-0.09128100425004959,8
8382,PPP1R15A,FABP1,KLRF1,-0.024133853614330292,15
8383,DNAJA1,SLC25A5,IL18RAP,0.041538652032613754,27
8384,GPX4,CDK2AP2,REP15,0.028996150940656662,29
8385,GABARAP,APRT,AGAP2,0.02346927300095558,29
8386,PPP1R15A,CDK2AP2,KRT7,-0.011244753375649452,20
8387,GPX4,SFRP4,SAMD10,0.029376372694969177,30
8388,LGALS3,PIGR,IGKV2D-28,-0.02125205658376217,19
8389,COX6A1,IL32,AGAP2,0.02067382261157036,29
8390,EID1,HSPD1,CDK5R1,-0.011204295791685581,20
8391,LGALS3,IL32,CDK5R1,0.025054747238755226,27
8392,BTG2,COL15A1,KLRF1,-0.06545496731996536,13
8393,TMBIM6,PLP2,IL18RAP,0.0020668304059654474,23
8394,COX6A1,SFRP4,IL18RAP,0.008024065755307674,23
8395,GABARAP,FABP1,ZNF671,0.0005217030993662775,23
8396,DNAJA1,CYCS,KLRF1,0.03103126585483551,27
8397,LGALS3,ID2,CDK5R1,-0.018976446241140366,21
8398,LGALS3,JTB,UBASH3A,0.0042679584585130215,24
8399,TXNIP,SLC25A5,IGKV2D-28,-0.08871181309223175,9
8400,GABARAP,APRT,UBASH3A,0.022095952183008194,28
8401,HNRNPK,APRT,H4C11,0.002983270213007927,23
8402,DNAJA1,FABP1,AURKB,0.011942610144615173,23
8403,HNRNPK,JTB,AURKB,-0.005577264353632927,20
8404,PPP1R15A,PLP2,SIK1,-0.019626175984740257,17
8405,EID1,HSPD1,KRT7,-0.008846936747431755,21
8406,GABARAP,CDK2AP2,UBASH3A,0.010469087399542332,30
8407,GPX4,SFRP4,IGKV2D-28,0.0285111665725708,31
8408,IFITM2,SLC25A5,SAMD10,0.022658225148916245,27
8409,CHCHD2,TUFM,IGKV2D-28,0.01264958456158638,26
8410,HNRNPK,FABP1,AGAP2,-0.03292880952358246,17
8411,COX6A1,HSPD1,AURKB,0.019371751695871353,28
8412,TXNIP,TUFM,KRT7,-0.11228059232234955,7
8413,BTF3,ID2,LINC00954,0.005697951652109623,23
8414,COX6A1,CDK2AP2,AURKB,0.0064785052090883255,25
8415,GPX4,SLC25A5,REP15,0.02887401171028614,27
8416,IFITM2,JTB,KRT7,0.007856573909521103,25
8417,LGALS3,HSPD1,CDK5R1,0.010896032676100731,24
8418,IFITM2,IL11RA,AURKB,-0.00014519284013658762,22
8419,TXNIP,ID2,LINC00954,-0.11626330018043518,11
8420,GABARAP,FABP1,CDK5R1,0.003348695579916239,25
8421,COX6A1,TUFM,SIK1,0.01624508760869503,24
8422,GSTP1,CDK2AP2,KLRF1,0.030443210154771805,26
8423,IFITM2,CYCS,IGKV2D-28,0.01997559890151024,28
8424,TXNIP,CDK2AP2,AGAP2,-0.10188351571559906,7
8425,COX6A1,HSPD1,UBASH3A,0.01997065171599388,28
8426,EID1,HSPD1,AURKB,-0.008463306352496147,21
8427,GPX4,IL11RA,IL18RAP,-0.007922947406768799,20
8428,CHCHD2,APRT,UBASH3A,0.016468342393636703,27
8429,BTG2,ID2,CDK5R1,-0.032945290207862854,15
8430,BTF3,ID2,H4C11,0.002275333274155855,22
8431,EID1,COL15A1,CDK5R1,-0.04346310719847679,13
8432,EID1,IL32,AURKB,0.02046564593911171,30
8433,LGALS3,ID2,MRC1,-0.019486362114548683,21
8434,TMBIM6,SFRP4,SIK1,0.014882865361869335,24
8435,COX6A1,SFRP4,AGAP2,0.002814530162140727,23
8436,IFITM2,PLP2,MRC1,0.017064597457647324,25
8437,TMBIM6,ID2,SAMD10,0.015287691727280617,26
8438,TXNIP,CDK2AP2,REP15,-0.09760400652885437,8
8439,BTF3,APRT,REP15,0.016438405960798264,28
8440,COX6A1,SLC25A5,SAMD10,0.000970015418715775,22
8441,BTG2,TUFM,LINC00954,-0.025952599942684174,16
8442,COX6A1,IL32,LINC00954,0.020694509148597717,29
8443,GPX4,IL11RA,AGAP2,-0.008735756389796734,20
8444,EID1,CDK2AP2,UBASH3A,0.003130238736048341,23
8445,EID1,ID2,IL18RAP,-0.0014205067418515682,22
8446,GABARAP,FABP1,MRC1,0.0008028969168663025,23
8447,GABARAP,PIGR,LINC00954,0.010320506989955902,24
8448,GPX4,CDK2AP2,REP15,0.028996150940656662,29
8449,TMBIM6,TUFM,CDK5R1,0.006063615903258324,24
8450,LGALS3,SLC25A5,CDK5R1,0.008819330483675003,24
8451,EID1,COL15A1,AURKB,-0.043551474809646606,14
8452,HNRNPK,JTB,REP15,-0.005158280022442341,20
8453,BTF3,IL11RA,AGAP2,0.005111259408295155,23
8454,IFITM2,SFRP4,REP15,0.024899914860725403,28
8455,COX6A1,SLC25A5,IL18RAP,0.0007166161667555571,22
8456,GPX4,PIGR,AURKB,0.009615606628358364,24
8457,DNAJA1,FABP1,H4C11,0.009502806700766087,23
8458,LGALS3,FABP1,UBASH3A,-0.05681367218494415,16
8459,EID1,CDK2AP2,MRC1,-0.0003347347374074161,22
8460,GSTP1,HSPD1,AGAP2,0.030514921993017197,29
8461,GPX4,IL11RA,SAMD10,-0.007464230060577393,20
8462,GSTP1,PIGR,UBASH3A,0.006795730907469988,23
8463,CHCHD2,JTB,H4C11,0.01598813571035862,26
8464,CHCHD2,IL32,MRC1,0.0361671969294548,33
8465,BTG2,IL11RA,H4C11,-0.0492364838719368,10
8466,IFITM2,IL32,SAMD10,0.032181888818740845,29
8467,HNRNPK,ID2,CDK5R1,0.0017533949576318264,22
8468,EID1,IL32,LINC00954,0.019692525267601013,30
8469,DNAJA1,HSPD1,REP15,0.03128401190042496,25
8470,COX6A1,IL11RA,ZNF671,-0.015461927279829979,19
8471,BTF3,PIGR,SIK1,0.0013403529301285744,23
8472,PPP1R15A,TUFM,KRT7,-0.003068780992180109,21
8473,TMBIM6,HSPD1,REP15,0.010155363008379936,24
8474,HNRNPK,SFRP4,CDK5R1,0.004610775969922543,23
8475,DNAJA1,IL11RA,AURKB,0.010446665808558464,25
8476,GPX4,PLP2,IGKV2D-28,0.014144910499453545,26
8477,HNRNPK,IL11RA,SIK1,-0.03605295717716217,16
8478,COX6A1,CDK2AP2,IL18RAP,0.008013250306248665,26
8479,DNAJA1,COL15A1,KLRF1,-0.005820939317345619,19
8480,EID1,JTB,CDK5R1,0.0029963492415845394,23
8481,BTG2,CDK2AP2,MRC1,-0.013655970804393291,18
8482,TXNIP,PIGR,MRC1,-0.1217261403799057,7
8483,TXNIP,IL11RA,KLRF1,-0.13478055596351624,6
8484,DNAJA1,JTB,AGAP2,0.020671145990490913,25
8485,BTF3,FABP1,LINC00954,-0.005772491917014122,21
8486,DNAJA1,CYCS,AGAP2,0.03083251789212227,27
8487,BTG2,PIGR,REP15,-0.05432736128568649,13
8488,EID1,ID2,IGKV2D-28,-0.003330985549837351,21
8489,GPX4,HSPD1,ZNF671,0.03892027959227562,27
8490,COX6A1,ID2,ZNF671,-0.0011777993058785796,22
8491,DNAJA1,IL11RA,MRC1,0.010646939277648926,26
8492,CHCHD2,SFRP4,CDK5R1,0.008714749477803707,23
8493,PPP1R15A,ID2,KRT7,-0.014476768672466278,22
8494,TXNIP,APRT,H4C11,-0.0888008400797844,9
8495,IFITM2,CDK2AP2,KLRF1,0.010133454576134682,23
8496,TMBIM6,APRT,H4C11,0.02312486432492733,28
8497,CHCHD2,CDK2AP2,KRT7,0.007096839137375355,24
8498,TXNIP,PIGR,MRC1,-0.1217261403799057,7
8499,GPX4,HSPD1,LINC00954,0.03737854212522507,28
8500,EID1,APRT,UBASH3A,-0.00435705715790391,18
8501,TXNIP,SLC25A5,AURKB,-0.0905565619468689,9
8502,COX6A1,PLP2,KLRF1,-0.00754666980355978,19
8503,TMBIM6,SFRP4,IGKV2D-28,0.015522635541856289,26
8504,TMBIM6,HSPD1,REP15,0.010155363008379936,24
8505,TXNIP,CDK2AP2,AURKB,-0.10201409459114075,7
8506,DNAJA1,IL11RA,H4C11,0.019426602870225906,26
8507,GSTP1,CDK2AP2,MRC1,0.030635874718427658,26
8508,PPP1R15A,ID2,UBASH3A,-0.012674813158810139,22
8509,BTG2,COL15A1,KLRF1,-0.06545496731996536,13
8510,TMBIM6,JTB,IL18RAP,0.010924595408141613,26
8511,GPX4,ID2,CDK5R1,0.021542366594076157,27
8512,HNRNPK,JTB,H4C11,-0.004780604504048824,20
8513,BTF3,IL32,KRT7,0.05513802170753479,32
8514,PPP1R15A,JTB,KLRF1,-0.006954396143555641,20
8515,BTG2,COL15A1,IL18RAP,-0.06532932817935944,13
8516,CHCHD2,APRT,H4C11,0.01962314546108246,27
8517,GPX4,APRT,UBASH3A,0.025620434433221817,32
8518,LGALS3,JTB,SAMD10,0.003956856206059456,24
8519,GPX4,TUFM,IL18RAP,0.014602813869714737,27
8520,COX6A1,SLC25A5,IGKV2D-28,0.0005978600820526481,22
8521,IFITM2,CYCS,UBASH3A,0.02192544750869274,28
8522,GABARAP,HSPD1,REP15,0.01663973554968834,30
8523,HNRNPK,COL15A1,KRT7,-0.013403519056737423,20
8524,GPX4,CDK2AP2,SIK1,0.030612045899033546,29
8525,GPX4,PLP2,REP15,0.012268612161278725,26
8526,IFITM2,TUFM,KLRF1,0.008317632600665092,25
8527,PPP1R15A,PLP2,REP15,-0.0191546231508255,17
8528,BTF3,HSPD1,CDK5R1,0.008681314066052437,26
8529,BTG2,APRT,LINC00954,-0.02507002092897892,19
8530,TXNIP,TUFM,SIK1,-0.11155445873737335,7
8531,GPX4,CDK2AP2,KLRF1,0.03037782572209835,29
8532,DNAJA1,CDK2AP2,MRC1,0.027278605848550797,28
8533,EID1,COL15A1,SAMD10,-0.043039239943027496,14
8534,PPP1R15A,COL15A1,KLRF1,-0.016883905977010727,18
8535,HNRNPK,TUFM,H4C11,-0.00719894003123045,19
8536,TXNIP,COL15A1,REP15,-0.14022210240364075,6
8537,TMBIM6,APRT,MRC1,0.022632095962762833,26
8538,PPP1R15A,HSPD1,AURKB,0.008705629035830498,23
8539,EID1,PLP2,H4C11,-0.007019196171313524,22
8540,HNRNPK,COL15A1,UBASH3A,-0.013228015042841434,20
8541,GPX4,HSPD1,IGKV2D-28,0.03793705999851227,28
8542,GABARAP,PLP2,H4C11,-0.001767412293702364,21
8543,TMBIM6,HSPD1,MRC1,0.009459903463721275,26
8544,BTF3,HSPD1,KLRF1,0.008581181988120079,25
8545,PPP1R15A,IL11RA,IL18RAP,-0.01917249895632267,17
8546,IFITM2,COL15A1,ZNF671,-0.02766968309879303,20
8547,IFITM2,JTB,KRT7,0.007856573909521103,25
8548,HNRNPK,TUFM,IL18RAP,-0.006772731430828571,19
8549,GPX4,JTB,H4C11,0.025851186364889145,29
8550,LGALS3,IL32,UBASH3A,0.02340976521372795,27
8551,PPP1R15A,CDK2AP2,SAMD10,-0.010548178106546402,20
8552,PPP1R15A,CYCS,AURKB,-0.0037551820278167725,20
8553,HNRNPK,IL32,SAMD10,0.02428887039422989,27
8554,TMBIM6,CDK2AP2,AURKB,0.00503375381231308,24
8555,TXNIP,APRT,REP15,-0.08953061699867249,9
8556,BTG2,PLP2,AURKB,-0.04057843238115311,12
8557,HNRNPK,SFRP4,H4C11,0.00821779016405344,23
8558,GSTP1,CYCS,LINC00954,0.020242098718881607,28
8559,TXNIP,IL11RA,REP15,-0.13451242446899414,6
8560,GABARAP,IL32,REP15,0.051202625036239624,30
8561,GSTP1,PLP2,UBASH3A,-0.0011695773573592305,21
8562,GPX4,JTB,MRC1,0.026651374995708466,29
8563,PPP1R15A,PIGR,SAMD10,-0.02475237101316452,19
8564,IFITM2,APRT,LINC00954,0.023628029972314835,28
8565,GSTP1,JTB,LINC00954,0.015031110495328903,27
8566,DNAJA1,FABP1,IL18RAP,0.01291569322347641,24
8567,BTG2,FABP1,MRC1,-0.06322912871837616,11
8568,BTG2,ID2,KRT7,-0.032624781131744385,15
8569,GPX4,APRT,UBASH3A,0.025620434433221817,32
8570,BTG2,FABP1,SAMD10,-0.06429688632488251,11
8571,TXNIP,FABP1,ZNF671,-0.11970427632331848,6
8572,EID1,SLC25A5,ZNF671,-0.007141971029341221,21
8573,GPX4,IL32,SIK1,0.05622655898332596,32
8574,PPP1R15A,PLP2,MRC1,-0.01972595974802971,17
8575,GSTP1,PLP2,UBASH3A,-0.0011695773573592305,21
8576,HNRNPK,SLC25A5,CDK5R1,-0.00882744137197733,19
8577,DNAJA1,CDK2AP2,IL18RAP,0.03397674113512039,29
8578,BTG2,TUFM,KRT7,-0.029173998162150383,16
8579,GABARAP,SFRP4,UBASH3A,0.02128382958471775,29
8580,DNAJA1,PLP2,ZNF671,0.004041573498398066,26
8581,BTF3,JTB,H4C11,0.0011004286352545023,24
8582,BTF3,FABP1,SIK1,0.0021918867714703083,22
8583,HNRNPK,APRT,SAMD10,0.0032485295087099075,23
8584,BTF3,CYCS,UBASH3A,0.016493787989020348,27
8585,CHCHD2,PLP2,CDK5R1,-0.0011194006074219942,21
8586,EID1,COL15A1,KRT7,-0.04369141533970833,14
8587,TXNIP,PIGR,SAMD10,-0.1214405819773674,8
8588,TXNIP,IL32,AGAP2,-0.0964876264333725,12
8589,IFITM2,TUFM,MRC1,0.009251237846910954,24
8590,EID1,IL11RA,REP15,-0.02510366588830948,16
8591,DNAJA1,FABP1,KLRF1,0.010378260165452957,23
8592,TXNIP,SLC25A5,AURKB,-0.0905565619468689,9
8593,GABARAP,CYCS,LINC00954,0.021756278350949287,31
8594,CHCHD2,PLP2,UBASH3A,-0.0039610909298062325,20
8595,EID1,COL15A1,AURKB,-0.043551474809646606,14
8596,BTF3,PLP2,AURKB,-0.006733664311468601,21
8597,BTF3,ID2,LINC00954,0.005697951652109623,23
8598,GABARAP,PIGR,ZNF671,0.001685993280261755,22
8599,GSTP1,SLC25A5,ZNF671,0.03391779959201813,26
8600,BTF3,COL15A1,AURKB,-0.017958112061023712,17
8601,HNRNPK,ID2,ZNF671,7.897219620645046e-05,22
8602,IFITM2,IL11RA,KLRF1,-0.0010514738969504833,21
8603,BTG2,ID2,H4C11,-0.02842690795660019,15
8604,BTF3,PLP2,MRC1,-0.004738179966807365,21
8605,TMBIM6,ID2,AGAP2,0.011960269883275032,26
8606,BTG2,TUFM,UBASH3A,-0.026455115526914597,17
8607,DNAJA1,ID2,KLRF1,0.030879318714141846,26
8608,TXNIP,APRT,LINC00954,-0.07982061058282852,8
8609,COX6A1,PIGR,SAMD10,-0.011271120049059391,21
8610,CHCHD2,PLP2,UBASH3A,-0.0039610909298062325,20
8611,BTG2,FABP1,REP15,-0.06178823858499527,12
8612,TMBIM6,IL32,KLRF1,0.041980862617492676,29
8613,GABARAP,COL15A1,KLRF1,-0.006199494935572147,21
8614,DNAJA1,HSPD1,IL18RAP,0.03684251382946968,26
8615,TMBIM6,HSPD1,AURKB,0.010820543393492699,25
8616,GSTP1,SFRP4,CDK5R1,0.0190105140209198,28
8617,BTG2,FABP1,IL18RAP,-0.06481601297855377,11
8618,IFITM2,JTB,SIK1,0.007506757043302059,25
8619,BTG2,JTB,MRC1,-0.023760134354233742,18
8620,GABARAP,SFRP4,SAMD10,0.020584728568792343,28
8621,TMBIM6,COL15A1,REP15,-0.015248144045472145,16
8622,BTG2,TUFM,SIK1,-0.026711001992225647,16
8623,COX6A1,FABP1,SIK1,-0.013076648116111755,21
8624,BTF3,IL32,H4C11,0.057677336037158966,33
8625,PPP1R15A,HSPD1,H4C11,0.010671981610357761,25
8626,TXNIP,HSPD1,SAMD10,-0.09680835902690887,11
8627,DNAJA1,TUFM,H4C11,0.03476434201002121,27
8628,BTG2,HSPD1,AURKB,-0.03705558553338051,16
8629,IFITM2,CDK2AP2,IL18RAP,0.010134237818419933,23
8630,DNAJA1,PIGR,SAMD10,0.024265525862574577,23
8631,BTG2,PIGR,KRT7,-0.05354961380362511,13
8632,COX6A1,APRT,CDK5R1,0.01209176518023014,23
8633,PPP1R15A,SFRP4,SIK1,0.013802142813801765,25
8634,DNAJA1,COL15A1,SIK1,-0.0058288066647946835,19
8635,CHCHD2,HSPD1,UBASH3A,0.005659604445099831,24
8636,GSTP1,SFRP4,SAMD10,0.015520947054028511,28
8637,BTG2,CDK2AP2,H4C11,-0.01469719409942627,19
8638,BTF3,IL11RA,AURKB,0.007814954966306686,23
8639,PPP1R15A,HSPD1,LINC00954,0.009169671684503555,24
8640,TXNIP,JTB,MRC1,-0.09655794501304626,12
8641,BTF3,SFRP4,AGAP2,0.01096268929541111,24
8642,GPX4,CYCS,ZNF671,0.02967153862118721,25
8643,GABARAP,CYCS,MRC1,0.018387023359537125,30
8644,GABARAP,SFRP4,H4C11,0.028084436431527138,28
8645,HNRNPK,PIGR,KLRF1,-0.012897036969661713,21
8646,BTF3,PIGR,SIK1,0.0013403529301285744,23
8647,TXNIP,JTB,UBASH3A,-0.09166937321424484,12
8648,LGALS3,SLC25A5,IGKV2D-28,0.006508737802505493,23
8649,EID1,APRT,AURKB,-0.005045749247074127,17
8650,IFITM2,JTB,KRT7,0.007856573909521103,25
8651,BTF3,APRT,KLRF1,0.016313470900058746,28
8652,GSTP1,IL32,IL18RAP,0.038897860795259476,33
8653,EID1,IL32,ZNF671,0.018741073086857796,30
8654,HNRNPK,SFRP4,MRC1,0.004586481023579836,22
8655,BTG2,ID2,UBASH3A,-0.03208744898438454,15
8656,HNRNPK,COL15A1,KRT7,-0.013403519056737423,20
8657,EID1,CYCS,KLRF1,-0.004850995726883411,21
8658,GPX4,HSPD1,H4C11,0.03691646084189415,27
8659,DNAJA1,FABP1,AURKB,0.011942610144615173,23
8660,GPX4,IL11RA,SIK1,-0.005463383160531521,20
8661,TXNIP,JTB,H4C11,-0.09650763869285583,12
8662,EID1,SFRP4,IGKV2D-28,0.014647560194134712,27
8663,DNAJA1,IL32,KRT7,0.04519686847925186,34
8664,COX6A1,JTB,MRC1,0.005290371365845203,23
8665,GPX4,PLP2,REP15,0.012268612161278725,26
8666,HNRNPK,PLP2,CDK5R1,-0.018898067995905876,19
8667,CHCHD2,TUFM,H4C11,0.01835339516401291,26
8668,COX6A1,CYCS,CDK5R1,0.012706639245152473,27
8669,GPX4,HSPD1,AURKB,0.037647150456905365,28
8670,TXNIP,JTB,ZNF671,-0.09706680476665497,12
8671,GSTP1,CDK2AP2,AGAP2,0.02903781831264496,26
8672,CHCHD2,TUFM,UBASH3A,0.012149127200245857,26
8673,BTG2,ID2,CDK5R1,-0.032945290207862854,15
8674,PPP1R15A,FABP1,SAMD10,-0.023699406534433365,14
8675,HNRNPK,CYCS,MRC1,-0.0063214488327503204,19
8676,COX6A1,CYCS,CDK5R1,0.012706639245152473,27
8677,GPX4,PLP2,AURKB,0.014144910499453545,25
8678,GABARAP,PLP2,MRC1,0.0015168030513450503,23
8679,GPX4,COL15A1,IGKV2D-28,-0.002146882237866521,22
8680,GPX4,CDK2AP2,SAMD10,0.02560877799987793,29
8681,BTF3,PIGR,LINC00954,-0.0009316102368757129,21
8682,TMBIM6,SLC25A5,SIK1,0.011638108640909195,25
8683,GABARAP,TUFM,AURKB,0.015015020966529846,31
8684,LGALS3,SFRP4,LINC00954,0.01775667443871498,25
8685,IFITM2,SFRP4,AURKB,0.02720397710800171,27
8686,BTF3,HSPD1,UBASH3A,0.012232222594320774,26
8687,BTG2,SLC25A5,MRC1,-0.02084001898765564,18
8688,COX6A1,PLP2,AGAP2,-0.009109079837799072,19
8689,TMBIM6,IL32,ZNF671,0.041594766080379486,29
8690,GABARAP,IL11RA,REP15,-0.010394619777798653,19
8691,PPP1R15A,FABP1,AURKB,-0.023805292323231697,15
8692,TXNIP,PLP2,AGAP2,-0.11109089851379395,4
8693,BTF3,TUFM,AGAP2,0.01788908615708351,25
8694,IFITM2,HSPD1,MRC1,0.025645963847637177,28
8695,EID1,COL15A1,AURKB,-0.043551474809646606,14
8696,TXNIP,ID2,ZNF671,-0.11685095727443695,12
8697,TXNIP,COL15A1,ZNF671,-0.13996751606464386,6
8698,COX6A1,TUFM,IGKV2D-28,0.013717901892960072,24
8699,COX6A1,ID2,LINC00954,-0.0017536475788801908,22
8700,GSTP1,SFRP4,UBASH3A,0.019133683294057846,28
8701,IFITM2,ID2,UBASH3A,0.011330462992191315,24
8702,TXNIP,PLP2,KRT7,-0.11351148784160614,4
8703,GPX4,PIGR,MRC1,0.010608435608446598,24
8704,TXNIP,SFRP4,AGAP2,-0.10565253347158432,12
8705,DNAJA1,HSPD1,KRT7,0.031154394149780273,25
8706,CHCHD2,PIGR,LINC00954,0.003717681858688593,24
8707,PPP1R15A,CDK2AP2,REP15,-0.00901455245912075,20
8708,GSTP1,HSPD1,UBASH3A,0.029639557003974915,29
8709,COX6A1,APRT,SAMD10,0.011695347726345062,23
8710,TMBIM6,IL32,IGKV2D-28,0.041769690811634064,29
8711,GABARAP,COL15A1,KRT7,-0.004780781455338001,21
8712,BTG2,JTB,H4C11,-0.019762232899665833,18
8713,CHCHD2,PIGR,CDK5R1,0.00020829690038226545,22
8714,TMBIM6,IL32,SIK1,0.04221635311841965,29
8715,PPP1R15A,IL32,SIK1,0.03479452431201935,29
8716,EID1,TUFM,KRT7,-0.0009439244167879224,22
8717,TMBIM6,JTB,LINC00954,0.009425872936844826,26
8718,BTF3,APRT,IL18RAP,0.018457908183336258,28
8719,COX6A1,SFRP4,UBASH3A,0.003589665750041604,23
8720,LGALS3,IL32,KRT7,0.023209381848573685,27
8721,TXNIP,HSPD1,H4C11,-0.09775875508785248,11
8722,GABARAP,IL11RA,SAMD10,-0.012734560295939445,20
8723,EID1,ID2,KLRF1,-0.0033507870975881815,21
8724,LGALS3,FABP1,ZNF671,-0.06784167885780334,16
8725,TXNIP,COL15A1,H4C11,-0.13540130853652954,6
8726,BTF3,HSPD1,KLRF1,0.008581181988120079,25
8727,GABARAP,JTB,AURKB,0.021712172776460648,31
8728,GSTP1,APRT,REP15,0.025592636317014694,28
8729,GPX4,CYCS,KLRF1,0.02781357429921627,25
8730,EID1,IL11RA,REP15,-0.02510366588830948,16
8731,PPP1R15A,SFRP4,SIK1,0.013802142813801765,25
8732,LGALS3,COL15A1,SAMD10,-0.02966579794883728,15
8733,COX6A1,HSPD1,SAMD10,0.019350849092006683,28
8734,BTF3,PLP2,SAMD10,-0.005792549345642328,21
8735,BTG2,CYCS,AGAP2,-0.0226873941719532,17
8736,GABARAP,APRT,SAMD10,0.02588849700987339,28
8737,GSTP1,PIGR,AURKB,0.009882654994726181,23
8738,GSTP1,TUFM,IL18RAP,0.010846877470612526,24
8739,PPP1R15A,IL32,AURKB,0.034812264144420624,29
8740,GPX4,APRT,IGKV2D-28,0.025641225278377533,31
8741,BTF3,CDK2AP2,REP15,-0.004614854231476784,21
8742,IFITM2,SFRP4,IL18RAP,0.02780432626605034,27
8743,BTG2,SFRP4,UBASH3A,-0.020569052547216415,20
8744,BTG2,PIGR,CDK5R1,-0.052434228360652924,13
8745,EID1,TUFM,LINC00954,7.421588816214353e-05,22
8746,TXNIP,APRT,LINC00954,-0.07982061058282852,8
8747,TXNIP,HSPD1,H4C11,-0.09775875508785248,11
8748,IFITM2,TUFM,MRC1,0.009251237846910954,24
8749,BTG2,IL32,H4C11,-0.011262455955147743,20
8750,BTF3,IL11RA,SIK1,0.007809111848473549,23
8751,CHCHD2,IL32,LINC00954,0.03584415093064308,34
8752,GSTP1,SFRP4,IGKV2D-28,0.02052617445588112,28
8753,HNRNPK,APRT,ZNF671,0.0023279159795492887,23
8754,IFITM2,IL11RA,ZNF671,-0.00015830020129214972,22
8755,EID1,CDK2AP2,ZNF671,-0.0008435926283709705,22
8756,TMBIM6,APRT,IGKV2D-28,0.022043820470571518,27
8757,LGALS3,ID2,AURKB,-0.018901009112596512,21
8758,DNAJA1,TUFM,H4C11,0.03476434201002121,27
8759,DNAJA1,PIGR,MRC1,0.024385415017604828,24
8760,HNRNPK,HSPD1,IL18RAP,0.003616214729845524,24
8761,BTG2,APRT,CDK5R1,-0.022773561999201775,19
8762,GPX4,JTB,MRC1,0.026651374995708466,29
8763,IFITM2,IL32,H4C11,0.03028920665383339,29
8764,BTF3,SLC25A5,KRT7,0.013449074700474739,26
8765,DNAJA1,PLP2,KRT7,0.0066214981488883495,27
8766,PPP1R15A,SFRP4,LINC00954,0.01953323930501938,25
8767,CHCHD2,CYCS,KRT7,0.01521608792245388,28
8768,GABARAP,JTB,REP15,0.021886086091399193,29
8769,GABARAP,JTB,KRT7,0.023470258340239525,31
8770,IFITM2,ID2,UBASH3A,0.011330462992191315,24
8771,BTG2,COL15A1,SAMD10,-0.06534108519554138,15
8772,LGALS3,TUFM,SIK1,-0.005171464290469885,20
8773,BTG2,PLP2,UBASH3A,-0.04061264544725418,13
8774,BTG2,SLC25A5,IGKV2D-28,-0.020735472440719604,18
8775,EID1,HSPD1,AURKB,-0.008463306352496147,21
8776,IFITM2,SFRP4,AGAP2,0.027883470058441162,27
8777,TMBIM6,JTB,AGAP2,0.009587246924638748,26
8778,GPX4,CDK2AP2,AURKB,0.030530590564012527,29
8779,GABARAP,HSPD1,AGAP2,0.020399242639541626,29
8780,EID1,JTB,IGKV2D-28,0.0007005681982263923,22
8781,BTG2,JTB,AGAP2,-0.023573417216539383,18
8782,LGALS3,COL15A1,KLRF1,-0.028960926458239555,16
8783,TXNIP,CDK2AP2,LINC00954,-0.09105876833200455,7
8784,COX6A1,APRT,KLRF1,0.011963460594415665,23
8785,COX6A1,PIGR,LINC00954,-0.008363055996596813,21
8786,LGALS3,FABP1,UBASH3A,-0.05681367218494415,16
8787,PPP1R15A,HSPD1,REP15,0.008565675467252731,23
8788,EID1,APRT,AURKB,-0.005045749247074127,17
8789,PPP1R15A,TUFM,AGAP2,-0.001265940023586154,22
8790,DNAJA1,IL32,IL18RAP,0.04539789259433746,34
8791,TXNIP,IL32,CDK5R1,-0.09666688740253448,13
8792,TXNIP,CYCS,SAMD10,-0.10050536692142487,9
8793,IFITM2,SFRP4,KRT7,0.025912651792168617,27
8794,COX6A1,HSPD1,IGKV2D-28,0.019689660519361496,28
8795,COX6A1,SLC25A5,CDK5R1,0.0008954758523032069,22
8796,HNRNPK,CDK2AP2,KLRF1,-0.006067081820219755,21
8797,BTG2,SFRP4,MRC1,-0.022289566695690155,19
8798,COX6A1,IL11RA,AGAP2,-0.01739775575697422,19
8799,GPX4,IL32,IGKV2D-28,0.05789819359779358,32
8800,HNRNPK,IL32,CDK5R1,0.033290620893239975,27
8801,TMBIM6,SFRP4,AURKB,0.015522635541856289,26
8802,DNAJA1,SLC25A5,AURKB,0.02349059283733368,26
8803,GABARAP,HSPD1,MRC1,0.020497187972068787,28
8804,TXNIP,JTB,LINC00954,-0.09759733825922012,12
8805,GSTP1,ID2,IGKV2D-28,0.028528407216072083,28
8806,EID1,CYCS,IL18RAP,0.003965961746871471,22
8807,BTG2,PIGR,UBASH3A,-0.052665479481220245,13
8808,EID1,ID2,KLRF1,-0.0033507870975881815,21
8809,CHCHD2,PLP2,REP15,-0.00435615936294198,20
8810,GPX4,PLP2,LINC00954,0.013910256326198578,25
8811,PPP1R15A,APRT,AGAP2,0.0037998813204467297,24
8812,TXNIP,PIGR,SIK1,-0.12410111725330353,8
8813,IFITM2,ID2,AGAP2,0.009805084206163883,23
8814,PPP1R15A,CYCS,KLRF1,-0.0036607738584280014,20
8815,LGALS3,SLC25A5,ZNF671,0.006852298509329557,23
8816,GPX4,HSPD1,MRC1,0.03655596822500229,28
8817,GPX4,PLP2,UBASH3A,0.012909144163131714,25
8818,IFITM2,IL11RA,AGAP2,-0.000777576700784266,22
8819,LGALS3,CYCS,CDK5R1,-0.004316542763262987,21
8820,GABARAP,SLC25A5,SIK1,0.020982002839446068,26
8821,LGALS3,IL11RA,IL18RAP,-0.027269847691059113,13
8822,TMBIM6,APRT,CDK5R1,0.022530244663357735,27
8823,GABARAP,CYCS,KRT7,0.019634343683719635,30
8824,GPX4,IL11RA,REP15,-0.009624293074011803,20
8825,GPX4,TUFM,REP15,0.013222575187683105,27
8826,GSTP1,PLP2,MRC1,-0.00133915850892663,21
8827,HNRNPK,COL15A1,CDK5R1,-0.013109621591866016,20
8828,PPP1R15A,TUFM,LINC00954,-0.00198602257296443,22
8829,GSTP1,SLC25A5,SAMD10,0.027906451374292374,26
8830,IFITM2,CYCS,SIK1,0.019975146278738976,28
8831,LGALS3,IL11RA,H4C11,-0.026420464739203453,14
8832,GPX4,IL32,H4C11,0.054596953094005585,31
8833,TMBIM6,SFRP4,REP15,0.013505905866622925,27
8834,HNRNPK,IL32,AURKB,0.030018670484423637,27
8835,GPX4,PLP2,KRT7,0.01389967743307352,25
8836,DNAJA1,SFRP4,IL18RAP,0.041840147227048874,28
8837,IFITM2,PLP2,KLRF1,0.01785934343934059,25
8838,LGALS3,IL11RA,MRC1,-0.027074694633483887,14
8839,PPP1R15A,CDK2AP2,SAMD10,-0.010548178106546402,20
8840,IFITM2,IL11RA,UBASH3A,0.0009510044474154711,22
8841,LGALS3,APRT,CDK5R1,-0.0045624468475580215,21
8842,BTG2,SFRP4,LINC00954,-0.018434390425682068,21
8843,TXNIP,COL15A1,UBASH3A,-0.1368340700864792,6
8844,TXNIP,IL11RA,SIK1,-0.13464993238449097,6
8845,TMBIM6,SFRP4,REP15,0.013505905866622925,27
8846,TMBIM6,ID2,KRT7,0.011307084932923317,26
8847,GPX4,TUFM,IGKV2D-28,0.014081476256251335,27
8848,EID1,COL15A1,CDK5R1,-0.04346310719847679,13
8849,BTG2,HSPD1,SIK1,-0.0373728908598423,16
8850,HNRNPK,PLP2,AGAP2,-0.018914949148893356,19
8851,LGALS3,CDK2AP2,ZNF671,0.008410007692873478,24
8852,GPX4,COL15A1,MRC1,-0.0019938559271395206,22
8853,GSTP1,JTB,ZNF671,0.017586978152394295,26
8854,TXNIP,IL11RA,UBASH3A,-0.13484153151512146,6
8855,BTG2,JTB,KRT7,-0.023886654525995255,17
8856,GSTP1,CYCS,SAMD10,0.020390108227729797,28
8857,GABARAP,PLP2,SIK1,0.00119123759213835,23
8858,TXNIP,JTB,H4C11,-0.09650763869285583,12
8859,PPP1R15A,SLC25A5,H4C11,-0.005790563300251961,20
8860,PPP1R15A,IL32,IGKV2D-28,0.034812264144420624,29
8861,CHCHD2,CYCS,UBASH3A,0.015489323064684868,28
8862,BTF3,APRT,LINC00954,0.01681353524327278,28
8863,LGALS3,TUFM,KRT7,-0.005718443542718887,20
8864,EID1,TUFM,KRT7,-0.0009439244167879224,22
8865,TMBIM6,APRT,UBASH3A,0.022245138883590698,27
8866,BTG2,PLP2,ZNF671,-0.0425662025809288,11
8867,HNRNPK,HSPD1,AGAP2,0.005643938202410936,24
8868,BTF3,HSPD1,ZNF671,0.008301452733576298,26
8869,TXNIP,PLP2,KLRF1,-0.11108672618865967,4
8870,GSTP1,PLP2,IL18RAP,-0.00047368681407533586,22
8871,COX6A1,COL15A1,ZNF671,-0.011425056494772434,21
8872,IFITM2,SFRP4,ZNF671,0.02773386240005493,27
8873,PPP1R15A,JTB,IL18RAP,-0.004608875140547752,21
8874,GSTP1,SLC25A5,IL18RAP,0.038007963448762894,27
8875,BTG2,HSPD1,H4C11,-0.025459516793489456,17
8876,PPP1R15A,JTB,KLRF1,-0.006954396143555641,20
8877,BTF3,PLP2,CDK5R1,-0.0057859038934111595,21
8878,GPX4,FABP1,IGKV2D-28,-0.001160030602477491,22
8879,BTF3,IL11RA,REP15,0.008319739252328873,23
8880,GPX4,PLP2,MRC1,0.014144910499453545,25
8881,GSTP1,ID2,UBASH3A,0.02844426780939102,28
8882,COX6A1,SLC25A5,IGKV2D-28,0.0005978600820526481,22
8883,GSTP1,CDK2AP2,ZNF671,0.02919073775410652,26
8884,GABARAP,IL32,IL18RAP,0.05103465914726257,30
8885,CHCHD2,FABP1,AGAP2,0.00027314992621541023,23
8886,EID1,APRT,LINC00954,-0.005053575616329908,17
8887,CHCHD2,CYCS,H4C11,0.017005644738674164,28
8888,GPX4,ID2,AURKB,0.022236445918679237,27
8889,TMBIM6,HSPD1,KRT7,0.009673691354691982,25
8890,BTG2,JTB,KRT7,-0.023886654525995255,17
8891,EID1,CDK2AP2,UBASH3A,0.003130238736048341,23
8892,TMBIM6,SLC25A5,LINC00954,0.011805107817053795,25
8893,TXNIP,COL15A1,AGAP2,-0.13861554861068726,6
8894,BTG2,CDK2AP2,AGAP2,-0.014978169463574886,19
8895,GABARAP,HSPD1,AURKB,0.021991435438394547,29
8896,BTF3,CDK2AP2,ZNF671,-0.003137912368401885,20
8897,DNAJA1,IL11RA,LINC00954,0.01631765440106392,27
8898,PPP1R15A,JTB,LINC00954,-0.004991869907826185,20
8899,IFITM2,CYCS,AGAP2,0.023996978998184204,28
8900,LGALS3,IL32,LINC00954,0.0313786119222641,27
8901,GSTP1,SFRP4,IGKV2D-28,0.02052617445588112,28
8902,BTG2,CDK2AP2,CDK5R1,-0.015317803248763084,19
8903,PPP1R15A,SFRP4,ZNF671,0.0127882594242692,25
8904,GSTP1,CDK2AP2,ZNF671,0.02919073775410652,26
8905,COX6A1,HSPD1,IGKV2D-28,0.019689660519361496,28
8906,IFITM2,PLP2,AURKB,0.01782047189772129,25
8907,EID1,IL32,SIK1,0.017143994569778442,31
8908,GPX4,JTB,AURKB,0.026760529726743698,29
8909,GSTP1,ID2,REP15,0.03142693266272545,28
8910,GPX4,JTB,ZNF671,0.026097383350133896,29
8911,EID1,ID2,AGAP2,-0.0033365986309945583,21
8912,LGALS3,FABP1,KLRF1,-0.05688106641173363,16
8913,TXNIP,ID2,MRC1,-0.11948584765195847,11
8914,DNAJA1,HSPD1,CDK5R1,0.03213929012417793,25
8915,LGALS3,PIGR,AGAP2,-0.02136046811938286,19
8916,DNAJA1,ID2,REP15,0.03270738571882248,26
8917,TXNIP,APRT,IL18RAP,-0.08999436348676682,8
8918,TMBIM6,APRT,LINC00954,0.024246076121926308,28
8919,TMBIM6,APRT,H4C11,0.02312486432492733,28
8920,TXNIP,PLP2,ZNF671,-0.111182302236557,4
8921,BTG2,JTB,IGKV2D-28,-0.023699842393398285,18
8922,IFITM2,JTB,UBASH3A,0.008441541343927383,24
8923,GPX4,SFRP4,KRT7,0.028544049710035324,31
8924,GABARAP,COL15A1,IGKV2D-28,-0.0048971520736813545,21
8925,DNAJA1,ID2,MRC1,0.030023466795682907,26
8926,PPP1R15A,PIGR,AURKB,-0.024858258664608,20
8927,GABARAP,CYCS,H4C11,0.01883447729051113,32
8928,TXNIP,JTB,UBASH3A,-0.09166937321424484,12
8929,BTF3,IL32,KRT7,0.05513802170753479,32
8930,TXNIP,CDK2AP2,LINC00954,-0.09105876833200455,7
8931,GPX4,APRT,AURKB,0.025329291820526123,31
8932,IFITM2,COL15A1,SIK1,-0.02068241313099861,20
8933,HNRNPK,PLP2,MRC1,-0.019856765866279602,18
8934,PPP1R15A,IL32,CDK5R1,0.03595476597547531,29
8935,LGALS3,COL15A1,CDK5R1,-0.028591586276888847,16
8936,LGALS3,SFRP4,AGAP2,0.017775338143110275,26
8937,TXNIP,CYCS,KLRF1,-0.10072820633649826,9
8938,IFITM2,JTB,AGAP2,0.008183151483535767,25
8939,CHCHD2,SLC25A5,UBASH3A,0.004678616300225258,27
8940,GSTP1,PLP2,IL18RAP,-0.00047368681407533586,22
8941,LGALS3,IL32,AGAP2,0.021289989352226257,28
8942,EID1,TUFM,IGKV2D-28,0.00032901353552006185,23
8943,HNRNPK,CYCS,AGAP2,-0.006444822996854782,20
8944,GSTP1,FABP1,LINC00954,-0.000873869750648737,21
8945,COX6A1,APRT,KLRF1,0.011963460594415665,23
8946,CHCHD2,SLC25A5,AURKB,0.0049274456687271595,27
8947,BTG2,SLC25A5,LINC00954,-0.014852197840809822,18
8948,LGALS3,PIGR,CDK5R1,-0.022255465388298035,19
8949,PPP1R15A,CDK2AP2,LINC00954,-0.010435368865728378,20
8950,DNAJA1,SFRP4,SAMD10,0.03493030369281769,27
8951,LGALS3,SLC25A5,SIK1,0.004355491138994694,23
8952,LGALS3,PIGR,LINC00954,-0.014586610719561577,20
8953,GPX4,HSPD1,REP15,0.034507911652326584,28
8954,TMBIM6,IL11RA,AGAP2,-0.013002954423427582,17
8955,BTF3,APRT,REP15,0.016438405960798264,28
8956,BTF3,TUFM,CDK5R1,0.011325439438223839,26
8957,HNRNPK,PIGR,KLRF1,-0.012897036969661713,21
8958,CHCHD2,ID2,LINC00954,0.001140496344305575,23
8959,BTF3,SLC25A5,IL18RAP,0.01740586943924427,27
8960,CHCHD2,IL32,IGKV2D-28,0.0361671969294548,33
8961,GPX4,ID2,H4C11,0.021984005346894264,28
8962,DNAJA1,PLP2,MRC1,0.006769808474928141,27
8963,TMBIM6,ID2,MRC1,0.010111317038536072,26
8964,GSTP1,SLC25A5,SIK1,0.03144646808505058,26
8965,GPX4,JTB,IGKV2D-28,0.026760529726743698,29
8966,TMBIM6,APRT,H4C11,0.02312486432492733,28
8967,GSTP1,IL32,MRC1,0.03897725045681,32
8968,BTG2,IL32,UBASH3A,-0.013008108362555504,20
8969,LGALS3,ID2,AURKB,-0.018901009112596512,21
8970,EID1,CYCS,CDK5R1,-0.00505730789154768,21
8971,TMBIM6,COL15A1,IGKV2D-28,-0.01645715720951557,17
8972,DNAJA1,SLC25A5,AGAP2,0.01777675747871399,26
8973,GPX4,ID2,UBASH3A,0.021640418097376823,27
8974,LGALS3,SFRP4,SAMD10,0.01754647307097912,25
8975,IFITM2,TUFM,H4C11,0.010829401202499866,25
8976,PPP1R15A,PIGR,ZNF671,-0.0245132464915514,20
8977,TXNIP,SFRP4,AURKB,-0.10561308264732361,12
8978,COX6A1,CYCS,IGKV2D-28,0.012831603176891804,27
8979,GPX4,SFRP4,AURKB,0.028515513986349106,31
8980,EID1,IL11RA,UBASH3A,-0.02745503932237625,16
8981,GPX4,FABP1,AURKB,-0.001160030602477491,22
8982,GPX4,CYCS,CDK5R1,0.027331199496984482,25
8983,GPX4,PLP2,IGKV2D-28,0.014144910499453545,26
8984,BTG2,ID2,MRC1,-0.03310102969408035,15
8985,HNRNPK,COL15A1,ZNF671,-0.014617567881941795,20
8986,TXNIP,FABP1,REP15,-0.12167690694332123,6
8987,CHCHD2,CYCS,KRT7,0.01521608792245388,28
8988,HNRNPK,PIGR,KRT7,-0.013244438916444778,21
8989,PPP1R15A,CYCS,CDK5R1,-0.0036252541467547417,20
8990,GSTP1,COL15A1,UBASH3A,-0.009707868099212646,21
8991,BTG2,IL11RA,ZNF671,-0.06052223592996597,10
8992,CHCHD2,PLP2,KRT7,-0.004283043555915356,20
8993,GSTP1,HSPD1,REP15,0.02875617705285549,28
8994,COX6A1,PIGR,CDK5R1,-0.011959124356508255,21
8995,LGALS3,JTB,IL18RAP,0.004581687040627003,24
8996,DNAJA1,TUFM,LINC00954,0.0331009142100811,27
8997,BTG2,TUFM,KRT7,-0.029173998162150383,16
8998,COX6A1,IL11RA,KLRF1,-0.017632119357585907,19
8999,IFITM2,TUFM,AGAP2,0.009775947779417038,25
9000,BTF3,IL11RA,SIK1,0.007809111848473549,23
9001,TXNIP,IL11RA,SAMD10,-0.1309071183204651,6
9002,TMBIM6,IL11RA,MRC1,-0.012921350076794624,18
9003,HNRNPK,IL11RA,LINC00954,-0.036079492419958115,15
9004,BTG2,JTB,REP15,-0.02307659015059471,18
9005,IFITM2,ID2,REP15,0.011171062476933002,23
9006,BTG2,APRT,LINC00954,-0.02507002092897892,19
9007,PPP1R15A,PLP2,IL18RAP,-0.013139539398252964,18
9008,EID1,FABP1,CDK5R1,-0.0192941352725029,19
9009,BTF3,TUFM,SAMD10,0.017840411514043808,24
9010,PPP1R15A,TUFM,UBASH3A,-0.0014092966448515654,22
9011,BTG2,IL11RA,KRT7,-0.04996643215417862,10
9012,GABARAP,HSPD1,AGAP2,0.020399242639541626,29
9013,BTG2,SFRP4,AURKB,-0.020607616752386093,20
9014,PPP1R15A,IL11RA,AURKB,-0.023274343460798264,16
9015,LGALS3,PLP2,UBASH3A,-0.020736468955874443,19
9016,HNRNPK,CYCS,MRC1,-0.0063214488327503204,19
9017,EID1,FABP1,IGKV2D-28,-0.019134802743792534,19
9018,GSTP1,SFRP4,AURKB,0.02079889550805092,28
9019,CHCHD2,SFRP4,UBASH3A,0.01051604375243187,23
9020,HNRNPK,SLC25A5,SIK1,-0.009798210114240646,19
9021,EID1,SLC25A5,KRT7,-0.007306394167244434,21
9022,BTF3,APRT,CDK5R1,0.017928346991539,28
9023,GABARAP,CYCS,CDK5R1,0.02029481902718544,31
9024,TMBIM6,APRT,LINC00954,0.024246076121926308,28
9025,LGALS3,SLC25A5,REP15,0.004456358030438423,23
9026,GPX4,PIGR,AURKB,0.009615606628358364,24
9027,GPX4,SFRP4,REP15,0.02873402088880539,30
9028,CHCHD2,IL32,AGAP2,0.03606563061475754,33
9029,BTG2,IL32,MRC1,-0.012777285650372505,20
9030,TMBIM6,FABP1,SIK1,-0.005724684800952673,19
9031,DNAJA1,HSPD1,CDK5R1,0.03213929012417793,25
9032,DNAJA1,IL32,CDK5R1,0.04649578779935837,34
9033,GSTP1,ID2,MRC1,0.030268333852291107,28
9034,PPP1R15A,ID2,MRC1,-0.0131953414529562,22
9035,GSTP1,SLC25A5,LINC00954,0.03482041507959366,26
9036,HNRNPK,SLC25A5,SAMD10,-0.0095368018373847,19
9037,GABARAP,JTB,UBASH3A,0.024352755397558212,31
9038,GSTP1,HSPD1,H4C11,0.03175962343811989,30
9039,BTF3,PIGR,REP15,-0.0022693632636219263,20
9040,GABARAP,COL15A1,AURKB,-0.004613093566149473,21
9041,CHCHD2,PLP2,KLRF1,-0.0035740963649004698,20
9042,TXNIP,CYCS,IL18RAP,-0.0959610790014267,9
9043,COX6A1,SLC25A5,SAMD10,0.000970015418715775,22
9044,GSTP1,APRT,REP15,0.025592636317014694,28
9045,TXNIP,ID2,REP15,-0.11738333106040955,11
9046,TXNIP,CYCS,SAMD10,-0.10050536692142487,9
9047,TXNIP,SFRP4,REP15,-0.105420783162117,12
9048,IFITM2,PLP2,LINC00954,0.020244687795639038,26
9049,LGALS3,PLP2,CDK5R1,-0.022336391732096672,20
9050,BTG2,SFRP4,MRC1,-0.022289566695690155,19
9051,LGALS3,CDK2AP2,CDK5R1,0.012469319626688957,24
9052,EID1,CYCS,CDK5R1,-0.00505730789154768,21
9053,GSTP1,PLP2,AGAP2,-0.0010549025610089302,21
9054,PPP1R15A,IL32,KRT7,0.03461722284555435,29
9055,BTG2,TUFM,CDK5R1,-0.025159168988466263,16
9056,TXNIP,PIGR,IGKV2D-28,-0.12010471522808075,7
9057,GSTP1,IL11RA,LINC00954,-0.0008047685259953141,21
9058,EID1,APRT,IL18RAP,-0.005077313631772995,17
9059,BTF3,IL32,IL18RAP,0.056652456521987915,32
9060,BTF3,IL32,IL18RAP,0.056652456521987915,32
9061,EID1,FABP1,H4C11,-0.019418608397245407,19
9062,COX6A1,PLP2,MRC1,-0.00785555224865675,19
9063,GPX4,PLP2,REP15,0.012268612161278725,26
9064,PPP1R15A,TUFM,SIK1,0.0009424383752048016,22
9065,GPX4,JTB,KRT7,0.026375044137239456,29
9066,CHCHD2,JTB,IGKV2D-28,0.016695518046617508,25
9067,PPP1R15A,IL11RA,CDK5R1,-0.022278934717178345,16
9068,COX6A1,FABP1,IL18RAP,-0.01595008186995983,20
9069,EID1,IL11RA,ZNF671,-0.028368476778268814,16
9070,BTF3,IL32,KLRF1,0.056337714195251465,32
9071,HNRNPK,SFRP4,UBASH3A,0.004584290087223053,23
9072,EID1,SLC25A5,UBASH3A,-0.008471173234283924,21
9073,IFITM2,CDK2AP2,H4C11,0.008119108155369759,25
9074,LGALS3,HSPD1,MRC1,0.009450064040720463,23
9075,GSTP1,TUFM,REP15,0.007098444737493992,26
9076,HNRNPK,FABP1,UBASH3A,-0.03114653378725052,17
9077,DNAJA1,HSPD1,IGKV2D-28,0.03239697217941284,25
9078,GSTP1,SFRP4,UBASH3A,0.019133683294057846,28
9079,GSTP1,PIGR,ZNF671,0.005686313379555941,23
9080,TMBIM6,COL15A1,IGKV2D-28,-0.01645715720951557,17
9081,BTF3,APRT,LINC00954,0.01681353524327278,28
9082,HNRNPK,PIGR,CDK5R1,-0.013376131653785706,21
9083,EID1,CDK2AP2,SIK1,-0.000491829589009285,22
9084,GPX4,ID2,IL18RAP,0.028572147712111473,28
9085,BTF3,TUFM,IL18RAP,0.018375661224126816,24
9086,COX6A1,PIGR,UBASH3A,-0.011256436817348003,21
9087,CHCHD2,CDK2AP2,REP15,0.010114310309290886,25
9088,BTG2,SLC25A5,IL18RAP,-0.020648129284381866,18
9089,HNRNPK,TUFM,REP15,-0.0029068237636238337,20
9090,GSTP1,PLP2,H4C11,-0.0011391135631129146,21
9091,CHCHD2,JTB,LINC00954,0.016397342085838318,25
9092,PPP1R15A,APRT,MRC1,0.00091839290689677,24
9093,HNRNPK,IL11RA,CDK5R1,-0.03649205341935158,15
9094,LGALS3,HSPD1,MRC1,0.009450064040720463,23
9095,PPP1R15A,TUFM,UBASH3A,-0.0014092966448515654,22
9096,GPX4,JTB,LINC00954,0.026505984365940094,29
9097,IFITM2,PIGR,REP15,0.01428072340786457,23
9098,CHCHD2,CYCS,AURKB,0.015826547518372536,28
9099,BTG2,CYCS,MRC1,-0.023075012490153313,15
9100,TMBIM6,IL32,AGAP2,0.03956037014722824,29
9101,EID1,SLC25A5,REP15,-0.012422246858477592,21
9102,HNRNPK,PLP2,ZNF671,-0.017843738198280334,19
9103,DNAJA1,PLP2,SIK1,0.007965396158397198,26
9104,IFITM2,IL11RA,ZNF671,-0.00015830020129214972,22
9105,GPX4,FABP1,SAMD10,-0.001497940276749432,22
9106,BTG2,PIGR,SAMD10,-0.05275467038154602,12
9107,DNAJA1,CYCS,MRC1,0.028433337807655334,27
9108,EID1,ID2,REP15,-0.0035872915759682655,21
9109,TXNIP,COL15A1,ZNF671,-0.13996751606464386,6
9110,GPX4,PLP2,SIK1,0.014588385820388794,25
9111,LGALS3,TUFM,SAMD10,-0.012273889034986496,20
9112,TMBIM6,FABP1,AURKB,-0.00579953845590353,20
9113,COX6A1,IL32,REP15,0.02034560963511467,29
9114,GSTP1,FABP1,MRC1,0.0023921248503029346,22
9115,TMBIM6,SLC25A5,H4C11,0.01342097856104374,26
9116,EID1,SFRP4,LINC00954,0.014843577519059181,27
9117,DNAJA1,ID2,CDK5R1,0.030825132504105568,26
9118,HNRNPK,JTB,KRT7,-0.005679684691131115,20
9119,GABARAP,CDK2AP2,UBASH3A,0.010469087399542332,30
9120,GSTP1,JTB,KRT7,0.01532257441431284,27
9121,EID1,ID2,CDK5R1,-0.003251795656979084,21
9122,TXNIP,CDK2AP2,CDK5R1,-0.10349737852811813,7
9123,BTF3,CDK2AP2,REP15,-0.004614854231476784,21
9124,IFITM2,COL15A1,AGAP2,-0.02591138333082199,20
9125,PPP1R15A,PLP2,IL18RAP,-0.013139539398252964,18
9126,IFITM2,ID2,AURKB,0.009443850256502628,23
9127,EID1,IL32,H4C11,0.020418662577867508,30
9128,CHCHD2,IL11RA,AGAP2,-0.005831269547343254,21
9129,GSTP1,JTB,AGAP2,0.017041770741343498,28
9130,GPX4,CDK2AP2,LINC00954,0.030269689857959747,29
9131,PPP1R15A,PLP2,AGAP2,-0.019601136445999146,17
9132,DNAJA1,IL32,AGAP2,0.045305296778678894,33
9133,TXNIP,CDK2AP2,IL18RAP,-0.10176940262317657,7
9134,HNRNPK,COL15A1,LINC00954,-0.01329756435006857,20
9135,GSTP1,COL15A1,KRT7,-0.008412784896790981,21
9136,LGALS3,PIGR,H4C11,-0.016947126016020775,20
9137,IFITM2,IL32,AURKB,0.032158929854631424,29
9138,DNAJA1,APRT,IL18RAP,0.034609489142894745,28
9139,TMBIM6,TUFM,KLRF1,0.005932028405368328,24
9140,PPP1R15A,JTB,REP15,-0.007615622133016586,19
9141,LGALS3,SFRP4,KLRF1,0.017789732664823532,25
9142,PPP1R15A,COL15A1,UBASH3A,-0.01824113167822361,18
9143,TXNIP,PIGR,ZNF671,-0.12162981182336807,7
9144,BTF3,IL32,MRC1,0.05671576410531998,32
9145,EID1,SFRP4,REP15,0.013521761633455753,25
9146,CHCHD2,JTB,SIK1,0.02305324748158455,25
9147,BTF3,IL11RA,CDK5R1,0.005906856618821621,23
9148,BTF3,CYCS,H4C11,0.015711143612861633,29
9149,BTG2,IL32,AURKB,-0.012701841071248055,20
9150,PPP1R15A,PIGR,MRC1,-0.026002898812294006,20
9151,CHCHD2,JTB,UBASH3A,0.016766691580414772,25
9152,PPP1R15A,TUFM,ZNF671,-0.0014668682124465704,22
9153,CHCHD2,ID2,IL18RAP,0.0038134842179715633,24
9154,TMBIM6,ID2,CDK5R1,0.010916512459516525,26
9155,BTG2,FABP1,AGAP2,-0.06339789927005768,11
9156,BTG2,SLC25A5,AURKB,-0.022159118205308914,18
9157,GSTP1,HSPD1,KRT7,0.028829922899603844,29
9158,BTF3,CYCS,UBASH3A,0.016493787989020348,27
9159,PPP1R15A,IL32,MRC1,0.034812264144420624,29
9160,GSTP1,HSPD1,ZNF671,0.02650497481226921,29
9161,LGALS3,PLP2,SAMD10,-0.021979335695505142,21
9162,GPX4,CDK2AP2,MRC1,0.030257631093263626,29
9163,GSTP1,IL32,IGKV2D-28,0.03897725045681,33
9164,LGALS3,JTB,ZNF671,0.003325115889310837,22
9165,TMBIM6,SLC25A5,AGAP2,0.01160670630633831,26
9166,GSTP1,CDK2AP2,KRT7,0.029472488909959793,26
9167,LGALS3,TUFM,LINC00954,-0.005067723803222179,20
9168,IFITM2,TUFM,CDK5R1,0.009876774623990059,25
9169,COX6A1,TUFM,REP15,0.015468331053853035,23
9170,GPX4,CDK2AP2,KLRF1,0.03037782572209835,29
9171,EID1,IL32,ZNF671,0.018741073086857796,30
9172,LGALS3,COL15A1,KRT7,-0.029545241966843605,16
9173,TXNIP,ID2,IGKV2D-28,-0.11214900016784668,11
9174,GPX4,COL15A1,REP15,0.0012008423218503594,22
9175,CHCHD2,IL32,AGAP2,0.03606563061475754,33
9176,HNRNPK,TUFM,SAMD10,-0.006952835246920586,19
9177,EID1,FABP1,ZNF671,-0.020949143916368484,19
9178,TXNIP,JTB,H4C11,-0.09650763869285583,12
9179,GSTP1,CYCS,CDK5R1,0.02416960708796978,28
9180,TMBIM6,TUFM,MRC1,0.00785043090581894,24
9181,DNAJA1,CYCS,IGKV2D-28,0.03128177672624588,27
9182,EID1,FABP1,KRT7,-0.02011854574084282,19
9183,LGALS3,COL15A1,ZNF671,-0.035192910581827164,16
9184,BTF3,SLC25A5,LINC00954,0.014823236502707005,27
9185,GSTP1,ID2,AURKB,0.028311286121606827,28
9186,DNAJA1,IL32,KLRF1,0.04529167711734772,33
9187,TMBIM6,CYCS,KLRF1,-0.0027532975655049086,21
9188,GPX4,APRT,AGAP2,0.02569911628961563,31
9189,LGALS3,SFRP4,AURKB,0.017702780663967133,25
9190,GABARAP,ID2,IL18RAP,0.02100636437535286,28
9191,DNAJA1,ID2,AGAP2,0.028144558891654015,26
9192,GPX4,CYCS,KRT7,0.02745640091598034,25
9193,COX6A1,PIGR,AURKB,-0.011525352485477924,21
9194,LGALS3,SFRP4,AURKB,0.017702780663967133,25
9195,IFITM2,ID2,KLRF1,0.008904598653316498,23
9196,GABARAP,PIGR,LINC00954,0.010320506989955902,24
9197,PPP1R15A,SLC25A5,SAMD10,-0.014375153928995132,20
9198,BTG2,PIGR,LINC00954,-0.052564360201358795,13
9199,TMBIM6,SFRP4,LINC00954,0.015733735635876656,26
9200,IFITM2,CYCS,SAMD10,0.019475381821393967,28
9201,HNRNPK,IL32,SIK1,0.029779616743326187,27
9202,TXNIP,ID2,AGAP2,-0.11686033010482788,10
9203,BTG2,PLP2,SIK1,-0.04118269681930542,12
9204,GPX4,CYCS,REP15,0.027543533593416214,25
9205,IFITM2,SLC25A5,IGKV2D-28,0.024180561304092407,27
9206,BTF3,CYCS,ZNF671,0.01637621968984604,27
9207,HNRNPK,FABP1,KLRF1,-0.03052193857729435,17
9208,PPP1R15A,HSPD1,IGKV2D-28,0.009257618337869644,23
9209,TMBIM6,ID2,CDK5R1,0.010916512459516525,26
9210,GABARAP,TUFM,H4C11,0.018515434116125107,31
9211,DNAJA1,PLP2,REP15,0.009828321635723114,27
9212,TMBIM6,JTB,ZNF671,0.009542626328766346,26
9213,DNAJA1,SLC25A5,LINC00954,0.02760024555027485,25
9214,GSTP1,APRT,AURKB,0.026352547109127045,28
9215,GPX4,PLP2,IL18RAP,0.014152253046631813,25
9216,IFITM2,IL11RA,AGAP2,-0.000777576700784266,22
9217,IFITM2,CDK2AP2,AGAP2,0.010144825093448162,23
9218,TXNIP,SFRP4,AGAP2,-0.10565253347158432,12
9219,PPP1R15A,CYCS,MRC1,-0.0039839972741901875,20
9220,PPP1R15A,CDK2AP2,SIK1,-0.008016466163098812,20
9221,HNRNPK,SFRP4,AGAP2,0.004588381852954626,22
9222,DNAJA1,APRT,KRT7,0.033513493835926056,29
9223,GSTP1,CDK2AP2,MRC1,0.030635874718427658,26
9224,HNRNPK,FABP1,LINC00954,-0.023749522864818573,18
9225,COX6A1,JTB,ZNF671,0.010075959376990795,24
9226,HNRNPK,IL11RA,AURKB,-0.034015458077192307,15
9227,BTG2,HSPD1,SIK1,-0.0373728908598423,16
9228,BTF3,APRT,KLRF1,0.016313470900058746,28
9229,GSTP1,IL32,AGAP2,0.03899489343166351,33
9230,COX6A1,CYCS,UBASH3A,0.012967539951205254,27
9231,LGALS3,IL11RA,LINC00954,-0.027009133249521255,15
9232,BTG2,TUFM,REP15,-0.026183703914284706,16
9233,CHCHD2,SFRP4,SIK1,0.007681675720959902,23
9234,TMBIM6,PLP2,AURKB,0.002973896684125066,23
9235,GSTP1,ID2,MRC1,0.030268333852291107,28
9236,IFITM2,FABP1,SIK1,-0.00455547496676445,22
9237,IFITM2,ID2,ZNF671,0.012746660970151424,23
9238,BTG2,PLP2,IL18RAP,-0.038690224289894104,12
9239,DNAJA1,SFRP4,AGAP2,0.0368434377014637,28
9240,TMBIM6,ID2,KRT7,0.011307084932923317,26
9241,TMBIM6,IL11RA,AGAP2,-0.013002954423427582,17
9242,PPP1R15A,IL32,H4C11,0.03772009164094925,29
9243,BTG2,PLP2,AGAP2,-0.041276343166828156,12
9244,IFITM2,COL15A1,REP15,-0.028138194233179092,20
9245,IFITM2,TUFM,IL18RAP,0.008455097675323486,25
9246,GABARAP,CYCS,KLRF1,0.01830786094069481,30
9247,EID1,COL15A1,SAMD10,-0.043039239943027496,14
9248,COX6A1,CDK2AP2,CDK5R1,0.003485726425424218,23
9249,GPX4,ID2,SIK1,0.02012268826365471,26
9250,IFITM2,PLP2,H4C11,0.01757737435400486,26
9251,GABARAP,JTB,REP15,0.021886086091399193,29
9252,DNAJA1,SFRP4,CDK5R1,0.038020942360162735,26
9253,GSTP1,HSPD1,UBASH3A,0.029639557003974915,29
9254,BTG2,SFRP4,ZNF671,-0.020536359399557114,19
9255,GSTP1,IL32,KLRF1,0.03919189050793648,33
9256,HNRNPK,SLC25A5,H4C11,-0.009600789286196232,20
9257,BTG2,IL32,IGKV2D-28,-0.012539468705654144,20
9258,GSTP1,FABP1,ZNF671,-0.0006286107236519456,21
9259,IFITM2,HSPD1,CDK5R1,0.028936371207237244,28
9260,IFITM2,HSPD1,ZNF671,0.02848835289478302,28
9261,CHCHD2,ID2,UBASH3A,0.002414428861811757,23
9262,COX6A1,APRT,MRC1,0.004301140550523996,22
9263,DNAJA1,APRT,CDK5R1,0.03351522237062454,28
9264,PPP1R15A,JTB,KLRF1,-0.006954396143555641,20
9265,EID1,PLP2,KLRF1,-0.009973918087780476,21
9266,DNAJA1,CDK2AP2,KLRF1,0.027161527425050735,28
9267,BTF3,JTB,LINC00954,0.0018618464237079024,26
9268,BTF3,TUFM,LINC00954,0.017193665727972984,26
9269,CHCHD2,IL32,AURKB,0.0361671969294548,33
9270,IFITM2,FABP1,SIK1,-0.00455547496676445,22
9271,TMBIM6,TUFM,AURKB,0.005747108720242977,24
9272,BTF3,HSPD1,REP15,0.008487604558467865,26
9273,DNAJA1,ID2,ZNF671,0.0289730504155159,26
9274,CHCHD2,TUFM,ZNF671,0.01065647043287754,25
9275,BTG2,CYCS,SIK1,-0.01856078952550888,16
9276,IFITM2,APRT,MRC1,0.022110529243946075,27
9277,EID1,TUFM,IL18RAP,0.00014436442870646715,22
9278,DNAJA1,PLP2,SAMD10,0.008693689480423927,27
9279,PPP1R15A,JTB,AURKB,-0.007114186882972717,20
9280,CHCHD2,PLP2,UBASH3A,-0.0039610909298062325,20
9281,HNRNPK,TUFM,H4C11,-0.00719894003123045,19
9282,EID1,PLP2,REP15,-0.00777144031599164,21
9283,TXNIP,PIGR,SAMD10,-0.1214405819773674,8
9284,GPX4,APRT,MRC1,0.02553124912083149,30
9285,TXNIP,PIGR,AURKB,-0.12143512815237045,7
9286,DNAJA1,SFRP4,SAMD10,0.03493030369281769,27
9287,BTF3,SLC25A5,CDK5R1,0.014369945973157883,27
9288,TMBIM6,IL32,H4C11,0.04210161417722702,29
9289,HNRNPK,CDK2AP2,UBASH3A,-0.005654844455420971,21
9290,TXNIP,SFRP4,SAMD10,-0.10665372014045715,12
9291,TXNIP,SLC25A5,SIK1,-0.09055298566818237,9
9292,TMBIM6,SLC25A5,REP15,0.014305096119642258,25
9293,CHCHD2,COL15A1,AGAP2,-0.014265038073062897,18
9294,GABARAP,IL32,AGAP2,0.05113130062818527,31
9295,BTF3,CDK2AP2,LINC00954,-0.00024234515149146318,22
9296,IFITM2,IL11RA,KLRF1,-0.0010514738969504833,21
9297,HNRNPK,SFRP4,MRC1,0.004586481023579836,22
9298,GABARAP,FABP1,AGAP2,0.0017826929688453674,25
9299,GABARAP,HSPD1,IL18RAP,0.023680930957198143,30
9300,EID1,IL11RA,MRC1,-0.030529318377375603,16
9301,BTG2,APRT,KRT7,-0.0250132754445076,19
9302,LGALS3,SLC25A5,SAMD10,0.0014942961279302835,23
9303,TMBIM6,CYCS,KLRF1,-0.0027532975655049086,21
9304,GSTP1,CYCS,REP15,0.020852725952863693,28
9305,LGALS3,FABP1,H4C11,-0.042464472353458405,16
9306,CHCHD2,PIGR,KRT7,-0.00048341648653149605,21
9307,IFITM2,PLP2,REP15,0.018077708780765533,25
9308,CHCHD2,FABP1,KRT7,-0.0015800652327015996,22
9309,LGALS3,SFRP4,KLRF1,0.017789732664823532,25
9310,DNAJA1,JTB,CDK5R1,0.021802658215165138,24
9311,IFITM2,SLC25A5,CDK5R1,0.023649945855140686,27
9312,GPX4,SLC25A5,IGKV2D-28,0.03017456829547882,27
9313,PPP1R15A,COL15A1,SIK1,-0.014979801140725613,18
9314,LGALS3,SFRP4,IL18RAP,0.017176553606987,25
9315,BTF3,SFRP4,CDK5R1,0.014568769372999668,24
9316,GABARAP,PIGR,UBASH3A,0.002112451707944274,22
9317,CHCHD2,CDK2AP2,UBASH3A,0.007005377672612667,24
9318,BTF3,FABP1,SIK1,0.0021918867714703083,22
9319,LGALS3,SLC25A5,H4C11,0.011742115020751953,24
9320,HNRNPK,PIGR,LINC00954,-0.012956229969859123,21
9321,EID1,ID2,AGAP2,-0.0033365986309945583,21
9322,BTF3,IL32,SAMD10,0.0580778568983078,32
9323,TMBIM6,PLP2,IL18RAP,0.0020668304059654474,23
9324,CHCHD2,IL11RA,REP15,-0.005400827620178461,20
9325,EID1,ID2,KLRF1,-0.0033507870975881815,21
9326,HNRNPK,FABP1,CDK5R1,-0.027990445494651794,17
9327,DNAJA1,CYCS,IGKV2D-28,0.03128177672624588,27
9328,DNAJA1,PIGR,REP15,0.025525469332933426,24
9329,CHCHD2,SLC25A5,SIK1,0.004332798067480326,26
9330,CHCHD2,IL11RA,UBASH3A,-0.006282838061451912,21
9331,PPP1R15A,CYCS,REP15,-0.00358026335015893,20
9332,EID1,SFRP4,AGAP2,0.014780624769628048,25
9333,TXNIP,PLP2,CDK5R1,-0.11133329570293427,4
9334,TXNIP,ID2,H4C11,-0.11858196556568146,11
9335,DNAJA1,FABP1,KLRF1,0.010378260165452957,23
9336,GPX4,APRT,MRC1,0.02553124912083149,30
9337,TMBIM6,TUFM,UBASH3A,0.005744569003582001,24
9338,BTG2,SFRP4,SAMD10,-0.024811211973428726,20
9339,HNRNPK,FABP1,AGAP2,-0.03292880952358246,17
9340,GABARAP,IL32,SIK1,0.05157744884490967,30
9341,DNAJA1,TUFM,IGKV2D-28,0.032913289964199066,28
9342,HNRNPK,CYCS,SIK1,-0.009764395654201508,18
9343,GPX4,TUFM,REP15,0.013222575187683105,27
9344,IFITM2,CDK2AP2,CDK5R1,0.010145541280508041,23
9345,HNRNPK,IL11RA,SAMD10,-0.0348392054438591,14
9346,GSTP1,IL32,LINC00954,0.041454970836639404,33
9347,GPX4,JTB,UBASH3A,0.02655702270567417,29
9348,TMBIM6,COL15A1,LINC00954,-0.016130292788147926,16
9349,TXNIP,HSPD1,H4C11,-0.09775875508785248,11
9350,IFITM2,CDK2AP2,AGAP2,0.010144825093448162,23
9351,TXNIP,SFRP4,ZNF671,-0.10669510066509247,12
9352,DNAJA1,PIGR,SIK1,0.024998582899570465,23
9353,GSTP1,TUFM,KLRF1,0.005553519353270531,24
9354,CHCHD2,APRT,SAMD10,0.016004439443349838,27
9355,PPP1R15A,ID2,IL18RAP,0.004333957098424435,23
9356,TXNIP,PIGR,REP15,-0.12137190997600555,7
9357,BTG2,JTB,AURKB,-0.023237407207489014,18
9358,EID1,ID2,MRC1,-0.004060443490743637,21
9359,CHCHD2,FABP1,LINC00954,-0.0015127905644476414,22
9360,COX6A1,PIGR,KLRF1,-0.011503145098686218,21
9361,COX6A1,SFRP4,IL18RAP,0.008024065755307674,23
9362,PPP1R15A,CDK2AP2,AURKB,-0.010570386424660683,20
9363,HNRNPK,SFRP4,H4C11,0.00821779016405344,23
9364,CHCHD2,FABP1,IGKV2D-28,-0.0014894711785018444,22
9365,LGALS3,HSPD1,KRT7,0.009207462891936302,23
9366,CHCHD2,PIGR,AGAP2,-0.00022115914907772094,21
9367,GABARAP,IL32,MRC1,0.050214722752571106,30
9368,CHCHD2,HSPD1,SIK1,0.006813813000917435,23
9369,EID1,CDK2AP2,ZNF671,-0.0008435926283709705,22
9370,LGALS3,COL15A1,IGKV2D-28,-0.02824546955525875,16
9371,LGALS3,JTB,ZNF671,0.003325115889310837,22
9372,IFITM2,JTB,IGKV2D-28,0.01309925876557827,25
9373,TMBIM6,IL32,KLRF1,0.041980862617492676,29
9374,GPX4,SLC25A5,ZNF671,0.029347890987992287,27
9375,BTF3,CDK2AP2,SIK1,-0.0018285359255969524,21
9376,LGALS3,SFRP4,LINC00954,0.01775667443871498,25
9377,CHCHD2,CYCS,AURKB,0.015826547518372536,28
9378,EID1,APRT,KLRF1,-0.0049335407093167305,17
9379,GSTP1,IL11RA,CDK5R1,0.000760731752961874,22
9380,HNRNPK,SFRP4,KLRF1,0.004539955873042345,22
9381,COX6A1,COL15A1,SIK1,-0.008640865795314312,21
9382,DNAJA1,CYCS,AURKB,0.03111940249800682,27
9383,HNRNPK,SLC25A5,IL18RAP,-0.007238959893584251,19
9384,TMBIM6,IL11RA,UBASH3A,-0.012900641188025475,17
9385,DNAJA1,APRT,UBASH3A,0.03381578251719475,28
9386,PPP1R15A,CYCS,SAMD10,-0.004751686006784439,20
9387,CHCHD2,HSPD1,IGKV2D-28,0.007306589744985104,24
9388,GSTP1,IL32,IL18RAP,0.038897860795259476,33
9389,IFITM2,PIGR,IGKV2D-28,0.01149497926235199,24
9390,GSTP1,SFRP4,AGAP2,0.020565733313560486,29
9391,EID1,FABP1,IGKV2D-28,-0.019134802743792534,19
9392,LGALS3,CDK2AP2,AGAP2,0.013061393052339554,25
9393,GSTP1,HSPD1,AGAP2,0.030514921993017197,29
9394,CHCHD2,FABP1,AURKB,-0.0014956649392843246,22
9395,LGALS3,FABP1,IL18RAP,-0.05688309669494629,16
9396,TMBIM6,IL32,AGAP2,0.03956037014722824,29
9397,CHCHD2,IL32,IGKV2D-28,0.0361671969294548,33
9398,PPP1R15A,JTB,AURKB,-0.007114186882972717,20
9399,TXNIP,JTB,CDK5R1,-0.09687910228967667,12
9400,GPX4,HSPD1,IGKV2D-28,0.03793705999851227,28
9401,BTG2,CYCS,CDK5R1,-0.023010149598121643,16
9402,LGALS3,TUFM,KLRF1,-0.005256116855889559,20
9403,EID1,IL32,REP15,0.020015185698866844,29
9404,EID1,IL11RA,REP15,-0.02510366588830948,16
9405,TMBIM6,PIGR,ZNF671,-0.0003167114919051528,21
9406,IFITM2,APRT,AURKB,0.023788530379533768,28
9407,EID1,HSPD1,MRC1,-0.008520286530256271,21
9408,LGALS3,APRT,LINC00954,-0.0007227067835628986,22
9409,DNAJA1,CYCS,CDK5R1,0.031054913997650146,27
9410,IFITM2,PLP2,SIK1,0.017777446657419205,25
9411,TMBIM6,APRT,AGAP2,0.021179163828492165,27
9412,COX6A1,TUFM,SIK1,0.01624508760869503,24
9413,GSTP1,CYCS,H4C11,0.02390957996249199,28
9414,IFITM2,IL32,AURKB,0.032158929854631424,29
9415,EID1,HSPD1,KLRF1,-0.00852234661579132,21
9416,LGALS3,PLP2,AURKB,-0.019473079591989517,21
9417,CHCHD2,FABP1,REP15,-0.0007737696869298816,22
9418,DNAJA1,ID2,CDK5R1,0.030825132504105568,26
9419,IFITM2,FABP1,REP15,0.0006642676889896393,22
9420,GABARAP,COL15A1,AGAP2,-0.00474179070442915,21
9421,BTG2,SLC25A5,IL18RAP,-0.020648129284381866,18
9422,TMBIM6,ID2,SAMD10,0.015287691727280617,26
9423,GPX4,ID2,MRC1,0.021734772250056267,27
9424,COX6A1,SFRP4,UBASH3A,0.003589665750041604,23
9425,DNAJA1,IL11RA,UBASH3A,0.010905507951974869,26
9426,CHCHD2,IL32,MRC1,0.0361671969294548,33
9427,LGALS3,FABP1,MRC1,-0.05686292424798012,16
9428,TXNIP,SLC25A5,AURKB,-0.0905565619468689,9
9429,PPP1R15A,IL11RA,KLRF1,-0.02336542122066021,16
9430,LGALS3,IL11RA,ZNF671,-0.030786866322159767,14
9431,IFITM2,PIGR,SAMD10,0.012896746397018433,23
9432,TXNIP,IL32,REP15,-0.09701062738895416,12
9433,HNRNPK,JTB,KLRF1,-0.00623188354074955,20
9434,HNRNPK,JTB,AURKB,-0.005577264353632927,20
9435,PPP1R15A,CDK2AP2,IL18RAP,-0.0055466629564762115,21
9436,EID1,SLC25A5,IGKV2D-28,-0.0010163793340325356,22
9437,GSTP1,CDK2AP2,SAMD10,0.02676321007311344,26
9438,CHCHD2,COL15A1,KLRF1,-0.014966774731874466,17
9439,BTF3,HSPD1,IL18RAP,0.013424376025795937,26
9440,BTG2,PIGR,UBASH3A,-0.052665479481220245,13
9441,COX6A1,IL11RA,SAMD10,-0.0157876368612051,19
9442,LGALS3,SLC25A5,H4C11,0.011742115020751953,24
9443,LGALS3,PLP2,SIK1,-0.0228726789355278,21
9444,EID1,CDK2AP2,LINC00954,-0.0013741283910349011,22
9445,GABARAP,IL11RA,AGAP2,-0.012741152197122574,19
9446,TXNIP,FABP1,H4C11,-0.11963361501693726,6
9447,PPP1R15A,PIGR,SAMD10,-0.02475237101316452,19
9448,BTG2,APRT,REP15,-0.021677134558558464,19
9449,COX6A1,IL32,IGKV2D-28,0.020588353276252747,28
9450,TMBIM6,SLC25A5,IL18RAP,0.010698397643864155,25
9451,EID1,SFRP4,SAMD10,0.01441849023103714,25
9452,TMBIM6,COL15A1,IGKV2D-28,-0.01645715720951557,17
9453,GPX4,SLC25A5,KRT7,0.028913073241710663,27
9454,PPP1R15A,IL11RA,UBASH3A,-0.022355323657393456,16
9455,PPP1R15A,APRT,SIK1,0.0027180034667253494,24
9456,CHCHD2,APRT,SAMD10,0.016004439443349838,27
9457,GSTP1,TUFM,SAMD10,0.005812203511595726,24
9458,BTF3,SFRP4,SIK1,0.0075364853255450726,24
9459,BTG2,FABP1,KLRF1,-0.06464560329914093,11
9460,PPP1R15A,ID2,IL18RAP,0.004333957098424435,23
9461,HNRNPK,APRT,IGKV2D-28,0.0026513459160923958,23
9462,CHCHD2,FABP1,AURKB,-0.0014956649392843246,22
9463,LGALS3,TUFM,AGAP2,-0.005484233144670725,20
9464,COX6A1,JTB,UBASH3A,0.010517710819840431,24
9465,BTG2,FABP1,KLRF1,-0.06464560329914093,11
9466,BTF3,SLC25A5,ZNF671,0.01313740573823452,26
9467,PPP1R15A,JTB,ZNF671,-0.008449778892099857,20
9468,GABARAP,FABP1,IGKV2D-28,0.0012938125291839242,25
9469,IFITM2,IL32,IL18RAP,0.03230706974864006,29
9470,GABARAP,IL11RA,MRC1,-0.013905491679906845,19
9471,GPX4,HSPD1,H4C11,0.03691646084189415,27
9472,COX6A1,IL32,IGKV2D-28,0.020588353276252747,28
9473,BTF3,CDK2AP2,KLRF1,-0.002422772580757737,21
9474,TMBIM6,CYCS,AURKB,-0.0017078571254387498,21
9475,GABARAP,IL11RA,AURKB,-0.012879853136837482,19
9476,EID1,CYCS,KLRF1,-0.004850995726883411,21
9477,EID1,PLP2,CDK5R1,-0.007659211289137602,22
9478,GABARAP,FABP1,REP15,0.0029817468021064997,24
9479,COX6A1,TUFM,SIK1,0.01624508760869503,24
9480,DNAJA1,PLP2,SAMD10,0.008693689480423927,27
9481,TMBIM6,CDK2AP2,LINC00954,0.008849943056702614,24
9482,IFITM2,IL11RA,IL18RAP,-0.0004187575832474977,21
9483,BTG2,IL32,KRT7,-0.01262154895812273,20
9484,BTG2,IL11RA,SIK1,-0.04919184744358063,11
9485,GABARAP,IL32,CDK5R1,0.05389220640063286,30
9486,COX6A1,CDK2AP2,H4C11,0.008213452994823456,25
9487,COX6A1,IL11RA,MRC1,-0.016344333067536354,19
9488,COX6A1,HSPD1,SIK1,0.021608848124742508,29
9489,LGALS3,IL32,REP15,0.01882886327803135,27
9490,HNRNPK,JTB,KRT7,-0.005679684691131115,20
9491,GPX4,IL11RA,MRC1,-0.008202675729990005,20
9492,PPP1R15A,PLP2,IL18RAP,-0.013139539398252964,18
9493,DNAJA1,TUFM,IL18RAP,0.033888574689626694,27
9494,TMBIM6,APRT,MRC1,0.022632095962762833,26
9495,HNRNPK,SFRP4,IGKV2D-28,0.004524940624833107,22
9496,PPP1R15A,COL15A1,H4C11,-0.013887270353734493,17
9497,EID1,IL32,SAMD10,0.016009921208024025,30
9498,IFITM2,ID2,KRT7,0.008085888810455799,23
9499,CHCHD2,HSPD1,H4C11,0.01009565219283104,25
9500,GPX4,SLC25A5,H4C11,0.02866954356431961,27
9501,HNRNPK,HSPD1,KLRF1,0.0034925281070172787,24
9502,BTG2,APRT,SIK1,-0.024779072031378746,19
9503,CHCHD2,SLC25A5,UBASH3A,0.004678616300225258,27
9504,IFITM2,CDK2AP2,CDK5R1,0.010145541280508041,23
9505,GPX4,IL32,UBASH3A,0.05565314739942551,32
9506,BTG2,PIGR,H4C11,-0.05202007293701172,14
9507,PPP1R15A,FABP1,SIK1,-0.02369045466184616,15
9508,EID1,FABP1,IL18RAP,-0.019639048725366592,19
9509,GABARAP,PLP2,H4C11,-0.001767412293702364,21
9510,GPX4,HSPD1,ZNF671,0.03892027959227562,27
9511,BTG2,ID2,AURKB,-0.03229854255914688,15
9512,BTF3,IL32,CDK5R1,0.056259885430336,32
9513,GABARAP,HSPD1,IL18RAP,0.023680930957198143,30
9514,TXNIP,CDK2AP2,KLRF1,-0.10219454765319824,7
9515,BTG2,COL15A1,MRC1,-0.06800733506679535,11
9516,PPP1R15A,SLC25A5,KRT7,-0.012634236365556717,20
9517,BTF3,CDK2AP2,IGKV2D-28,-0.003526985878124833,21
9518,EID1,HSPD1,CDK5R1,-0.011204295791685581,20
9519,PPP1R15A,APRT,H4C11,0.0023190518841147423,24
9520,BTF3,JTB,ZNF671,0.0010860481997951865,25
9521,TXNIP,TUFM,REP15,-0.11261335015296936,7
9522,LGALS3,IL11RA,KLRF1,-0.02776581421494484,14
9523,EID1,APRT,AURKB,-0.005045749247074127,17
9524,GABARAP,COL15A1,MRC1,-0.004514380358159542,21
9525,COX6A1,PIGR,LINC00954,-0.008363055996596813,21
9526,BTF3,IL11RA,SAMD10,-0.002128003630787134,21
9527,COX6A1,PIGR,MRC1,-0.008587202988564968,21
9528,BTF3,TUFM,SIK1,0.018029920756816864,25
9529,GSTP1,SFRP4,IL18RAP,0.024530421942472458,29
9530,GSTP1,CDK2AP2,ZNF671,0.02919073775410652,26
9531,BTG2,PLP2,AGAP2,-0.041276343166828156,12
9532,COX6A1,PIGR,IL18RAP,-0.011324338614940643,21
9533,COX6A1,CYCS,LINC00954,0.013338574208319187,28
9534,LGALS3,PIGR,REP15,-0.021690648049116135,19
9535,COX6A1,CDK2AP2,KRT7,0.006203876342624426,25
9536,TXNIP,SFRP4,KRT7,-0.10639536380767822,12
9537,DNAJA1,SLC25A5,LINC00954,0.02760024555027485,25
9538,GSTP1,SFRP4,CDK5R1,0.0190105140209198,28
9539,DNAJA1,ID2,CDK5R1,0.030825132504105568,26
9540,BTF3,SLC25A5,AURKB,0.015184272080659866,26
9541,GABARAP,ID2,SAMD10,0.019185923039913177,26
9542,LGALS3,JTB,SIK1,0.00466924486681819,24
9543,PPP1R15A,CYCS,AURKB,-0.0037551820278167725,20
9544,GPX4,CDK2AP2,IGKV2D-28,0.03042137622833252,29
9545,EID1,PLP2,KRT7,-0.009874592535197735,21
9546,IFITM2,IL11RA,KRT7,0.0005835467018187046,22
9547,GABARAP,IL11RA,KRT7,-0.01311265118420124,19
9548,TXNIP,PLP2,AGAP2,-0.11109089851379395,4
9549,TMBIM6,IL32,CDK5R1,0.04330825060606003,29
9550,EID1,APRT,IL18RAP,-0.005077313631772995,17
9551,IFITM2,IL32,LINC00954,0.03133838623762131,29
9552,GPX4,CYCS,SAMD10,0.027752995491027832,25
9553,BTG2,IL32,KRT7,-0.01262154895812273,20
9554,EID1,ID2,SIK1,-0.003270528744906187,20
9555,GPX4,TUFM,KRT7,0.014564726501703262,27
9556,HNRNPK,COL15A1,SIK1,-0.014300242997705936,20
9557,COX6A1,TUFM,UBASH3A,0.013750962913036346,24
9558,BTF3,IL11RA,ZNF671,0.00809512659907341,23
9559,GSTP1,PLP2,CDK5R1,-0.0014321878552436829,21
9560,GABARAP,HSPD1,SIK1,0.023726120591163635,30
9561,CHCHD2,CYCS,ZNF671,0.015573550947010517,28
9562,IFITM2,CDK2AP2,LINC00954,0.009131727740168571,23
9563,GABARAP,IL32,KRT7,0.05208615958690643,30
9564,GPX4,PLP2,H4C11,0.011120602488517761,25
9565,GPX4,ID2,KRT7,0.02145843766629696,27
9566,IFITM2,IL32,REP15,0.031707514077425,29
9567,EID1,CDK2AP2,H4C11,-0.00028443551855161786,22
9568,CHCHD2,CDK2AP2,SAMD10,0.009135553613305092,24
9569,GABARAP,CDK2AP2,ZNF671,0.006630474701523781,29
9570,COX6A1,CYCS,KLRF1,0.012703356333076954,27
9571,PPP1R15A,JTB,REP15,-0.007615622133016586,19
9572,EID1,APRT,KRT7,-0.004950432572513819,17
9573,DNAJA1,IL32,KRT7,0.04519686847925186,34
9574,HNRNPK,IL11RA,CDK5R1,-0.03649205341935158,15
9575,COX6A1,FABP1,REP15,-0.01279948279261589,20
9576,GSTP1,PLP2,CDK5R1,-0.0014321878552436829,21
9577,GSTP1,PLP2,IL18RAP,-0.00047368681407533586,22
9578,GPX4,PLP2,ZNF671,0.013913760893046856,25
9579,BTG2,IL11RA,KRT7,-0.04996643215417862,10
9580,EID1,COL15A1,SIK1,-0.047220487147569656,14
9581,CHCHD2,FABP1,REP15,-0.0007737696869298816,22
9582,COX6A1,TUFM,KLRF1,0.013666173443198204,24
9583,GABARAP,JTB,H4C11,0.023081384599208832,31
9584,GPX4,SLC25A5,KRT7,0.028913073241710663,27
9585,DNAJA1,SFRP4,KRT7,0.036683399230241776,26
9586,GSTP1,CDK2AP2,AGAP2,0.02903781831264496,26
9587,PPP1R15A,COL15A1,SIK1,-0.014979801140725613,18
9588,CHCHD2,TUFM,MRC1,0.010463258251547813,26
9589,COX6A1,CDK2AP2,AGAP2,0.007590378634631634,25
9590,BTG2,ID2,H4C11,-0.02842690795660019,15
9591,TXNIP,JTB,SIK1,-0.0967937558889389,12
9592,DNAJA1,IL32,REP15,0.044016994535923004,34
9593,BTG2,JTB,IGKV2D-28,-0.023699842393398285,18
9594,LGALS3,SLC25A5,IL18RAP,0.005570105277001858,23
9595,EID1,CDK2AP2,REP15,0.002763123018667102,23
9596,IFITM2,ID2,MRC1,0.008129040710628033,23
9597,CHCHD2,JTB,CDK5R1,0.014871727675199509,25
9598,LGALS3,ID2,ZNF671,-0.03075343742966652,21
9599,BTF3,COL15A1,KRT7,-0.017996031790971756,17
9600,GABARAP,APRT,AURKB,0.022095952183008194,28
9601,CHCHD2,HSPD1,ZNF671,0.0070608826354146,24
9602,TXNIP,SLC25A5,CDK5R1,-0.08963245153427124,9
9603,DNAJA1,PIGR,KLRF1,0.024876784533262253,23
9604,GABARAP,PIGR,KRT7,0.0021546382922679186,22
9605,LGALS3,CYCS,IGKV2D-28,-0.003978391643613577,21
9606,BTG2,IL32,IL18RAP,-0.012785406783223152,20
9607,CHCHD2,IL11RA,LINC00954,-0.0019148465944454074,22
9608,BTG2,PIGR,AGAP2,-0.0529484860599041,13
9609,TXNIP,HSPD1,MRC1,-0.09939857572317123,11
9610,COX6A1,COL15A1,IL18RAP,-0.009305493906140327,21
9611,BTG2,SLC25A5,SIK1,-0.021698331460356712,18
9612,GPX4,FABP1,KRT7,-0.0015069862129166722,22
9613,TMBIM6,CYCS,UBASH3A,-0.002363678067922592,21
9614,TXNIP,ID2,MRC1,-0.11948584765195847,11
9615,DNAJA1,JTB,KRT7,0.021445833146572113,24
9616,TMBIM6,ID2,SIK1,0.011137433350086212,26
9617,TXNIP,SLC25A5,KLRF1,-0.08942084014415741,9
9618,BTG2,IL32,IL18RAP,-0.012785406783223152,20
9619,TXNIP,JTB,KLRF1,-0.09700162708759308,12
9620,HNRNPK,JTB,LINC00954,-0.004219478461891413,20
9621,GSTP1,SFRP4,UBASH3A,0.019133683294057846,28
9622,GABARAP,SFRP4,ZNF671,0.014981992542743683,27
9623,BTF3,JTB,H4C11,0.0011004286352545023,24
9624,BTG2,HSPD1,MRC1,-0.03964030742645264,16
9625,PPP1R15A,APRT,IL18RAP,0.007055073976516724,25
9626,PPP1R15A,COL15A1,SIK1,-0.014979801140725613,18
9627,LGALS3,TUFM,UBASH3A,-0.005205077119171619,20
9628,CHCHD2,IL32,KLRF1,0.035660721361637115,33
9629,BTG2,CYCS,AGAP2,-0.0226873941719532,17
9630,EID1,PIGR,IGKV2D-28,-0.009261954575777054,21
9631,TXNIP,TUFM,MRC1,-0.11416679620742798,7
9632,HNRNPK,SFRP4,IL18RAP,0.0055961646139621735,23
9633,CHCHD2,TUFM,IGKV2D-28,0.01264958456158638,26
9634,TXNIP,ID2,SIK1,-0.11958444118499756,11
9635,BTG2,SLC25A5,MRC1,-0.02084001898765564,18
9636,IFITM2,IL32,UBASH3A,0.034943703562021255,29
9637,CHCHD2,HSPD1,LINC00954,0.008670195937156677,25
9638,GSTP1,CDK2AP2,UBASH3A,0.03234010934829712,26
9639,LGALS3,JTB,MRC1,0.004636213183403015,24
9640,LGALS3,SFRP4,SAMD10,0.01754647307097912,25
9641,COX6A1,PLP2,H4C11,-0.003207338275387883,20
9642,IFITM2,FABP1,CDK5R1,0.0036429879255592823,22
9643,PPP1R15A,PIGR,IGKV2D-28,-0.0279073528945446,20
9644,TXNIP,CDK2AP2,KLRF1,-0.10219454765319824,7
9645,TMBIM6,COL15A1,SIK1,-0.015469813719391823,16
9646,GSTP1,JTB,AGAP2,0.017041770741343498,28
9647,TXNIP,PLP2,ZNF671,-0.111182302236557,4
9648,LGALS3,COL15A1,CDK5R1,-0.028591586276888847,16
9649,GSTP1,HSPD1,ZNF671,0.02650497481226921,29
9650,COX6A1,FABP1,UBASH3A,-0.015771355479955673,20
9651,IFITM2,COL15A1,MRC1,-0.02623271569609642,20
9652,HNRNPK,CYCS,IL18RAP,-0.00328942877240479,19
9653,BTF3,SLC25A5,H4C11,0.016228506341576576,26
9654,HNRNPK,APRT,SAMD10,0.0032485295087099075,23
9655,GABARAP,IL32,ZNF671,0.051295116543769836,30
9656,HNRNPK,JTB,AURKB,-0.005577264353632927,20
9657,EID1,PLP2,UBASH3A,-0.009337258525192738,21
9658,GSTP1,TUFM,AURKB,0.004919989034533501,24
9659,HNRNPK,HSPD1,ZNF671,0.005993710830807686,24
9660,DNAJA1,JTB,UBASH3A,0.02197066694498062,25
9661,BTG2,HSPD1,AURKB,-0.03705558553338051,16
9662,COX6A1,FABP1,KRT7,-0.01609400101006031,20
9663,HNRNPK,IL32,MRC1,0.028703320771455765,27
9664,EID1,IL11RA,AURKB,-0.028094850480556488,16
9665,GPX4,SFRP4,SIK1,0.029156554490327835,31
9666,IFITM2,JTB,CDK5R1,0.007284230552613735,26
9667,TXNIP,ID2,AURKB,-0.11684657633304596,11
9668,COX6A1,TUFM,REP15,0.015468331053853035,23
9669,DNAJA1,HSPD1,CDK5R1,0.03213929012417793,25
9670,GABARAP,FABP1,MRC1,0.0008028969168663025,23
9671,COX6A1,APRT,IGKV2D-28,0.01220228336751461,23
9672,EID1,TUFM,AGAP2,-0.00012024652096442878,22
9673,BTF3,FABP1,AURKB,-0.005220679100602865,21
9674,GABARAP,PLP2,KLRF1,-0.0009867418557405472,22
9675,CHCHD2,SFRP4,ZNF671,0.0075927115976810455,23
9676,HNRNPK,FABP1,H4C11,-0.024158727377653122,17
9677,BTG2,IL32,IGKV2D-28,-0.012539468705654144,20
9678,EID1,COL15A1,SAMD10,-0.043039239943027496,14
9679,GABARAP,HSPD1,REP15,0.01663973554968834,30
9680,TMBIM6,IL32,CDK5R1,0.04330825060606003,29
9681,IFITM2,CYCS,IL18RAP,0.019957493990659714,28
9682,CHCHD2,APRT,CDK5R1,0.01657828316092491,27
9683,PPP1R15A,APRT,CDK5R1,0.002097608055919409,24
9684,HNRNPK,PLP2,REP15,-0.019536737352609634,19
9685,GPX4,IL11RA,KLRF1,-0.007802152074873447,20
9686,TMBIM6,SFRP4,AURKB,0.015522635541856289,26
9687,GPX4,CYCS,MRC1,0.026989847421646118,25
9688,GSTP1,TUFM,AGAP2,0.006177208852022886,25
9689,PPP1R15A,SLC25A5,AURKB,-0.011897017247974873,20
9690,DNAJA1,PIGR,IGKV2D-28,0.025051020085811615,23
9691,COX6A1,JTB,LINC00954,0.010373203083872795,24
9692,DNAJA1,CDK2AP2,IGKV2D-28,0.027369264513254166,28
9693,GPX4,SFRP4,IL18RAP,0.03525921702384949,32
9694,LGALS3,FABP1,LINC00954,-0.03843596205115318,16
9695,IFITM2,CYCS,AURKB,0.01997559890151024,28
9696,GSTP1,SLC25A5,MRC1,0.03264414519071579,26
9697,TXNIP,PIGR,LINC00954,-0.12016282975673676,7
9698,HNRNPK,COL15A1,KLRF1,-0.013439927250146866,20
9699,GABARAP,PIGR,SIK1,0.007066241465508938,23
9700,EID1,HSPD1,KRT7,-0.008846936747431755,21
9701,COX6A1,HSPD1,SIK1,0.021608848124742508,29
9702,EID1,CDK2AP2,SAMD10,0.0016284906305372715,23
9703,CHCHD2,IL11RA,IGKV2D-28,-0.006351594813168049,20
9704,EID1,CYCS,KLRF1,-0.004850995726883411,21
9705,TMBIM6,SFRP4,IGKV2D-28,0.015522635541856289,26
9706,EID1,HSPD1,LINC00954,-0.008508482947945595,21
9707,GABARAP,TUFM,H4C11,0.018515434116125107,31
9708,LGALS3,PIGR,H4C11,-0.016947126016020775,20
9709,BTG2,PIGR,AGAP2,-0.0529484860599041,13
9710,GPX4,APRT,IL18RAP,0.025620561093091965,31
9711,LGALS3,PLP2,KLRF1,-0.022609299048781395,21
9712,GABARAP,IL32,REP15,0.051202625036239624,30
9713,GSTP1,SLC25A5,REP15,0.036812495440244675,26
9714,BTF3,FABP1,AGAP2,-0.00507707055658102,21
9715,EID1,CDK2AP2,ZNF671,-0.0008435926283709705,22
9716,PPP1R15A,TUFM,LINC00954,-0.00198602257296443,22
9717,COX6A1,JTB,ZNF671,0.010075959376990795,24
9718,EID1,JTB,LINC00954,0.00012537749717012048,22
9719,LGALS3,FABP1,UBASH3A,-0.05681367218494415,16
9720,GABARAP,FABP1,SAMD10,0.0029800175689160824,24
9721,EID1,PIGR,LINC00954,-0.006838787347078323,21
9722,BTG2,COL15A1,UBASH3A,-0.05953916907310486,13
9723,DNAJA1,APRT,KLRF1,0.03345917537808418,28
9724,TXNIP,SLC25A5,AGAP2,-0.08940711617469788,9
9725,HNRNPK,HSPD1,KLRF1,0.0034925281070172787,24
9726,CHCHD2,PLP2,UBASH3A,-0.0039610909298062325,20
9727,BTG2,CDK2AP2,KLRF1,-0.015239972621202469,19
9728,HNRNPK,COL15A1,AGAP2,-0.013215770944952965,20
9729,PPP1R15A,CYCS,SAMD10,-0.004751686006784439,20
9730,TXNIP,SLC25A5,IL18RAP,-0.09035253524780273,9
9731,TXNIP,CDK2AP2,MRC1,-0.0995888039469719,8
9732,BTF3,ID2,LINC00954,0.005697951652109623,23
9733,COX6A1,PLP2,SIK1,-0.007380824536085129,19
9734,TXNIP,HSPD1,IGKV2D-28,-0.09643856436014175,11
9735,IFITM2,PIGR,SIK1,0.00985359400510788,23
9736,LGALS3,PLP2,REP15,-0.022661566734313965,20
9737,BTF3,COL15A1,IL18RAP,-0.01783498376607895,17
9738,CHCHD2,SLC25A5,SAMD10,0.0032461967784911394,27
9739,LGALS3,SFRP4,CDK5R1,0.017680374905467033,25
9740,EID1,FABP1,IGKV2D-28,-0.019134802743792534,19
9741,PPP1R15A,FABP1,SIK1,-0.02369045466184616,15
9742,BTF3,CDK2AP2,IGKV2D-28,-0.003526985878124833,21
9743,EID1,SFRP4,REP15,0.013521761633455753,25
9744,IFITM2,PIGR,AURKB,0.012876766733825207,23
9745,TMBIM6,FABP1,IGKV2D-28,-0.006331887561827898,20
9746,GABARAP,FABP1,ZNF671,0.0005217030993662775,23
9747,GPX4,CDK2AP2,IL18RAP,0.030675102025270462,30
9748,TMBIM6,CDK2AP2,H4C11,0.0198657363653183,24
9749,GABARAP,COL15A1,REP15,-0.0018910854123532772,21
9750,BTF3,APRT,SIK1,0.01830807328224182,28
9751,HNRNPK,IL32,REP15,0.02993790991604328,27
9752,CHCHD2,IL32,MRC1,0.0361671969294548,33
9753,GABARAP,CDK2AP2,UBASH3A,0.010469087399542332,30
9754,CHCHD2,FABP1,AGAP2,0.00027314992621541023,23
9755,TMBIM6,COL15A1,IL18RAP,-0.016387300565838814,16
9756,PPP1R15A,FABP1,SAMD10,-0.023699406534433365,14
9757,GABARAP,APRT,UBASH3A,0.022095952183008194,28
9758,DNAJA1,COL15A1,LINC00954,-0.004221647046506405,20
9759,GSTP1,TUFM,IGKV2D-28,0.005931047722697258,24
9760,BTF3,PIGR,SAMD10,-0.00026856083422899246,21
9761,GSTP1,HSPD1,MRC1,0.029572175815701485,29
9762,COX6A1,CYCS,MRC1,0.013104931451380253,27
9763,GSTP1,HSPD1,SAMD10,0.029817095026373863,29
9764,DNAJA1,CDK2AP2,IL18RAP,0.03397674113512039,29
9765,LGALS3,JTB,KLRF1,0.004969753324985504,24
9766,COX6A1,HSPD1,ZNF671,0.020665276795625687,27
9767,EID1,TUFM,AURKB,0.0001666400785325095,22
9768,BTF3,CDK2AP2,IGKV2D-28,-0.003526985878124833,21
9769,COX6A1,COL15A1,LINC00954,-0.008842653594911098,21
9770,BTG2,ID2,ZNF671,-0.03538229316473007,15
9771,HNRNPK,IL11RA,AGAP2,-0.03444192558526993,15
9772,BTF3,IL32,SIK1,0.05938373878598213,32
9773,BTF3,PIGR,SIK1,0.0013403529301285744,23
9774,TXNIP,FABP1,UBASH3A,-0.12154138088226318,6
9775,HNRNPK,JTB,ZNF671,-0.00613898690789938,20
9776,LGALS3,ID2,ZNF671,-0.03075343742966652,21
9777,COX6A1,ID2,H4C11,-0.0017976275412365794,22
9778,TMBIM6,IL11RA,AGAP2,-0.013002954423427582,17
9779,HNRNPK,APRT,SAMD10,0.0032485295087099075,23
9780,IFITM2,FABP1,CDK5R1,0.0036429879255592823,22
9781,TXNIP,SFRP4,ZNF671,-0.10669510066509247,12
9782,TMBIM6,IL11RA,KLRF1,-0.012983289547264576,17
9783,CHCHD2,ID2,LINC00954,0.001140496344305575,23
9784,COX6A1,FABP1,MRC1,-0.01598631963133812,19
9785,PPP1R15A,APRT,AGAP2,0.0037998813204467297,24
9786,TMBIM6,SFRP4,ZNF671,0.006753113120794296,24
9787,HNRNPK,COL15A1,REP15,-0.01353738084435463,20
9788,IFITM2,APRT,AURKB,0.023788530379533768,28
9789,BTG2,IL11RA,KLRF1,-0.04913652688264847,10
9790,GABARAP,SFRP4,ZNF671,0.014981992542743683,27
9791,BTG2,PIGR,REP15,-0.05432736128568649,13
9792,LGALS3,CYCS,IL18RAP,-0.0041365912184119225,20
9793,BTG2,SFRP4,UBASH3A,-0.020569052547216415,20
9794,HNRNPK,HSPD1,UBASH3A,0.004742253106087446,24
9795,IFITM2,SFRP4,IL18RAP,0.02780432626605034,27
9796,GPX4,CYCS,LINC00954,0.027812421321868896,25
9797,CHCHD2,IL32,SAMD10,0.0364215150475502,33
9798,BTF3,TUFM,KLRF1,0.017825311049818993,25
9799,GABARAP,COL15A1,KRT7,-0.004780781455338001,21
9800,DNAJA1,ID2,AURKB,0.03045203536748886,26
9801,TMBIM6,JTB,AGAP2,0.009587246924638748,26
9802,TXNIP,JTB,H4C11,-0.09650763869285583,12
9803,IFITM2,HSPD1,SIK1,0.02646520733833313,27
9804,TMBIM6,JTB,SAMD10,0.007933168672025204,26
9805,PPP1R15A,SLC25A5,SIK1,-0.012009218335151672,20
9806,EID1,PIGR,H4C11,-0.008216486312448978,21
9807,GABARAP,HSPD1,H4C11,0.021273594349622726,30
9808,LGALS3,FABP1,KRT7,-0.057608865201473236,16
9809,GPX4,ID2,MRC1,0.021734772250056267,27
9810,TMBIM6,IL11RA,AGAP2,-0.013002954423427582,17
9811,LGALS3,SFRP4,SAMD10,0.01754647307097912,25
9812,CHCHD2,CYCS,AURKB,0.015826547518372536,28
9813,GPX4,FABP1,KRT7,-0.0015069862129166722,22
9814,GSTP1,CDK2AP2,H4C11,0.03230501711368561,26
9815,BTG2,IL32,KLRF1,-0.01251459401100874,20
9816,DNAJA1,COL15A1,KRT7,-0.00627781730145216,19
9817,IFITM2,SLC25A5,SIK1,0.018449798226356506,28
9818,COX6A1,IL11RA,CDK5R1,-0.021765395998954773,19
9819,HNRNPK,PLP2,UBASH3A,-0.019031189382076263,19
9820,CHCHD2,PIGR,AGAP2,-0.00022115914907772094,21
9821,GPX4,TUFM,REP15,0.013222575187683105,27
9822,EID1,CDK2AP2,SIK1,-0.000491829589009285,22
9823,COX6A1,IL11RA,SAMD10,-0.0157876368612051,19
9824,EID1,SFRP4,H4C11,0.015162205323576927,26
9825,IFITM2,PIGR,KRT7,0.012829184532165527,23
9826,BTF3,SLC25A5,REP15,0.013494327664375305,26
9827,BTG2,CDK2AP2,ZNF671,-0.020235206931829453,18
9828,TXNIP,COL15A1,KRT7,-0.13892841339111328,6
9829,TXNIP,PLP2,REP15,-0.11097772419452667,4
9830,BTF3,IL32,AGAP2,0.059447236359119415,31
9831,HNRNPK,COL15A1,CDK5R1,-0.013109621591866016,20
9832,TXNIP,IL32,ZNF671,-0.09647824615240097,12
9833,GPX4,JTB,KLRF1,0.026610231027007103,29
9834,EID1,FABP1,KLRF1,-0.02131003886461258,19
9835,PPP1R15A,FABP1,ZNF671,-0.023414207622408867,15
9836,LGALS3,IL11RA,SAMD10,-0.027344943955540657,13
9837,GABARAP,SLC25A5,KRT7,0.02322944812476635,26
9838,BTF3,CDK2AP2,UBASH3A,-0.002621798310428858,21
9839,GSTP1,PLP2,IL18RAP,-0.00047368681407533586,22
9840,PPP1R15A,TUFM,CDK5R1,-0.0018751927418634295,22
9841,EID1,CDK2AP2,H4C11,-0.00028443551855161786,22
9842,PPP1R15A,TUFM,REP15,6.572785787284374e-05,22
9843,TXNIP,CYCS,IL18RAP,-0.0959610790014267,9
9844,TXNIP,SLC25A5,LINC00954,-0.08967725932598114,9
9845,TMBIM6,PLP2,IGKV2D-28,0.002829788951203227,23
9846,BTG2,IL32,SIK1,-0.012561053037643433,20
9847,COX6A1,APRT,LINC00954,0.022826196625828743,24
9848,COX6A1,SLC25A5,IL18RAP,0.0007166161667555571,22
9849,IFITM2,PIGR,AURKB,0.012876766733825207,23
9850,LGALS3,ID2,KLRF1,-0.019704995676875114,21
9851,GSTP1,SLC25A5,SIK1,0.03144646808505058,26
9852,COX6A1,PLP2,IL18RAP,-0.007457138039171696,19
9853,HNRNPK,PIGR,SIK1,-0.006091773044317961,22
9854,HNRNPK,COL15A1,CDK5R1,-0.013109621591866016,20
9855,TMBIM6,ID2,KRT7,0.011307084932923317,26
9856,BTF3,CYCS,REP15,0.015033185482025146,28
9857,COX6A1,COL15A1,MRC1,-0.01653933711349964,21
9858,EID1,COL15A1,IGKV2D-28,-0.04363534227013588,14
9859,DNAJA1,SFRP4,LINC00954,0.036082182079553604,28
9860,GPX4,IL11RA,UBASH3A,-0.007880575954914093,20
9861,GSTP1,COL15A1,REP15,-0.009723655879497528,21
9862,IFITM2,HSPD1,ZNF671,0.02848835289478302,28
9863,GSTP1,PLP2,REP15,-0.00022880907636135817,22
9864,PPP1R15A,IL11RA,MRC1,-0.023994650691747665,16
9865,GABARAP,COL15A1,MRC1,-0.004514380358159542,21
9866,CHCHD2,APRT,AGAP2,0.016548730432987213,26
9867,HNRNPK,CDK2AP2,REP15,-0.0041269841603934765,22
9868,COX6A1,SLC25A5,CDK5R1,0.0008954758523032069,22
9869,COX6A1,COL15A1,IGKV2D-28,-0.008587855845689774,21
9870,CHCHD2,SLC25A5,IGKV2D-28,0.004643387161195278,28
9871,BTF3,SLC25A5,SIK1,0.015164196491241455,26
9872,GPX4,JTB,UBASH3A,0.02655702270567417,29
9873,BTF3,CDK2AP2,REP15,-0.004614854231476784,21
9874,HNRNPK,APRT,H4C11,0.002983270213007927,23
9875,GABARAP,IL32,H4C11,0.05348636955022812,31
9876,IFITM2,FABP1,REP15,0.0006642676889896393,22
9877,CHCHD2,PLP2,LINC00954,-0.0045869494788348675,20
9878,BTF3,PLP2,REP15,-0.005891567096114159,21
9879,GABARAP,ID2,KRT7,0.016863210126757622,27
9880,TMBIM6,FABP1,AGAP2,-0.007730576209723949,20
9881,CHCHD2,CYCS,AURKB,0.015826547518372536,28
9882,TMBIM6,TUFM,UBASH3A,0.005744569003582001,24
9883,GPX4,APRT,MRC1,0.02553124912083149,30
9884,IFITM2,CYCS,LINC00954,0.01992722973227501,28
9885,LGALS3,CDK2AP2,REP15,0.012518603354692459,25
9886,TXNIP,JTB,UBASH3A,-0.09166937321424484,12
9887,GPX4,CDK2AP2,ZNF671,0.025920424610376358,29
9888,GABARAP,TUFM,UBASH3A,0.015188554301857948,32
9889,DNAJA1,TUFM,UBASH3A,0.03292865306138992,27
9890,HNRNPK,JTB,CDK5R1,-0.005742610432207584,20
9891,EID1,JTB,KLRF1,0.0006787619786337018,22
9892,CHCHD2,SLC25A5,IGKV2D-28,0.004643387161195278,28
9893,GPX4,IL32,ZNF671,0.05570920556783676,32
9894,GSTP1,COL15A1,AURKB,-0.00620923051610589,22
9895,GSTP1,ID2,SAMD10,0.025858506560325623,28
9896,COX6A1,SLC25A5,REP15,-0.0012714965268969536,22
9897,TXNIP,IL11RA,ZNF671,-0.13384637236595154,6
9898,GPX4,COL15A1,KRT7,-0.0031393570825457573,22
9899,COX6A1,CDK2AP2,SAMD10,0.005911208689212799,25
9900,GSTP1,IL11RA,SIK1,0.0009313632035627961,22
9901,LGALS3,ID2,CDK5R1,-0.018976446241140366,21
9902,GABARAP,CYCS,H4C11,0.01883447729051113,32
9903,BTG2,APRT,IGKV2D-28,-0.02806609310209751,19
9904,GSTP1,IL32,REP15,0.04115554317831993,33
9905,BTG2,TUFM,IGKV2D-28,-0.02636365406215191,16
9906,BTG2,PLP2,IGKV2D-28,-0.04041605442762375,12
9907,EID1,COL15A1,ZNF671,-0.04194498062133789,14
9908,IFITM2,CYCS,IL18RAP,0.019957493990659714,28
9909,TXNIP,SLC25A5,AGAP2,-0.08940711617469788,9
9910,GABARAP,SFRP4,IL18RAP,0.028956688940525055,29
9911,BTG2,HSPD1,CDK5R1,-0.03766949474811554,16
9912,CHCHD2,APRT,IGKV2D-28,0.01629151776432991,27
9913,BTF3,CYCS,LINC00954,0.016354303807020187,28
9914,DNAJA1,COL15A1,MRC1,-0.007567802909761667,19
9915,HNRNPK,HSPD1,IL18RAP,0.003616214729845524,24
9916,BTF3,CYCS,UBASH3A,0.016493787989020348,27
9917,PPP1R15A,COL15A1,IL18RAP,-0.016844945028424263,18
9918,IFITM2,FABP1,KLRF1,-0.002110821194946766,22
9919,PPP1R15A,JTB,SIK1,-0.00807920191437006,20
9920,BTF3,ID2,H4C11,0.002275333274155855,22
9921,TMBIM6,PIGR,H4C11,-0.0003861391742248088,22
9922,DNAJA1,IL32,UBASH3A,0.04395192861557007,34
9923,HNRNPK,ID2,IGKV2D-28,-0.0029419981874525547,21
9924,IFITM2,PLP2,ZNF671,0.020288100466132164,24
9925,BTF3,SFRP4,LINC00954,0.012639060616493225,24
9926,IFITM2,PLP2,KRT7,0.01784757897257805,25
9927,TMBIM6,CDK2AP2,LINC00954,0.008849943056702614,24
9928,GABARAP,IL32,REP15,0.051202625036239624,30
9929,TMBIM6,COL15A1,IGKV2D-28,-0.01645715720951557,17
9930,PPP1R15A,JTB,KRT7,-0.007366535719484091,19
9931,GABARAP,IL32,IL18RAP,0.05103465914726257,30
9932,GABARAP,SFRP4,IL18RAP,0.028956688940525055,29
9933,GSTP1,FABP1,LINC00954,-0.000873869750648737,21
9934,GSTP1,FABP1,IL18RAP,0.0023775161243975163,22
9935,GPX4,JTB,AGAP2,0.026715783402323723,30
9936,EID1,FABP1,IGKV2D-28,-0.019134802743792534,19
9937,HNRNPK,ID2,KRT7,6.804754957556725e-05,22
9938,BTG2,JTB,REP15,-0.02307659015059471,18
9939,LGALS3,PIGR,H4C11,-0.016947126016020775,20
9940,HNRNPK,JTB,SIK1,-0.0038375104777514935,20
9941,TMBIM6,TUFM,KLRF1,0.005932028405368328,24
9942,GABARAP,SLC25A5,REP15,0.02447567507624626,25
9943,TXNIP,CDK2AP2,SIK1,-0.0956074595451355,7
9944,COX6A1,CYCS,REP15,0.012814586982131004,28
9945,GSTP1,SLC25A5,UBASH3A,0.03259364143013954,26
9946,DNAJA1,TUFM,CDK5R1,0.03229951858520508,27
9947,PPP1R15A,IL11RA,H4C11,-0.024139301851391792,17
9948,COX6A1,CDK2AP2,SIK1,0.008617956191301346,26
9949,PPP1R15A,TUFM,IGKV2D-28,-0.0014355853199958801,22
9950,TXNIP,CYCS,ZNF671,-0.10466405749320984,9
9951,CHCHD2,CDK2AP2,IGKV2D-28,0.007096839137375355,24
9952,BTG2,FABP1,REP15,-0.06178823858499527,12
9953,EID1,CDK2AP2,REP15,0.002763123018667102,23
9954,HNRNPK,COL15A1,IGKV2D-28,-0.013704651035368443,20
9955,DNAJA1,IL11RA,IL18RAP,0.016888409852981567,27
9956,GSTP1,IL11RA,REP15,-0.002660155761986971,21
9957,HNRNPK,COL15A1,SAMD10,-0.01272595301270485,20
9958,GSTP1,APRT,CDK5R1,0.02688564360141754,27
9959,GPX4,SLC25A5,LINC00954,0.029606100171804428,27
9960,GPX4,IL32,H4C11,0.054596953094005585,31
9961,GABARAP,FABP1,SAMD10,0.0029800175689160824,24
9962,TXNIP,SLC25A5,IGKV2D-28,-0.08871181309223175,9
9963,GABARAP,JTB,MRC1,0.021743636578321457,30
9964,GABARAP,SFRP4,SAMD10,0.020584728568792343,28
9965,PPP1R15A,CDK2AP2,AGAP2,-0.009841934777796268,20
9966,GABARAP,PIGR,IGKV2D-28,0.0021965911146253347,22
9967,COX6A1,SLC25A5,SAMD10,0.000970015418715775,22
9968,LGALS3,IL32,IGKV2D-28,0.0229650791734457,27
9969,PPP1R15A,JTB,KRT7,-0.007366535719484091,19
9970,TMBIM6,PLP2,AGAP2,0.0042875693179667,23
9971,IFITM2,IL11RA,REP15,-0.002016618847846985,21
9972,LGALS3,SFRP4,H4C11,0.01904638670384884,25
9973,BTG2,APRT,ZNF671,-0.026063933968544006,18
9974,GPX4,SFRP4,LINC00954,0.02845153771340847,31
9975,IFITM2,PLP2,SIK1,0.017777446657419205,25
9976,BTF3,IL11RA,ZNF671,0.00809512659907341,23
9977,HNRNPK,IL11RA,LINC00954,-0.036079492419958115,15
9978,LGALS3,IL11RA,IL18RAP,-0.027269847691059113,13
9979,HNRNPK,CDK2AP2,KLRF1,-0.006067081820219755,21
9980,BTF3,CDK2AP2,KLRF1,-0.002422772580757737,21
9981,LGALS3,CYCS,AURKB,-0.0040703024715185165,21
9982,LGALS3,TUFM,REP15,-0.002810938749462366,20
9983,COX6A1,PIGR,SIK1,-0.00020518770907074213,22
9984,GSTP1,COL15A1,UBASH3A,-0.009707868099212646,21
9985,GABARAP,IL32,IL18RAP,0.05103465914726257,30
9986,GPX4,IL32,REP15,0.055697206407785416,32
9987,EID1,FABP1,KRT7,-0.02011854574084282,19
9988,COX6A1,FABP1,SAMD10,-0.015885502099990845,20
9989,DNAJA1,SFRP4,LINC00954,0.036082182079553604,28
9990,PPP1R15A,APRT,UBASH3A,0.0025578660424798727,24
9991,GABARAP,ID2,ZNF671,0.01545938290655613,27
9992,CHCHD2,CYCS,IL18RAP,0.01576525904238224,28
9993,GPX4,HSPD1,ZNF671,0.03892027959227562,27
9994,CHCHD2,COL15A1,SIK1,-0.014841737225651741,17
9995,LGALS3,PIGR,SIK1,-0.022947289049625397,19
9996,BTG2,APRT,CDK5R1,-0.022773561999201775,19
9997,GABARAP,TUFM,H4C11,0.018515434116125107,31
9998,GABARAP,TUFM,ZNF671,0.012101845815777779,30
9999,CHCHD2,CDK2AP2,UBASH3A,0.007005377672612667,24
10000,LGALS3,APRT,AGAP2,-0.0035177033860236406,21
